:101000000002002029250000C524000081240000E2
:10101000D5240000E5240000F524000000000000B5
:101020000000000000000000000000006524000037
:10103000052500000000000019240000152500000F
:101040002FE10000E1F50000F5E90000E5280000CF
:10105000012900002FE100002FE100002FE1000036
:101060002FE10000BDE70000C3E700002FE1000012
:101070002FE100002FE100002FE100002FE1000030
:101080002FE10000ADE400002FE100002FE100009F
:101090002FE100002FE100002FE100002FE1000010
:1010A0002FE100002FE10000C9E70000CFE70000BA
:1010B0002FE100002FE10000000000000000000010
:1010C0002FE100002FE100002FE100001D290000AA
:1010D0002FE100002FE100002FE10000A5EF00004C
:1010E0002FE100002FE100002FE1000000000000D0
:1010F000000000002FE1000000000000392900007E
:101100002DE9F0415548564E564D9EB0082100F04D
:1011100055FD337803F0FF0013B91EB0BDE8F08130
:1011200002A800F034FDBDF80A304FF6F172934288
:1011300042D00CD840F2012293421ED0A3F20323E6
:10114000012BE6D804A902A800F0F8FCE1E74FF66D
:10115000F2729342DDD12B78022BDAD1424B1B780D
:10116000002B67D1414B4248B3F90030009341490D
:10117000414B00684FF47A7243E0039BABB193F9A3
:101180000C70BFB99C6859685F2C28BF5F24224649
:1011900006A813F0F0FD04F178030DEB03043748C3
:1011A00004F8607C06A913F0B3FC0398002107F053
:1011B00089FDAEE71B68E1E72B78022BA9D100235C
:1011C00006932B4B1F687B6901331DD0384612F004
:1011D000C6FD2B4BD3F80080044608F1010206A897
:1011E0001A6000F025F9A0B926482246414613F0BE
:1011F0008FFC1E4B2449B3F900300093234BC822C7
:10120000384612F04FFF84E7BB6838465B68984762
:10121000DFE71F4B1F4AC3F800801F4B1F481C60AD
:10122000069B1360104A012111702246414613F0BB
:101230006FFCDEE7174B1A4A1B680193164B1B68BD
:101240000093134B60211B6806A813F031FA06A91E
:101250000246144800F038FA84E700BF3007002047
:10126000100200202C030020F80200202E03002092
:10127000749301000C03002000020020105A0100AA
:1012800008030020165A01001C0300200802002059
:1012900004030020FC02002000030020255A010066
:1012A000345A0100405A010080B53248324CDFF810
:1012B000F09088B0082100F081FC304BD3F800801A
:1012C0004FF47A71404612F0CBFE2D4813F090FC9B
:1012D000012323702B4B029300262B4B00932B48AA
:1012E0000196334606224FF4806100F025FE2378F4
:1012F000A9F80000012B22D130460CF06DFE074604
:1013000006F05AF840222F21054621480CF09EF89D
:1013100010F0FF0408BF40241D4904A80CF022F976
:1013200010232202009342F010026B440921384638
:1013300006F051F8B04208DA164813F059FC4FF4A1
:101340007A71404612F08CFEF9E7284607F0DAFF82
:10135000002801DA1048F0E73346324604A9E8B223
:1013600008F084F908B90D48E7E7B9F9000000F082
:1013700091F9E4E7700700202C030020749301002A
:10138000485A0100525A01000111000030030020A8
:10139000405A01005B5A01007A5A0100945A010038
:1013A0002E03002070B504460D460F480021164656
:1013B00013F0AEFB1CB121880C4813F0A9FB0C48BC
:1013C00013F0A6FB0024295D0A48013413F0A0FBAA
:1013D000A64203D0084813F09BFBF4E7BDE8704039
:1013E000064813F005BC00BFB35A0100D45A0100EF
:1013F000E55A0100A45B0100946C0100AD8201007C
:1014000037B5034605460024084800940068D022FA
:1014100076210EF03DFA30B92878A0F158035842F1
:10142000584103B030BD2046FBE700BF380800201C
:1014300030B5032385B00025CDE9003504461848B2
:1014400003AB0068FA2276210CF0B0FF30BB9DF8A8
:101450000D309DF80C209DF80E101B0143EA02335D
:10146000104A128843EA1111C2EB13135200C2EB67
:10147000D1020D49B1F900104A430C495B43B1F95F
:1014800000101B134B439B1303EBE22303EB83037B
:1014900080331B122360012005B030BD2846FBE7D6
:1014A00038080020B4070020B2070020B007002051
:1014B0002DE9F043012885B00C4604DC604813F0A8
:1014C00097FB012416E04E685E49304613F041FC5C
:1014D000A0B9FF2303A88DF80C30FFF791FF9DF80A
:1014E0000C10594A594B5A48582918BF1A4613F03C
:1014F0000FFB0024204605B0BDE8F0835549304677
:1015000013F027FC054610BBA06812F06DFF0646DD
:10151000E06812F069FF84B22346B2B229464E4811
:101520000095ADF80C4013F0F3FA224600950DF14A
:101530000B03B1B228460EF0ABF904460028D9D10E
:1015400001220DF10B0103A8FFF72CFFD2E743495D
:10155000304613F0FEFB054628BBA06812F044FF9E
:101560000646E06812F040FF0746206912F03CFF93
:10157000C4B2BBB2B2B22946CDE90054384813F028
:10158000C7FA384813F034FB23460095BAB2B1B21B
:1015900028460EF087F904460028ABD101463248B0
:1015A00013F0B6FAA6E73149304613F0D2FB0546F0
:1015B00060BBA06812F018FF0746E06812F014FF45
:1015C0001FFA80F980462069ADF80C9012F00CFFEC
:1015D000431E7F2B064601D9254870E7CDE900055B
:1015E0001FFA88F3BAB22946224813F091FACDE9DE
:1015F0000065214B4A46B9B228460CF0D7FE044696
:1016000000287FF477AF1C4932469CE71B493046DF
:1016100013F09FFB00287FF46CAF039003A8FFF743
:1016200007FF174B174A1849B2F900200988B3F988
:101630000030164813F06CFA039A1548114656E725
:10164000F35A0100297C0100EB5A0100E95A01001C
:10165000205B01002C5B0100345B0100675B010033
:10166000705B0100AB5B0100AE5B0100CC5B010075
:10167000D55B0100FB5B0100B6070020335C010075
:10168000B0070020B2070020B40700203A5C010038
:10169000595C01000949B1F9083010B52BB149680E
:1016A0000748BDE8104013F033BA08810124042034
:1016B0004C6007F06DFA03482146F2E7140200205F
:1016C0006C5C0100975C0100F0B587B006460C46E3
:1016D000154601A9024602A80CF0AAFC002804DA6B
:1016E000274813F085FA07B0F0BD002321462A46AB
:1016F000184607F041FC044608B92248F1E70122E8
:10170000114687680BF0C4F9054628B91E4813F046
:101710006FFA294620460AE002AA002102F022FAC6
:10172000044638B9194813F063FA2146284607F0F1
:10173000C9FAD8E7019B8BB100231A46194618460F
:1017400006F03AFF054608B91148E0E7019B4268F8
:101750000BB1B3F9FA3153802C602C460D49234666
:1017600040F20222042005F0EFFD054608B90A48C0
:10177000CDE7012332463946084813F0C9F9B2E7EC
:10178000C05C0100EB5C0100175D01003C5D0100E5
:10179000625D01000000FFFF895D0100AC5D01009A
:1017A00070B5064B064E9B1B9C080025AC4200D131
:1017B00070BD56F8253098470135F7E7C49401000D
:1017C0009894010013B500200DF0D6FB014608B92E
:1017D00000F0C4FC084C204611F02EFA204612F00E
:1017E000D3F9064B0648009401224FF4806111F0B2
:1017F0002FFA02B010BD00BF3C080020D15D0100EF
:10180000EC090020704700004FF080435722C3F8D6
:101810001C25BFF34F8F0549054BCA6802F4E062EF
:101820001343CB60BFF34F8F00BFFDE700ED00E037
:101830000400FA050346D0E9072010B59C69141B83
:10184000A04201DA002010BD541C0240DC61F9D432
:10185000586A00EBC20203C982E803001A896FEAE2
:1018600042426FEA52421A81184600F011FC0120F0
:10187000E9E7000008B50E4B53F82130A3B11A79FF
:10188000042A0BD103C81A6982E8030018460C2108
:1018900000F072FA074B0120186008BD0146184697
:1018A000BDE80840FFF7C6BF4FF0FF30F5E700BFC7
:1018B0003C0E0020300E00202DE9F0411D46294B42
:1018C00053F82140284B1B880380064690462CB9CC
:1018D00085F310884FF0FF30BDE8F0812379042BA9
:1018E00036D0224B014620461F68FFF7A3FF78B190
:1018F00085F310883B79062B02D01D4B1B682BB15A
:101900001C4B4FF080525A60BFF36F8F0120E3E70A
:10191000B8F1000F02D185F31088DDE73B793E6115
:10192000062B14BF05210621384600F025FA04F1E4
:101930001400394600F0E2FA23896FEA43436FEA64
:1019400053432381204600F0A3FB85F31088D7E79B
:10195000D0E90001236983E803000C21204600F050
:101960000BFAF2E73C0E0020C00E0020340E0020DF
:10197000300E002000ED00E0F8B50246EFF31086CF
:1019800072B6344D2B680BB900F0E8FB5F6A002F8C
:1019900059D0D3E90640A04255D0601C9861186A1E
:1019A000044039B9596929B9611C03D186F31088FB
:1019B0002046F8BD002C4ADB07EBC40103C982E8CE
:1019C0000300596999B9002C2CDA0421184600F05B
:1019D000D3F986F31088204B4FF080525A60BFF342
:1019E0006F8F2B681B79042BCED00124E0E70D46C6
:1019F000002C55F80C1959610CDBD3E907209969C3
:101A0000511A8842A9BF511C4FF0FF320240D961E0
:101A100007EBC2022B6993E8030082E803002B79ED
:101A2000062B02D186F31088DFE7002328462B61BE
:101A30000C2100F0A1F9687986F310880E28D4D81B
:101A400000F0D6F9D1E74FF0FF340029AAD01A618F
:101A5000B7E700BF340E002000ED00E010B50146EE
:101A6000EFF3108472B6054B1B880380044B186893
:101A7000FFF7E0FE84F3108810BD00BFC00E002009
:101A8000340E002021230380FFF7F4BEEFF305831B
:101A9000DBB20BB1FFF7F6BF064B1B881BB29942B6
:101AA00001D1FFF7DBBFEFF3108372B60122FFF71E
:101AB00003BF00BFC00E002010B4EFF3058212F088
:101AC000FF0203D05DF8044BFFF7DCBF074B1B8818
:101AD0001BB2994203D15DF8044BFFF7BFBFEFF390
:101AE000108372B65DF8044BFFF7E6BEC00E00200F
:101AF000104B1B881BB29A422DE9F04106460C465A
:101B0000154601D100F02AFBEFF3108872B60A4B9C
:101B10001F680621384600F02FF996E803003C6163
:101B2000434684E80300012229462046BDE8F041EF
:101B3000FFF7C2BEC00E0020340E002038B5EFF310
:101B4000108572B60F4BB0F9002053F822400CB943
:101B500000F004FB2379062B04D085F310884FF0A6
:101B6000FF3038BD03C9236983E8030020460C21F8
:101B700000F002F9607985F3108800F039F901204E
:101B8000EFE700BF3C0E00200021FFF7F5BE01216A
:101B9000FFF7F2BE08B5EFF3108272B6064B1B6872
:101BA0000BB900F0DBFA586A10B1D3E90630C01A5D
:101BB00082F3108808BD00BF340E002008B5064B24
:101BC0004A1E1B681140586201D000F0C7FAC3E9F1
:101BD00006111A6208BD00BF340E002070B504461D
:101BE0000846EFF3108672B6236833B94FF0FF331F
:101BF000236086F31088012070BD11B986F3108828
:101C0000FAE70F4B1D680DB900F0A8FA032128462A
:101C100000F0B2F8236801330DD105F10C03236005
:101C20000023EB6086F31088064B4FF080525A6019
:101C3000BFF36F8FDFE72946204600F05FF9F1E739
:101C4000340E002000ED00E038B50446EFF31085B7
:101C500072B6006810B985F3108838BD431C02D1F4
:101C600000232360F7E750F80C3923600C2100F0C3
:101C700083F8236813B94FF0FF33236085F310888E
:101C8000034B4FF080525A60BFF36F8FE5E700BF00
:101C900000ED00E008B503790B2B04BF0C230371A2
:101CA000836A1A68934208D0B0F90610034812F00C
:101CB0002FFF03490D2000F089FA08BDD75D010010
:101CC000065E010010B5046844B123688B4206D15A
:101CD0009C4219BF1B6823600023036010BD1A4695
:101CE0001B68994202D09442F9D1F7E7002AF5D057
:101CF00013681B6813600368994208BF0260EDE730
:101D000070B5174C174E236835683BBB15B1284694
:101D1000FFF7C0FF00F0AEFB2368002BFAD00020D5
:101D2000114A00211160B3FA83F3104A52F82330AC
:101D30001C680C3C0B23AC4223710DD008B1FFF79B
:101D4000A9FF0B4BA16AB4F906201A801F31094A7A
:101D50003460022000F0D6FA204670BD2846DFE746
:101D6000EC0D0020340E0020300E0020F00D00207D
:101D7000C00E00200800061670B50A290379044633
:101D80000D461AD90A2B14D84279174B00F10C01D1
:101D900053F8220078B10068E06053F82200016037
:101DA00043F8221011494FF00043D3400A6813430F
:101DB0000B60257170BDE160F2E70A2BF9D940791B
:101DC000094E04F10C0106EB8000FFF77BFF6379FD
:101DD00056F82320002AECD104494FF00042DA40A3
:101DE0000B6823EA0203E3E7F00D0020EC0D00206E
:101DF0000B4B1B681A790A2A02D95B7983420DD9E9
:101E0000EFF30583DBB21BB1064B01221A6070476A
:101E1000054B4FF080525A60BFF36F8F704700BF81
:101E2000340E0020300E002000ED00E008B5EFF386
:101E3000108372B6094B0A4A1B880A4D1BB2002454
:101E400042F82340084A286813682146013B136082
:101E5000FFF792FF2C6000F0C9FA00BFC00E00200F
:101E60003C0E0020340E0020380E0020431E9BB292
:101E70001F2B05D8034B53F8200010B1C06A7047E0
:101E8000002070473C0E002010B5EFF30583DBB255
:101E90007BB9EFF3108472B6064B02211868FFF786
:101EA0006BFF84F31088044B4FF080525A60BFF3ED
:101EB0006F8F10BD340E002000ED00E0EFF31080B6
:101EC00072B60B4B1B681A790A2A07D95A79094B43
:101ED00053F8221011B1096843F8221080F31088DA
:101EE000054B4FF080525A60BFF36F8F704700BFB1
:101EF000340E0020F00D002000ED00E038B50B7925
:101F00000A2B01D900F02AF94C7901F10C020346A1
:101F1000006818B110F8075CA542F8D9C8601A60CB
:101F200038BD03460144814202D90268824201D091
:101F3000C01A70470430F6E70F2A2DE9F84F05461E
:101F40008A469046994633D810F003031DBFC3F16B
:101F50000402043B5B180B46A3F1340318BFAD1811
:101F600033F0030324D419F0080F05EB030416D053
:101F70002D60EFF3108B72B6274A0126114652F8F6
:101F8000047FC7B10136212EF9D18BF310886FF091
:101F90008A063EE012600432A242FBD3E9E72A46F9
:101FA000FAE702212046FFF7E7FE8BF3108830E0C6
:101FB0006FF015062DE036B22A4641F82640DDE9DD
:101FC0000A01E68000F0C4F90C9B144AE3624FF06A
:101FD000FF33C4E9083713682060013319F0010F9B
:101FE000C4E90377C4E90577A562C4F830A084F892
:101FF00005802771E7611360D3D10C212046FFF7DC
:10200000BBFE19F0040FD0D18BF310884046FFF7C8
:10201000EFFE3046BDE8F88F3C0E0020380E002061
:102020000C2808B503D8034B53F8200008B900F07A
:1020300095F808BDC48E010010B50346EFF3108477
:1020400072B6028902EA010022EA01021A8184F3CF
:10205000108810BD0C4A034610B51068EFF31084C9
:1020600072B6028913420CD103610721FFF784FE87
:1020700084F31088054B4FF080525A60BFF36F8F86
:1020800010BD84F31088FBE7340E002000ED00E063
:1020900010B50379048A072B03D0082B0CD0002439
:1020A00008E003891C4005D00C21FFF765FE054BB5
:1020B00001221A60204610BD03899C43EFD1012400
:1020C000F2E700BF300E002038B5054B1D6804460E
:1020D000FFF7C0FF21462846BDE83840FFF7ACBFF8
:1020E000340E002010B5EFF3108472B60389027924
:1020F0001943072A038A018104D0082A13D084F3E4
:1021000010880FE01942FAD00C21FFF735FE074B7B
:1021100001221A6084F31088054B4FF080525A60F8
:10212000BFF36F8F10BD8B43E9D1EDE7300E002078
:1021300000ED00E008B5EFF30583DBB243B9EFF340
:1021400010832BB9044812F053FDFFF79DFEFCE706
:102150000149032000F03AF8775E010008B57146A6
:10216000024812F0D5FCFFF7E5FF00BF895E0100D1
:1021700008B5FFF715FB034812F03AFDFFF794F896
:10218000002008BD925E01001FB5EFF3108372B608
:10219000074B029300230193064B0093072204236D
:1021A0004FF4C0610448FFF7C7FE00F01FF900BFFD
:1021B000D15E010071210000C20E002008B50DF0B3
:1021C0008FFBBDE8084010F0C5BA704708B50D4B4D
:1021D0001A680C467AB901221A60FFF7F6FF214609
:1021E000094812F095FC0DF0CFFB0A2012F0A2FC7A
:1021F000064812F0FDFCEFF3108372B600F092F87F
:10220000FFF702FBC4140020D65E0100F25E01005D
:1022100070B50D4600210446FFF7E0FC0D4E70B985
:10222000BFF35B8FE288BFF35B8F338812B21BB2C0
:102230009A4204D06DB901212046FFF7CFFC3388C4
:10224000BFF35B8FE380BFF35B8FA3880133A38071
:10225000012070BDC00E00200021FFF7D9BF000093
:1022600008B5BFF35B8FC188BFF35B8F0C4B1B8836
:1022700009B21BB2994201D0FFF770FF8388002B8F
:10228000FAD0013B9BB2838043B9BFF35B8FC3801D
:10229000BFF35B8FBDE80840FFF7D6BC08BD00BFA9
:1022A000C00E00200C4B0D4A10B540219A600C4C1A
:1022B000E02283F82220D9770022A0180132302AA8
:1022C00080F80013F9D11A6942F010021A615A69B4
:1022D00042F400725A6110BD00ED00E000100000F1
:1022E00000E100E0064BD3F8942042F00502C3F869
:1022F00094205A6A42F480325A620020704700BF2C
:1023000000ED00E0064B21F01F0142F00102C3F88E
:102310009800C3F89C100020C3F8A020704700BFAD
:1023200000ED00E008B5EFF30581C1F3080119B134
:102330000548103912F0ECFB044BD3F8F030DB0702
:1023400000D500BE08BD00BFFF5E010000ED00E04B
:102350001A4422F0030210B54FF0773442F8044CCF
:10236000540758BF4FF08834A2F104035CBF42F811
:10237000084CA2F108034FF0807243E902020D4AB3
:1023800043F80C2C0020032243E9052043F8201CCD
:1023900001220224194643E907246FF0020241F8A2
:1023A000242D0B2241F8042D013A032AFAD1A3F17E
:1023B000440010BD2D1E0000054B064A0648196852
:1023C000914201D1834201D3C01A70470433F6E72A
:1023D00000000020FEE7FEE700020020EFF3088087
:1023E0007047000000487047000000200023E1EE25
:1023F000103AEFF3148323F0040383F31488BFF33C
:102400006F8FEFF3108362B6024B4FF080525A6029
:10241000BFF36F8F00ED00E0114910B50C6872B684
:10242000FFF76EFC62B6A04208BF10BD2146BDE8B2
:10243000104049B1EFF309821EF0100F08BF22EDE2
:10244000108A22E9F04F0A600068B0E8F04F1EF0F1
:10245000100F08BFB0EC108A80F3098870470000A5
:10246000340E0020024B4FF080525A60704700BF7C
:1024700000ED00E030BF62B6BFF36F8F72B67047F9
:102480000D4B0E4A0E496846904203D8984201D936
:10249000002102E009468D460121042072460242D5
:1024A00002D1EFF3088001E0EFF309802DE9F00F8E
:1024B0006B4600F087F800BF5801002000000420A0
:1024C0000002002008B502490620FFF77FFE00BF8A
:1024D0000E5F010008B502490520FFF777FE00BF37
:1024E0001A5F010008B502490820FFF76FFE00BF20
:1024F0002D5F010008B502490920FFF767FE00BF04
:102500003F5F010008B502490A20FFF75FFE00BFE8
:10251000535F010008B502490B20FFF757FE00BFCB
:10252000655F0100704770471C4AD2F8883043F459
:10253000700310B5C2F88830FFF7F4FF6A46184BF5
:102540001848194693421DD3174B184A184883421E
:102550001BD3184B184A002093421BD321B1174AB2
:1025600017490120FFF7CEFEFFF7BCFEFFF7DBFFA8
:1025700000F03AF9FFF746F912F0C4FBBDE810404D
:10258000FFF702BE43F8040BDCE752F8044B43F8B4
:10259000044BDCE743F8040BDEE700BF00ED00E08E
:1025A00000000020FEE7FEE7000200207495010015
:1025B000F8020020F8020020F85900200800061652
:1025C0001F0000202DE9F04F9A46564B8FB09346DE
:1025D0009A6B03925A6B0492D3F82880DA6A0592B8
:1025E0001A6BDB6B0793504B06921A684F4B9A425B
:1025F00004460E4602D04E4812F0FAFA002E62D07F
:102600004C4812F0F5FA4C4B4C48198809B212F0BC
:102610007FFA00252F464A4812F0EAFA4146494817
:1026200012F076FA0599484812F072FA069947486E
:1026300012F06EFA0799464812F06AFA18F4004F41
:1026400003D00399434812F063FA18F0800F03D0C7
:102650000499414812F05CFA404812F0C9FA404827
:10266000594612F055FA002E29D11BF0080F53D00D
:10267000314B1E8836B23046FFF7F8FB3146024632
:10268000384812F045FA384812F0B2FA394637485D
:1026900012F03EFA6946364BC91A03D5354849420D
:1026A00012F036FA20468268C36801698C46416997
:1026B0008E46AD46514691E8F00F416800682E49BC
:1026C0000720FFF783FDD4E90230D4E90679D4E985
:1026D000001208902069099060690A9019F4007F3F
:1026E00026480B91CDE90C230CBF04F1200504F121
:1026F000240512F07DFA089B0B9900932048DDE930
:102700000C2312F005FADDE90912CDF800903B46E2
:102710001C4812F0FDF97EE7217F1B48103912F0AA
:10272000F7F9B0E700ED00E000000020FEE7FEE76B
:10273000735F0100895F0100C00E0020B85F0100D7
:10274000626001006B6001007B6001008B60010032
:102750009B600100AB600100BB600100CB60010029
:10276000D0600100E26001002161010052610100BE
:10277000580100207A610100A7610100CC5F0100CF
:10278000E75F010024600100FB600100BFF34F8F91
:102790000549064BCA6802F4E0621343CB60BFF3FD
:1027A0004F8F00BFFDE700BF00ED00E00400FA0519
:1027B0004FF0704393F8E02F062A12D1D3F8E40FBC
:1027C00010F00F000DD1D3F8E82F02F0F002302AFC
:1027D00008D1D3F8EC0F00F0F000B0FA80F0400917
:1027E000704700207047000008B5FFF7E1FF30B1E7
:1027F000134AD2F8FC3023F08073C2F8FC30FFF7A4
:10280000D7FF20B14FF080430322C3F8A025FFF784
:10281000CFFF30B14FF080430022C3F80C21C3F842
:10282000102100F097F8074B0122C3F84025FFF76D
:1028300039FDFFF7C3FCBDE808400DF042B800BF0A
:1028400000ED00E000E00140044B1B682BB1044B9D
:102850004FF080525A60BFF36F8F7047300E0020E8
:1028600000ED00E008B50C4B98420CD0B0F1402FC1
:102870000BD003F50033984209D003F5404398424A
:1028800007D0FFF76BFC002008BD0120FCE7022009
:10289000FAE70320F8E700BF0030004038B50D46E6
:1028A0001446FFF7DFFF0A4B43F82050094B43F86B
:1028B0002040094B1B56002B08DB0122590903F06D
:1028C0001F0302FA03F3054A42F8213038BD00BF66
:1028D000D8140020C8140020F88E010000E100E0A8
:1028E000FFF7DCBF08B5044A044B10681B68984723
:1028F000BDE80840FFF7A8BFC8140020D814002086
:1029000008B5044A044B50685B689847BDE8084026
:10291000FFF79ABFC8140020D814002008B5044A55
:10292000044B90689B689847BDE80840FFF78CBF50
:10293000C8140020D814002008B5044A044BD068FD
:10294000DB689847BDE80840FFF77EBFC814002049
:10295000D814002070470000EFF3108172B6094AC6
:1029600013680133012B136009D14FF0804200201E
:10297000C2F800011360D2F80031002BFBD081F3C4
:1029800010887047EC140020094A08B513680BB989
:10299000FFF7E4FBEFF3108172B61368013B13609D
:1029A0001BB94FF0804301225A6081F3108808BDA3
:1029B000EC140020084A107868B94FF080430121D8
:1029C000C3F81815C3F804019960D3F8041100295D
:1029D000FBD0012313707047E81400200BF031B8CE
:1029E0000346006838B10268904219BF136803605B
:1029F000002119601046704708B500B109B9FFF70A
:102A0000ADFB4B68002BFAD0EFF3108272B60B6867
:102A100033B903686BB11B680B6003681960016010
:102A2000406882F3108830B1BDE808400121FFF70B
:102A300059BB0960F3E708BD10B5EFF3108472B617
:102A4000FFF7CEFF84F3108808B10023036010BDA8
:102A500038B58569044685B10A4B18684369013366
:102A60000CD011F07CF923696A68C11A8A4226BF2A
:102A70009B181B1A00236B60206138BD83685B685C
:102A80009847F0E7749301008369084A10B504463B
:102A900010682BB15A68214611F0B7F9206110BDBA
:102AA0002146BDE8104011F097B900BF74930100B2
:102AB0008369002210B504465A60A06930B14368AA
:102AC00023B90368A36163699847F6E72046BDE828
:102AD0001040FFF7D9BF000070B505460C46EFF374
:102AE000108672B6FFF7B4FF05F118000368BBB992
:102AF00023600460AB69A34206D10F4B626818687B
:102B0000294611F082F9286186F310880B4B1B6867
:102B10002BB10B4B4FF080525A60BFF36F8F70BDDB
:102B200061685A68914203D3891A61601846DDE7EB
:102B3000521A23605A60DCE774930100300E0020C3
:102B400000ED00E070B504460D46EFF3108672B656
:102B5000FFF77EFFA36904F118022BB92046FFF7A7
:102B600093FF86F3108870BD13689D4202D01A4609
:102B70001B68F2E72B681360002BEFD05A68696876
:102B80000A445A60EAE70000034B4161C0E90230A1
:102B900000238361704700BFB12A000058B1037859
:102BA00043B1013810F8013F0BB901207047303BA9
:102BB000092BF7D90020704738B1054B0A0901F0FD
:102BC0000F019A5C5B5C027043700220704700BF8B
:102BD000FC8E0100F8B50D465700064610B18C1862
:102BE000A54201D13846F8BD304615F8011BFFF764
:102BF000E3FF0236F4E7F8B50E465700054610B17C
:102C00008C18B44201D13846F8BD284614F8011D8D
:102C1000FFF7D2FF0235F4E703461A460133117875
:102C20000029FAD1101A704707B5042201910DEB63
:102C30000201FFF7E0FF03B05DF804FB0E4A91428A
:102C400030B5034616D80A22012014468A420ED90E
:102C500063B103440A25B1FBF5F405FB14123032CD
:102C600003F8012D0A46092A2146F4D830BD6243F3
:102C70000130EBE70A20EBE7FFC99A3BFFF7DEBF25
:102C800038B5064B1B6804460D46986811F0FCFCED
:102C900029462046BDE838400FF072BDA40200204E
:102CA00007B5014601A8FFF787FF022101A8FFF73A
:102CB000E7FF03B05DF804FB07B501466846FFF780
:102CC000B3FF08216846FFF7DBFF03B05DF804FBA4
:102CD00010B50446FFF7A0FF01462046BDE81040AE
:102CE000FFF7CEBFD8B1E1B1002340EA0102D2071D
:102CF00009D5C2070BD5CA070BD581420BD2421AA0
:102D000008461146F7E7400849080133EDE7400857
:102D1000EFE74908EFE7091AEDD100FA03F1084699
:102D200070470146FBE72DE9F84306460D46144679
:102D30000AB9FFF713FA11462846FFF7D3FFA0425E
:102D4000F7D8A84239D8B5FBF0F1B4FBF0F2002572
:102D5000B1FA81F44FF0004EC4F120002EFA04FEC7
:102D6000C4F15F0C2B462C462F46DB1847EB0708B7
:102D700011EA0E0F18BF43F00103934278F10009E6
:102D800047464FEA44044FEA5E0E0FD39B1A68F1A0
:102D9000000744F00104002C0BDA3B4300D001345F
:102DA000C0F1200333713460BDE8F883002CF2D108
:102DB000013801356545D8D1EFE700200446EFE73B
:102DC000F8B5048906460F46154600200DB1B542F8
:102DD00018D13289716800230AF0B6FA04F13A0377
:102DE0000344B3F5803F24BF013080B279682044AA
:102DF0003A3000232022083180B20AF0A5FAC043FD
:102E000080B2F8BD23462A8969680AF09DFAAB684A
:102E10002D6823449CB2D9E72DE9F8430E4681463C
:102E20000321304605F046FF044608B9FFF796F93E
:102E3000022105F03FFF07460028F7D0A368032BC7
:102E400005D830460021BDE8F84305F03BBF0146F8
:102E500032462046D4F80480FFF7B2FF0028F0D1B4
:102E600098F80050892D0FD8842D11D8802D16D0B8
:102E700098F80010334640F20122032004F064FA6F
:102E80000028DED0BDE8F8836335EDB2012DEFD820
:102E9000A36879684246484602F07CFEE8E7238949
:102EA00079684246484600F051F8E1E738B50D46EA
:102EB000144600211A46032306F05EF828B1436841
:102EC00000221D705C709A70DA7038BD10B504462F
:102ED00060B190F90C30032B0BD10268FFF770FF43
:102EE00050B1636840BA5880002010BD6FF00D00EB
:102EF000FBE76FF04C00F8E76FF00100F5E742697F
:102F0000013201D010F02BBF83685B6818472DE9B0
:102F1000F041DDF81880154600220E461F46014696
:102F200008F108031046FFF7C1FF044650B140689E
:102F300076BA6DBA8680C58027B1424639460830D8
:102F400011F019FF2046BDE8F081000073B5064678
:102F50000C46002A3ED0072B3CD99188D088083BEC
:102F600040BA49BA009389B202F1080382B28120C3
:102F7000FFF7CDFF054668B3237EFF2B04F108025F
:102F800014BF04F11801002100F0ECFD044610B953
:102F90000146284609E000231A461946184605F05E
:102FA0000BFB054630B90146204602B0BDE8704033
:102FB00005F088BE43680EB1B6F9FA615E80064935
:102FC0002C602B4640F20222022004F0BDF901469B
:102FD0000028DED002B070BD0000FFFFF7B5099DEC
:102FE0000C4611461A464FF6FB739D4207464AD8D7
:102FF000009500238020FFF78AFF002846D0224654
:103000000021466800F0AEFD044630B9214811F0B9
:10301000EFFD0025284603B0F0BD43689DF8202051
:10302000DA7167B100231A461946184605F0C4FA4A
:1030300030B34368B7F8FA215A8004600446164B4F
:103040001868FFF75CFF032D89BFB0600836043DA8
:103050000C360023AB42DAB20FD11049234640F2BE
:103060000222022004F070F90028D2D16FF0080586
:103070000021204605F026FECCE7F2540133E9E7B3
:103080006FF00B05F4E76FF01505C3E76FF00B0564
:10309000C0E700BFBA610100789301000000FFFFA4
:1030A0002DE9F0471F46224B0546186816460C4688
:1030B000FFF725FF02218146284605F0FBFD03218D
:1030C0008246284605F0F6FD8046BAF1000F2BD067
:1030D00050B3DAF80400083003F066FCD8F80410A6
:1030E000032C01F1080C1CD98B68043CA9EB0302EA
:1030F0000C310B190C469C4202D14FF0FF310AE013
:103100000134601A013814F801ECC0B28645F2D0DF
:10311000A4EB0C0101393B462846B446BDE8F04714
:10312000604761460022E4E76FF01500BDE8F087D4
:1031300078930100F8B50D460221164605F0BAFD58
:10314000044608B9FFF70AF847680C49102207F14E
:10315000080011F055FD70B13B7AFF2B0BD03B7E80
:10316000FF2B06D1022D04D0042D04D1022E18BF4E
:1031700000242046F8BD0024FBE700BFB68F010005
:1031800010B50B4608241B6833B193F90C200132AB
:1031900002D09A681444F6E78268A24209D98B6883
:1031A00040684968121B9A4228BF1A46204411F011
:1031B000E2FD204610BD70B54FF0FF31054605F029
:1031C00079FD002406462DB93034AEB173682BB9B1
:1031D000FEF7C4FFAB682D681C44F4E7B3F90200A6
:1031E00004F0F0FA0028F3D0B0F82A31B268283B96
:1031F000A41A9C4228BF1C46204670BDF8B505465F
:1032000010460F4614461E46FFF7D5FF29460346D3
:103210003A460020FFF74AFE0546F8B1436836BA41
:103220005E6094F90C305A1C12D0022B05D1236831
:103230007BB193F90C3001330BD17CB194F90C3094
:1032400001330BD021462846FFF79AFF2468F4E7A4
:103250002468082614B1AA68B24201D82846F8BDED
:10326000A36868686168921B9A4228BF1A46304476
:1032700011F081FDA36824681E44EBE770B5054694
:1032800014460846BDB34FF0FF3105F013FD6268E8
:10329000064608320021284600F064FC044628B99E
:1032A00001462846BDE8704005F00CBDCEB17368FC
:1032B0000BB9FEF753FFB3F9020004F083FA0023C1
:1032C000194605461A46184605F076F9014608B92A
:1032D0002046E7E743680DB1B5F9FA515D800C600F
:1032E0000C460549234640F20222022004F02CF845
:1032F00001460028ECD070BD0000FFFF70B50C4601
:103300000246064601212046FFF714FF054658B144
:103310002246314600230120FFF770FF2A4621464E
:10332000BDE87040FFF7AABF70BD70B50C460646F9
:10333000002202212046FFF7FDFE054658B1224635
:10334000334600210220FFF759FF2A462146BDE8F7
:103350007040FFF793BF70BD70B50C46024606463D
:1033600003212046FFF7E6FE054658B122463146C6
:1033700000230320FFF742FF2A462146BDE87040A4
:10338000FFF77CBF70BD2DE9F047164604460246A4
:103390000F4630460421FFF7CDFE804680B330460D
:1033A000FFF709FF2246034604210020FFF77EFDB8
:1033B0000546F0B1D0F8049034464FF0000AA4B1AD
:1033C00094F90C30013310D021462846FFF7D8FE7F
:1033D00063689F4207D3A2681A4497423EBFFB1A14
:1033E000083B03EB000A2468E9E79AFA8AFAC9F86D
:1033F00004A0424631462846BDE8F047FFF73EBFED
:10340000BDE8F087002105F05DBC000008B5044967
:10341000102211F0F5FBB0FA80F0400908BD00BFA2
:10342000A68F010010B50A490822044611F0E8FBF6
:1034300048B12378FF2B08D1607800F00F00831E7D
:103440005842584110BD0120FCE70020FAE700BFB8
:10345000968F01002DE9F8430E46D1E90014054688
:103460000A4600232ABB5BBAA380A379FF2B02D1B3
:1034700019BB3B23A371E37913B94DBB4023E3711F
:1034800004F108073F491022384611F0B9FB04F156
:103490001809804678BB4846FFF7B8FF0246D0B10E
:1034A00010224146384611F0D4FB0123E37534461F
:1034B00050E0906812680344D4E70B7B023BDBB218
:1034C000022BD6D8304AD35CA371FF2BD3D1D0E7DF
:1034D00095F8F831D3E74946284604F04AFB0346FD
:1034E0000028E4D000F1100253F8041B47F8041B35
:1034F0009342F9D1DBE7284604F06FF94846FFF71D
:1035000085FF98B10024284604F06EF9002CCED037
:103510000321304605F0CEFB28B143681B7803F049
:10352000FD03852BC3D06FF07C0023E0394628468D
:1035300004F0F8FA0028E5DB284490F8304004F065
:103540001F04103C18BF0124DDE705F031FD98B1E0
:103550002060044694F90C30022B02D12068002828
:10356000F3D13146204605F094FB002807DA831C8E
:1035700008BF0020BDE8F8836FF00B00FAE70020D9
:10358000F8E700BFB68F01000C8F010010B50C46A4
:103590000AB9012010BDFFF75DFF0028F9D02046D1
:1035A000FFF730FF0020F5E738B50B680D460446FD
:1035B00008B9FEF7D3FD4A68B0F8FA11518000222D
:1035C00063B9B4F82A0190420CD22946FFF7ADFE48
:1035D00028467A21BDE8384005F074BB99681B681D
:1035E0000A44EDE7EFF3108172B6D4F8AC20013253
:1035F000C4F8AC202A68BAB9D4F8B4201A44C4F884
:10360000B42081F31088204604F0C2F880B10D493F
:103610002B4640F20222012003F096FE88B928468C
:10362000BDE83840FFF7EEBE906812680344E2E759
:10363000B4F9FA0140F20222294603F07AFE00288A
:10364000EDDD38BD0000FFFF002370B505460C46D8
:1036500042F0400619461A46184604F0ADFF0146EE
:1036600020B92846BDE87040FFF7CCBE43681E7104
:103670000560EFF3108272B6D4F8A8300133C4F8B5
:10368000A83082F310882046BDE87040FFF78CBF59
:103690002DE9F04390F90C30013389B00646884695
:1036A00024D144680CB9FEF759FDB4F9020004F0C6
:1036B00089F805463046277905F07AFC07F03F0780
:1036C000014628B9304609B0BDE8F043FFF79ABE7D
:1036D00005F022FB064696F90C30022B09D0162184
:1036E000304609B0BDE8F04305F0ECBA00273D468E
:1036F000F1E7706855491022183011F081FA00285E
:10370000EDD0304605F054FC04460028DAD043687A
:103710001A7EFF2A3AD125B904F047F878B9204635
:10372000D1E7014642462846FFF730FF80B13A46CE
:103730002946204609B0BDE8F043FFF785BF411E8A
:10374000204605F08DFB284604F02DF8054610B9FB
:1037500009B0BDE8F083B8F1000F10D0204605F0A5
:1037600027FC06460028DAD001462846FFF772FEFD
:1037700030B1B442D3D03046FFF744FECFE72646FF
:103780003A4629463046FFF75FFFDCE703F11809A8
:10379000484604F0C9FA8542064605D04846FFF778
:1037A00041FE002818BF00264846FFF72FFE00B94B
:1037B000AEB1424621463046FFF7E8FE0028C7D0AA
:1037C000204605F0C1FA0028A9D12149234640F23C
:1037D0000122022003F0B8FD0028B9D19FE701AB18
:1037E00022462946484602F0E7F80028B0DBBDF83B
:1037F0001C00C0F3041003F0E5FF054600283FF469
:1038000052AF42462146FFF7C1FE0028A0D0314604
:103810009DF81E3005AA304604F0CEFE014618B9C8
:103820002046FFF7EFFD93E743681F710460EFF355
:10383000108272B6D5F8A4300133C5F8A43082F3F3
:1038400010882846FFF7B0FE82E700BFB68F010060
:103850000000FFFF2DE9804889B000230593A3F500
:1038600080330693AD4BAE481B88ADF81C30082161
:10387000FEF7A4F905A9022005F08AF9DFF8A8A24D
:1038800040F20523ADF80E3040F2022901A8FEF700
:103890007EF9BDF80610B1F5017F0BD8494500F25D
:1038A0002C8140F20123994219D04945EED102986A
:1038B000012119E1A1F59F43403B9BB2152BE5D8AF
:1038C00001229A4012EA0A0240F01F81152B00F0F3
:1038D0002081142BDAD1029801F0B6FFD6E7029EC0
:1038E0000EB9FEF73BFC4FF0FF31304605F0E2F930
:1038F000804680B34368002BF3D0B3F9020003F095
:1039000061FF05460028ECD0EFF3108072B6D5F8C1
:10391000B8300133C5F8B8300022334699681B68C7
:103920000A44002BFAD1D5F8BC30D8F808105B1A3D
:103930001344C5F8BC3080F3108873683BB1B2689B
:10394000272A04D91B7803F0F003602B05D03046FA
:10395000FFF758FD9AE70546EFE7304605F028FBEC
:1039600004460028F3D00222282105F043FB00235F
:103970002373034608B92046EAE74768F87920B977
:103980002146FFF7E9FC742177E0B988BE798AB255
:1039900049BA89B20AB93B2EEDD19C42A26859D0EE
:1039A000914256D2204605F08FFB07F1180B58467E
:1039B000FFF72CFD70B95846FFF734FD08B1002D14
:1039C0005FD1584604F0B0F90546B0FA80F04009DE
:1039D00000285CD1292E00F08A803A2E00F08980E0
:1039E000A6F11102534253419B002373314602203A
:1039F00005F037F9002801DC3A2E7CD10121204660
:103A000005F02EFA0127474994F90C00234640F2AD
:103A1000012203F099FC10B92046FFF7F3FC87B1AF
:103A20003A2E03D10121204605F01AFA234640F22E
:103A300001223146022003F087FC10B92046FFF72F
:103A4000E1FC3A2E7FF422AF21462846FFF7E4F945
:103A50001CE7234600229868024493F90C000228D0
:103A600002D01B68002BF6D1283A91429DD9391D0E
:103A700022460020FFF787FC1621204605F022F998
:103A800004E7584604F050F9B0FA80F09FE707F1D8
:103A90000800FFF7C7FC05465846FFF7C3FC3DB9D1
:103AA00068B13B7EFF2B3FF466AF2146032003E065
:103AB0000028F6D121460220FFF720FC5BE7FB79C6
:103AC000013BDBB2FB71002B3FF45AAFB8F1000FA2
:103AD00003D04146204605F01FF9204605F057F96E
:103AE00000283FF4D3AE0021FFF7D2FDCEE602233B
:103AF0007BE7032379E7002785E76FF0850303A9B8
:103B000001A80493FEF71AF8C0E6029802F0ACFC94
:103B1000BCE60298114601F0D9FEB7E6C00E0020BF
:103B2000F41400200000FFFFEFFB06001FB5094C56
:103B3000B4F9000060B9084BCDE90103074B0093CD
:103B4000042203464FF470710548FEF7F5F9208012
:103B500004B010BDF0140020D461010055380000FD
:103B600034150020F8B50C46174602232822002100
:103B700005F002FA064608B3456805F10800FCB1F5
:103B8000214604F1100351F8042B40F8042B99420C
:103B9000F9D105F11800C7B1394607F1100351F802
:103BA000042B40F8042B9942F9D1602200232A709B
:103BB000FF226B70AB70EB70AA71EB713046F8BDF1
:103BC0001022214611F045F8E3E71022394611F0A2
:103BD00040F8012385F82730E7E70000F8B50446F0
:103BE00015460E4609B90020F8BDD1F82C71FA042B
:103BF000F9D51949082211F003F838B12378FF2BC1
:103C0000F1D1637803F00F03022BECD1FB0701D451
:103C1000FEF7A4FA96F8F90105F1100204F1080183
:103C200009F02AFE10F0FF00DDD0A8762B4604F143
:103C3000100254F8041B43F8041B9442F9D1B6F85F
:103C4000FA311B0103F4F87343F4806343F0060375
:103C50002B830120C8E700BF968F01002DE9F843B0
:103C6000064604F061F80446002861D003F0B5FD73
:103C7000B4F9FA11002000F093FF054670B1006816
:103C800000F028FD50B12B68B4F9FA11B3F86420A4
:103C9000C2F3041291420CD0FEF760FA002384F8BC
:103CA0002731204602F096FB2046BDE8F84303F09A
:103CB0009BBD043318463246214600F06BFA31466C
:103CC000204603F02FFF0028E6DB211891F8303062
:103CD00003F01F02102A28D003F00702013A012A3C
:103CE000E2D80133D4F8208181F83030050105F1A4
:103CF000F406104B1048B3F9009026443146FEF705
:103D000021FF05F1320760190023C0E93D3827443F
:103D100044F6CF73A0F8FE30C0F80071A0F8FC9014
:103D200031460548FEF7D8FEBEE74EF66028DDE7CF
:103D3000BDE8F883F0140020F41800202DE9F347C3
:103D40000D46DDE90AE81F46044608B9FEF706FA03
:103D5000D0F82C6116F4805F03D1042002B0BDE8D6
:103D6000F08793F80190B9F1020FF6D192F800C0F4
:103D7000BCF1880F40F08480F607EED590F854210E
:103D80006B4600F5A67104F089FB0828E5D1DDE952
:103D90000002B968FB689A4208BF8842DDD1BB784F
:103DA000012B48D0022B4CD0002B42D105F1180139
:103DB0002046FE8803F0B6FE00281FFA86F8CCDB0A
:103DC000B8F5807F18BF76BA04EB00021EBFB6B20A
:103DD0004EF660235E4392F830304FEA001523F030
:103DE0001F0343F0100305F1F40882F83030A044BB
:103DF0002A4B2B48B3F900A018BFA6F56A464146E6
:103E000014BF603E47F2305605F13209FEF79AFEC4
:103E100060190023C0E93D36A14444F6CF73A0F8F1
:103E2000FE30C0F80091A0F8FCA041461C48FEF707
:103E300053FEB87892E705F11801204604F004F922
:103E4000F7E7B4F9FA1105F1080000F0A9FE0646FB
:103E500000283FF47BAF00F06BFE002000F08AFEEC
:103E600028B984F82701204602F0B4FAE1E7336864
:103E7000002B3FF46BAF05F11800FFF7EFFED8E71A
:103E8000B4077FF56AAFBCF1870F7FF466AFCDE969
:103E90000AE802B0BDE8F04700F088B8F01400204E
:103EA000F4180020F8B54378032B054602D000240F
:103EB0002046F8BD083001F0A9F804460028F6D0E5
:103EC0006B88AA88ED885BBA52BA9BB243EA024378
:103ED000AAB23AB36DBAADB24EF66022554322692A
:103EE0009A4209D32361134B1868436901331CD0EC
:103EF0000FF035FF284460610F4B1048B3F9007094
:103F000004F118063146FEF71DFE0023C4E906350C
:103F100044F6CB7309486384646227843146FEF714
:103F2000DBFDC5E742F21075D6E783685B6898470A
:103F3000E0E700BF74930100F0140020F4180020A3
:103F4000F7B515468A784878412A34BF02230323FF
:103F5000984227D1CC88CB78A7B264BA03F00F0679
:103F6000A4B2C3F30013009308312346304606F091
:103F7000D3FF0DB9FEF7F2F8F108F64306F0070695
:103F8000012305F12902B340505CDBB247B920EAB6
:103F9000030353544EF6602303FB04F003B0F0BD5B
:103FA0000343F6E74FF0FF30F8E700002DE9F04754
:103FB00001F1080906460F46904647491022484637
:103FC000DDE908A41D4610F01BFE00287FD0BAF1E1
:103FD000000F7CD05CB194F86630DA0707D5082270
:103FE000A91804F1140010F00BFE002869D1EB8829
:103FF000002B61D0534642463946304600F0F0F976
:10400000B6F9FA11484600F017FC0446002860D0C3
:1040100000F1140705F1080808224146384610F05F
:10402000EFFD38B1B4F8643003F4C06313B101207C
:10403000BDE8F087AB686361D8F804307B60ED8839
:10404000264B2748B3F9008004F154073946FEF7A0
:1040500079FD6DBA00236365ADB24EF660235D4312
:1040600044F6C973A4F85E301D48A5652466A4F81B
:104070005C803946FEF730FDB4F864206FF04103F0
:1040800002F007021341DB070CD50EB9FEF766F804
:10409000134804F12401FEF755FD03222146304662
:1040A00000F084F9B4F8643023F4C06343F480630F
:1040B000A4F864300020BBE74CB1204600F016FCA9
:1040C000F8E7B4F8643003F4C063002BAFD10420E8
:1040D000AEE70220ACE700BFB68F0100F01400206D
:1040E000F418002073B5069E1C460BB9FEF736F88F
:1040F0000025CDE90065FFF721FEC31EDBB2012BD1
:104100000AD9E18849BA2B4604F1080289B202B003
:10411000BDE8704008F05BBB284602B070BD0000EF
:104120002DE9F0411F460B4B144605460E460A4842
:10413000B3F900801146FEF705FD0023C4E90037FE
:104140006681E560A4F8088021460348BDE8F04197
:10415000FEF7C2BCF0140020F418002038B5154654
:1041600004461A4691B190F86830934204D0023167
:104170001C3010F045FD58B9B4F86410B5F9FA31A7
:10418000C1F30411C81A18BF012038BD0846FCE766
:104190000120FAE7F0B5074685B015461E460C46E5
:1041A00009B9FDF7DBFFB1F9FA11002000F0F8FCC6
:1041B0004DB3D4F82C31DA0425D520B30068B4F916
:1041C000FA21B0F86430C3F304139A421BD131468C
:1041D000043009F0DCF8B0B1D4F82C31DB0710D58D
:1041E00094F8542102AB04F5A671204604F056F968
:1041F000082806D1002302AA0F21184608F0E7FA82
:1042000010B905B0F0BD0020009033462A46214683
:10421000384602F0B5FEF4E770B50446B0F8640025
:10422000C0F304100E4603F0CDFA054608B9FDF7B9
:1042300095FF03F0D2FA16B1002384F86730231DEE
:10424000184600222946FFF7A5FFD5F8203104F1D2
:10425000240244F6C0712046FFF762FF284603F0AF
:10426000C3FA94F86730013384F8673070BD2DE9E4
:10427000F043B0F8643013F0070585B00446884673
:1042800079D06A1E012A71D8C3F3041003F09AFA98
:1042900044F6C1710746204600F0C0FF81460FB9C1
:1042A000FDF75CFF384603F098FAD7F82061B14576
:1042B00056D9B8F1000F02D0002384F86730012DE1
:1042C00028D194F8673040F2DC51023B4FF4FA7089
:1042D0004FFA83F95FFA83F80BF0F4FBA0F5FA7359
:1042E000B3F57A7F8446DBD2B8F1110FD8D805FA3E
:1042F00009F5A5FB0656A5FB000100230CFB0611E2
:104300004FF47A720FF0DAFE4EF66023984228BF1F
:104310001846064640F2FF220023CDE900234FF065
:1043200080730293FF238DF80C30637C8DF80D3081
:10433000638AADF80E3000226B463946201DFFF728
:1043400029FF334604F1240244F6C1712046FFF7E9
:10435000E7FE94F86730122B9CBF013384F8673076
:10436000384605B0BDE8F04303F03EBA05B0BDE8FD
:10437000F043FFF751BF05B0BDE8F08310B5044628
:10438000D0F8E80000EB500140080BF09BFB04F173
:10439000A402C4F8EC00044B204644F6CE71BDE8FC
:1043A0001040FFF7BDBE00BF00DD6D00B1F8643006
:1043B00023F00703134370B50446A1F864300D469B
:1043C000164603F00AFA34B1D4F8C0301BB13246B5
:1043D000291D032098472046BDE8704003F004BA29
:1043E0002DE9F84391469846054608B9FDF7B6FE13
:1043F00001F10807B0F9FA11384600F01DFA044639
:1044000028B190F8663013F0010F08BF0024D5F8EA
:104410002C31DA07EAD595F8F901414609F042FA5C
:10442000061E09DB54B9B5F9FA110322384600F02B
:104430009BFA0446002842D1BDE8F88394F868301E
:10444000B34207D1324608F1020104F11C0010F01A
:10445000D7FB98B1D5F82C2141F20203934303D145
:1044600099F80030852B09D01E4804F12401FEF78D
:1044700069FB032221462846FFF798FF94F866302F
:10448000DB07D9D599F80030862B23D1B4F8642006
:1044900042F00802A4F86420D5F82C1141F202027F
:1044A0008A4301D1852BC7D084F86860324608F171
:1044B000020104F11C00BDE8F84310F05CBC99F85F
:1044C0000030872B02BFB0F8643023F00803A0F857
:1044D0006430D3E7872BDFD0B4F8642022F00802E1
:1044E000D8E700BFF418002038B50446B0F86400DF
:1044F00000F00703042B12D0062B12D10325C0F3C2
:10450000041003F05FF92A462146FFF74FFF052DFF
:1045100007D120460121BDE83840FFF7A8BE052598
:10452000EDE738BD70B505460C460622FFF73EFFA5
:10453000D5F81C3104F12402204644F6C771BDE8C9
:104540007040FFF7EDBD00002DE9F0470546174626
:104550001E460C4609B9FDF701FE0028FBD06BB1E1
:10456000D0F82C31D907F6D590F8F901314609F089
:1045700099F9B0F1000802DABDE8F0879846B4F87E
:10458000649009F00709B9F1020F0FD097F800A065
:10459000BAF1880F02D13B799A0607D443462A46DE
:1045A00031462046FFF7DAFD002851D0002E47D0D3
:1045B00084F868804246B11C04F11C0010F0DBFB5B
:1045C0003B78882B02D13B795B063CD4284804F128
:1045D0002401FEF7B7FA032221462846FFF7E6FE3C
:1045E0003B78882BC8D13A79900602D4B9F1020FF2
:1045F0000AD1B4F8643011065ABF23F008039BB205
:1046000043F00803A4F864305206B5D4B4F864301B
:1046100003F00703062BAFD143462A463146204616
:10462000FFF79CFD0028A7D004F124011048FEF7F5
:1046300089FA214628460322BDE8F047FFF7B6BEB7
:1046400084F86860BCE721462846FFF76BFFC7E7A0
:10465000BAF1880F90D1B9F1000F8DD03B795B068C
:104660008AD521462846BDE8F047FFF75BBF00BF6B
:10467000F41800200122FFF799BEB0F8642002F080
:104680000703022B10B5044604D0052B0AD0012BDA
:1046900013D010BD90F86730022B15D9BDE810403B
:1046A00000F024B990F86730022B06D9C2F3041049
:1046B00003F088F82146FFF7DDFFB4F8643013F407
:1046C000C06F01D01B07E4D520460021BDE8104093
:1046D000FFF7CDBDB0F8640000F0070001380128F5
:1046E00094BF002001207047CB08C943C05C01F093
:1046F000070101238B401840003818BF0120704784
:1047000030F9081FFDF7BEB908B50449102210F0B2
:1047100077FAB0FA80F0400908BD00BFB68F0100FB
:10472000054A106838B10368984219BF1A680260D8
:104730000021116018467047081D002090F866108F
:1047400011B96C2210F085BA704770B50446104656
:104750000E461546FFF7F2FF4CB123462A1D04F121
:10476000100153F8040B42F8040B8B42F9D11F2EB1
:1047700001D9FDF7F3FCB5F8643023F4F87343EA8C
:104780000611A5F8641070BD01490248FEF7FCB996
:1047900001470000F41800200148FDF75DBD00BF8F
:1047A000101900200148FDF75BBD00BF1019002063
:1047B0002DE9F041154C06460F4604F5D878002542
:1047C000B4F86430C3F304139F420CD025B994F8B5
:1047D0006630002B08BF25466C34A045F0D155B992
:1047E0002846BDE8F081211D5EB90846FFF78CFF21
:1047F0000028EBD025462A4639463046FFF7A5FF6C
:10480000EEE7304608F0C3FDF2E700BF581B00207A
:1048100028B16C30064B984203D3002070470548FE
:10482000F8E790F86620002AF8D16C30F3E700BF73
:10483000081D0020581B00202DE9F041884607463E
:1048400008B9FDF78BFC114C0026254694F866301C
:1048500043B96C36B6F5D87F04F16C04F6D100206C
:10486000BDE8F081B4F8643013F4F87FC3F30412A8
:1048700004D0B8F1000F01D09045EAD13946201D8F
:1048800008F085FD0028E4D0A819E9E7581B0020AE
:10489000F8B50446B0F86400C0F3041002F092FFCB
:1048A000B4F86430D0F81C710E4823F0070343F0CD
:1048B0000603A4F8643004F124050B4B2946B3F930
:1048C0000060FEF73FF90023C4E9093744F6C773D7
:1048D000E3852463A68529460248BDE8F840FEF733
:1048E000FBB800BFF4180020F014002010B590F8B9
:1048F000663023F0010380F86630044600F134018D
:104900001748FEF71FF9164804F12401FEF71AF9BB
:10491000134804F14401FEF715F9114804F154015C
:10492000FEF710F90F49086820B10268944206D1D9
:10493000FFF7F6FE2046BDE81040FFF7FFBE134626
:104940001268944202D09842F9D1F3E7002BF1D0DB
:104950001A6812681A600A68944208BF0B60E9E797
:10496000F4180020081D00202DE9F843884607466A
:1049700008B9FDF7F3FB02F007052B1F022BF8D94E
:10498000FFF716FF00283CD1FFF7CAFE814678B337
:104990002A4E044694F86630012B2CD8B4F86430C3
:1049A00003F4C0633BBB2046FFF7A0FF3846224616
:1049B0004146FFF7CAFEB4F864302B43A4F86430D4
:1049C000012384F8663020463368B3B11B68236046
:1049D00033681C60346060B9FFF7A2FE814504466D
:1049E000D8D133685BB11B680360336818603460EA
:1049F0000020BDE8F8830020E6E72460EAE72060B5
:104A0000F5E790F86630DA070AD4B0F8642022F0AF
:104A10000702154343F00103A0F8645080F86630A4
:104A20000368002BE5D1054B1A682AB112680260B1
:104A30001A6810601860DCE70060FBE7081D0020C2
:104A4000F8B50C46054600B109B9FDF787FB0A46E3
:104A5000031D00F1140153F8040B42F8040B8B42C0
:104A6000F9D1B5F864701A4927830822204610F05E
:104A7000C7F804F1100638B12378FF2B1DD16378F5
:104A800003F00F03022B18D1C7F3041002F09AFEB3
:104A90000028DAD0D0F82C31D9040ED59A070CD4DE
:104AA000DB0705F10C01D0D590F8F901324608F08A
:104AB000E3FE002801DBA076F8BD95F86820A27619
:104AC00005F11C013046BDE8F84010F054B900BFB4
:104AD000968F0100F8B5154E346807460D469CB117
:104AE000B4F86430C3F3041399420BD1211D08F0CC
:104AF0004EFC38B194F8663043F0080384F8663011
:104B00000A48F8BD0020FCE7FFF752FE024630607D
:104B10000028F7D029463846FFF717FE326892F88A
:104B2000663043F0080382F86630E9E74419002054
:104B3000036810B504468BB1011D0C48FEF702F85E
:104B4000206890F8663023F0080380F86630FFF79D
:104B5000F5FD14220021204610F07BF8044B1A6862
:104B6000A24204BF00221A6010BD00BFF41800204A
:104B70000C1D002028B11430074A904203D30020B6
:104B800070470648F8E703681BB193F86630002BBE
:104B9000F6D11430F1E700BF581900204419002065
:104BA00010B520B10E4B1C682CB9002010E0002974
:104BB000F8D1FDF7D3FA29B1B4F86430C3F3041384
:104BC0009942F2D128B994F866301B07F1D5044810
:104BD00010BD211D08F0DBFB0028E6D0F3E700BF85
:104BE0004419002010B5144C216879B90020FFF752
:104BF000C1FFA8B921B10846FFF7BCFF014618B9AB
:104C00000020FFF7B7FF0146216007E00B68B3F80B
:104C1000643003F00703013B012BE7D9084610BDC0
:104C20000368B3F8643003F00703013B012BDED9BE
:104C300020600146F2E700BF0C1D002038B50C468D
:104C4000054610B1036803B109B9FDF787FA1022D0
:104C5000002120460FF0FDFF11490968002384F868
:104C60002030A9422A6808D1B2F8643003F0070363
:104C7000013B012B94BF0023012384F8213004F170
:104C80001001131D143253F8040B41F8040B934226
:104C9000F9D12B68B3F86430C3F30413638438BDCF
:104CA0000C1D00202DE9F84F054689461F46904609
:104CB0003AB11046FFF728FD044610B97B1E7F2B42
:104CC00001D9FDF74BFADFF8E4B082469BF83420B7
:104CD000DAB9002C08BF5C460AF1010ABAF1080FE4
:104CE0000BF1400BF2D174B12168002947D149463C
:104CF0002846FFF75DFD0146206000283FD1402295
:104D000020460FF0A6FF00242DE09BF835209742A7
:104D1000E2D15846414650F8046B08F04EFB8742FA
:104D2000DAD8002ECDD0B6F86420C2F30412914533
:104D3000D2D104363046FFF7E7FCB8B13DB105F1FA
:104D4000100255F8041B46F8041B9542F9D1174B85
:104D50004FEA8A1A5C4653F80A1091F8662042F02E
:104D6000400281F866202046BDE8F88F002DB3D0C0
:104D70003146284608F00BFB0028ADD0DFE70A4695
:104D800028464946FFF7E1FC2046FFB250F8042BC5
:104D900092F8663043F0400382F8663041463A4666
:104DA00008F02AFB84F83570DDE700BF58190020B1
:104DB00010B590F834300446FBB90068D0B92046ED
:104DC0004022BDE8104000210FF043BF4033013ABC
:104DD00004D09C42FAD019688842F7D1074A93421E
:104DE000EDD390F8663023F0400380F86630FFF78B
:104DF000A5FCE4E7024B0922E9E710BD581B00209F
:104E00005819002028B14030064B984203D30020A7
:104E100070470548F8E790F83420002AF8D1403070
:104E2000F3E700BF581B002058190020054B8446AB
:104E30008342A3F500728CBF01200020624588BF29
:104E400000207047581B002038B50B4610B102688F
:104E500002B109B9FDF782F9021D00F1140452F8FC
:104E6000045B41F8045BA242F9D190F8352083F845
:104E70002020002183F821100268B2F86440C4F3B6
:104E800004145C8490F83400042803F1100004D169
:104E9000BDE8384010220FF0DCBE131D143253F869
:104EA000041B40F8041B9342F9D138BD2DE9F047AB
:104EB0000F469146064600B10AB9FDF74FF91F4D5E
:104EC0000024A04605F5007A95F834305BB13146F0
:104ED000281D08F072FA804505D295F835308342D6
:104EE0009CBF80462C4640355545EDD134B194F8F1
:104EF0003430042B1DD1E38EDB071AD4FFF772FE8A
:104F000090B9B4B9204602F04EFC044618B96FF0CF
:104F10007100BDE8F087D4F8C030002BF2D03A46DB
:104F2000314601209847EDE74946FFF787FE00200C
:104F3000EFE749462046FFF787FFF8E758190020BA
:104F400010B5044600F114011148FDF7FBFD94F87B
:104F5000343023F0040384F834302046FFF728FF70
:104F60000C4BE41AB4F5E07F10D8A4110A4821468E
:104F7000FFF7BAFB50B1094984F0070491F82830D3
:104F80000122A24023EA020381F8283010BD00BFAD
:104F9000F41800205819002040190020181900208A
:104FA0002DE9F843044600F114011748FDF7CAFD46
:104FB0002368B3F86400C0F3041002F003FC054654
:104FC000D8B100F1320604F104094946304694F89C
:104FD000357008F0F2F905F142088742494640462B
:104FE00094BF94F83570002608F0E7F9874209D994
:104FF0001EB13146284603F027F82046BDE8F843A5
:10500000FFF79EBF4646F4E7F418002038B5044683
:1050100008B9FDF7A3F80B4908F0B9F978B90948C0
:10502000FFF772FB60B12346064C03F110051868C8
:105030005968224603C20833AB421446F7D10148EF
:1050400038BD00BF1819002038B548B3164908F01C
:105050009EF938B3154D002415482146FFF744FB4F
:10506000D0B90134082C05F14005F5D100242546BE
:1050700010482146FFF738FB48B90134102CF7D10E
:10508000BDE8384008482C2200210FF0E2BDE0B214
:1050900005F024FF0574F0E72846FFF751FFE0E72D
:1050A000FDF75CF838BD00BF181900205819002022
:1050B000401900204119002008B520B119B191F81C
:1050C00034305B0701D4FDF749F8084BC91AB1F534
:1050D000E07F09D8891190F8282081F00701012389
:1050E0008B40134380F8283008BD00BF58190020BA
:1050F00038B50446084621B10D4BCB1AB3F5E07F15
:1051000014D80B4D2834FFF77DFE024608B910462F
:1051100038BD92F834305B0706D5511B8911204603
:10512000FFF7E2FA0028F2D11046ECE70022EEE7A2
:105130005819002038B538B100F12C04074DAC42A5
:1051400004D30024204638BD054CF7E72046FFF77E
:10515000DBFA0028F6D02C34F1E700BF4419002018
:10516000181900202DE9F8431F4613460A46014648
:105170000020089EFFF796FD044600283DD090F8D9
:105180003430B74243F0040380F8343001D2FCF7E6
:10519000E5FF07EA0605681C36D01D4B1868436911
:1051A00001332DD00EF0DBFD711C05461CD0194BD0
:1051B0001948B3F9009004F114084146FDF7C2FC08
:1051C0000023C4E9053644F6CC731348E383246214
:1051D000A4F81C904146FDF77FFCB21C04D0731963
:1051E000013308BF01362E44FB1C0FD87B19013355
:1051F00008BF01373D44C4E90E562046BDE8F88398
:1052000083685B689847CFE72E46F4E73D46F2E7B0
:1052100074930100F0140020F418002010B50A4B1C
:105220009B690246002013B94FF0FF3010BD5C6847
:1052300020445C898C4204D1002AF7D0DC68944277
:10524000F4D01B68EFE700BFF4180020044B186887
:105250004369013301D00EF082BD83685B68184753
:105260007493010073B505460E46FFF7EFFF2B68F8
:105270000446B3F86400C0F3041002F0A3FAAA6B6A
:10528000531C1EBF4FF47A73121BB2FBF3F2EB6B8D
:10529000591C07D09C428FBF00231B1B4FF47A710F
:1052A000B3FBF1F3E98E11F0010407D090F82D4122
:1052B000C4F3001484F00104E401E4B2890748BF98
:1052C00044F04004CDE90046281D95F8351001F062
:1052D0000AFE02B070BD2DE9F341D0F82C41B0F9BF
:1052E000FA6141F20203A3430D4638D100293ED0B2
:1052F000002427464FF0010805EBD70393F8292037
:10530000FB4303F0070308FA03F31A420CD0F8B288
:1053100005F0E4FD034638B1428A417C007C0094EC
:1053200007F06CFA0446E8B10137102FE4D10027EA
:1053300039462846FFF7DCFE0746D0B96E69FFF70D
:1053400085FF311A28694EF660232A46B1FBF3F136
:10535000234689B202B0BDE8F04107F074BA14F4F4
:1053600080542CD00025284602B0BDE8F081FCF71F
:10537000F5FE3B68B3F86430C3F304139E42D7D103
:105380002146FFF76FFF04460028D1D1EAE794F8E1
:1053900034305B070CD52368B3F86430C3F30413CF
:1053A0009E4205D12946FFF75DFF05460028D9D06A
:1053B0002046FFF727FD04460028E8D1D3E725461D
:1053C000F6E7F7B51446D0F82C2141F202039343D7
:1053D00005460F4621D014BB2146FFF77CFF009005
:1053E00023463A460021284601F000FF11E094B917
:1053F00031462846FFF76FFF009023463A460021CA
:10540000284601F0F3FE3046FFF794FE06460028DA
:10541000EDD103B0F0BD0020EEE70026F3E7002059
:10542000DDE738B50546B0F86400C0F3041002F0BB
:10543000C9F9044608B9FCF791FE02F0CEF9D4F898
:105440002C315B0704D50022291D2046FFF7B9FF48
:105450002046BDE8384002F0C7B90000F8B5044660
:1054600002F0BBF90CB9FCF779FED4F82C31DA0460
:105470004AD4284F284894F8266139460AF022FB7E
:1054800044F6C67105462046FFF7C8FEFC2E01D93A
:10549000B84203D8D4F82C315B0735D5FC2E94BF25
:1054A0000022012200212046FFF78BFFFFF7CEFEEE
:1054B00094F82631C4F81401022B1AD9FC2E1DD8F9
:1054C000164B1748B3F9007004F1C4063146FDF7D6
:1054D00039FB0023C4E9313544F6C6731048A4F8FB
:1054E000CE30C4F8D040A4F8CC703146FDF7F4FAC1
:1054F0000AE0B5F57A5F28BF4FF47A550133DBB285
:1055000084F82631002BDBD12046BDE8F84002F0BC
:105510006BB900BFC027090070050300F01400201C
:10552000F4180020002280F82621D0F82C2142F027
:105530000402C0F82C21FFF791BF73B514460E4644
:105540000546FFF783FE0A30C4E90E00002120461D
:10555000FFF788FE0023009032461946284601F0E6
:1055600045FE02B070BD0000F0B5044685B00E46A1
:1055700017460021102268460FF06BFBD4F82C313F
:10558000D90406D4B4F9FA1124480FF0C1FA05B0D1
:10559000F0BDDA07FBD594F8542102AB04F5A671EF
:1055A000204602F0F9FF0028F1DB3A463146684612
:1055B00007F022FF6946204602F0B4FA051E2BDAF6
:1055C00007233A466946204602F03EFC051EDEDB14
:1055D0000127D4F82C31DB04D9D5114908223046F3
:1055E0000FF00EFB38B13378FF2B0DD1737803F039
:1055F0000F03022B08D1621992F8303023F01F03F9
:1056000043F0100382F83030002FC0D004EB0510B7
:105610003230FEF723FBBAE70027DAE7D961010051
:10562000968F01002DE9F0411F460B4B14460546AD
:105630000E460A48B3F900801146FDF783FA0023AD
:10564000C4E900376681E560A4F808802146034874
:10565000BDE8F041FDF740BAF0140020F418002036
:1056600010B50A49082204460FF0CAFA48B1237857
:10567000FF2B08D1607800F00F00831E584258417C
:1056800010BD0120FCE70020FAE700BF968F010063
:1056900008B5044910220FF0B3FAB0FA80F04009BF
:1056A00008BD00BFB68F0100002103F00BBB08B599
:1056B000FFF7C2F828B190F8663013F0010F08BF69
:1056C000002008BD044B18684369013301D00EF077
:1056D00046BB83685B6818477493010038B505685A
:1056E0005DB195F866301B0707D5FFF721FA002456
:1056F0002046FFF787FB044600B938BD23689D426A
:10570000F6D1FFF755FBF3E743074CBFC0F300307A
:105710000120704741F2020383430CBF01200020A7
:1057200070472DE9F041069C064690461F460D46FF
:10573000B1B191F8F9310A2B12D13B4600F11002B8
:1057400056F8041B43F8041B9642F9D1B5F8FA3118
:105750001B013B830023BB7601273846BDE8F0815F
:10576000E4B12046FEF7B6FFC0B1B4F8643003F0F0
:105770000703032B0DD1042221462846FEF716FE0F
:1057800041F2883304F1240244F6C8712046FFF741
:1057900049FF39462046FFF753F9DDE73A462946E7
:1057A0003046FEF71BFA07460028D5D1D5F82C1154
:1057B00011F4805103D04046FFF776FFCDE724BBBC
:1057C0000DB1B5F9FA1102223046FFF7CDF80446C3
:1057D0000028F0D085B90125B8F1000F07D0414667
:1057E0000320FDF78BFD7621404603F06BFA294636
:1057F0002046FEF73CFDB0E7D5F8C030002BEAD0DC
:105800000222314603209847E5E7B4F8643003F0FC
:105810000703012B04BF032384F867300025DBE76F
:1058200038B5084CFEF7B8FFA16929B10D682046CC
:10583000FDF788F92946F8E7FEF7A6FFBDE83840EE
:10584000FEF7B0BFF418002038B5044608B9FCF7DD
:1058500085FC01F0C2FF47F23053C4F8183104F15F
:1058600030000025FEF78AFD154984F8275184F899
:105870002851204602F090FA1249204602F08CFA94
:10588000204611494022FFF76FFED4F82C01FFF7A4
:105890003BFF88B14FF47A7128460AF013F904F1FE
:1058A000E402034644F6C3712046FFF7BBFE2046E0
:1058B000BDE8384001F098BF2046FFF7CFFDF6E77E
:1058C000668F0100768F0100968F010038B50D4676
:1058D000044608B9FCF742FC01F07FFF1E4804F1C2
:1058E000D401FDF72FF9D4F82C01FFF70DFF28B3F1
:1058F000194804F1E401FDF725F904F132052846C1
:10590000FFF7AEFE18B12946204602F09DFB04F1D8
:1059100042052846FFF7A4FE18B12946204602F0AA
:1059200093FB20460D4902F033FB20460C4902F060
:105930002FFB2046BDE8384001F056BF064804F171
:10594000C401FDF7FFF8002DD7D0FD2384F82631E0
:105950002046FFF783FDD0E7F4180020768F010082
:10596000668F010010B5044608B9FCF7F7FB01F09B
:1059700034FF4FF47A73C4F8203194F8293143F09E
:10598000010384F829314FF4E163A4F824314FF086
:10599000FF33C4F81431002384F82631D4F82C31B5
:1059A00043F002032046C4F82C3102F095FD204656
:1059B000BDE8104001F018BF2DE9F0470C468CB04F
:1059C000054608461646994601F007FFFEF7E4FE35
:1059D000002C40D0B4F9FA112846FFF768FE0746BC
:1059E00000284ED12846FFF73BFEB846B0B9BA466C
:1059F0005046FFF707FA824678BBB8F1000F6AD02D
:105A000098F834305A0766D5B8F83630DB0762D5D7
:105A1000D8F80030B3F86480C8F304182846FFF7BC
:105A20001FFE00284BD1B8F1000F48D0204601F0EE
:105A3000DBFE404601F0C6FE0446FEF7B3FE2046FC
:105A400001F0CBFEFEF7A8FEF4B9002E3AD16FF0BC
:105A5000750700242AE02146BEE70AF10401284622
:105A600007F0ABFC9AF835309842C1D3B8F1000F7B
:105A700005D098F835209A4238BFD046B8E7D046CE
:105A8000B6E7B0F86480C7E7B4F9FA112846FFF723
:105A90000EFE074600974B46324621462846FFF742
:105AA00040FE002814BF00276FF07507FEF77AFE4E
:105AB000204601F099FE38460CB0BDE8F087002C76
:105AC000C3D0E7E731460320FDF718FC76213046C6
:105AD00003F0F8F8BBE703AA31462846FFF7E6F9DA
:105AE000071E2EDB07A8FFF7D3FD58B14FBB07AA4F
:105AF00005F1100C28686968134603C3083565452D
:105B00001A46F7D1BDF82E303CBBBDF92E0001F08E
:105B100059FE0446FEF746FE204601F05EFEFEF703
:105B20003BFE3CBB214607A8FFF7C1FD4B4600905A
:105B30003246214607A8FFF7F4FD40B3ECB9FCF765
:105B40000DFB3EB131460020FDF7D8FB72213046F7
:105B500003F0B8F86FF07107A8E7B4F9FA219A4298
:105B600008D0204601F040FEB4F9FA21BDF82E30ED
:105B70009A42CAD1B4F9FA11D5E7D4F8C030002B53
:105B800094D09DF82C2003A9022098478EE76FF04F
:105B900075078BE72DE9F04F8B468BB0154699467C
:105BA000044608B9FCF7DAFA01F017FEFEF7F4FD37
:105BB0002B78853B032B46D8DFE813F004009900CF
:105BC00067027003D4F82C3198073CD59BF8073056
:105BD000FF2B38D16B78B3BBB9F1070F33D9A9F1DB
:105BE000080A05F108070BF10803B8465646029368
:105BF0008EBB0BF108084046FFF74AFD40B9BAF1E9
:105C0000000F3ED1B4F9FA114046FFF750FD0646A9
:105C1000D4F82C3113F480505FD14FF4FA7109F0AD
:105C200051FF44F6C67105462046FFF7F7FA854254
:105C300009D8002E38D02B4606F1440244F6C5712F
:105C40003046FFF7EFFCFEF7ADFD20460BB0BDE898
:105C5000F04F01F0C9BDB145F5D398F80130002BE4
:105C6000F1D098F80020012A06D102980393FFF79B
:105C70000FFD039B0028E6D1A6EBC30608EBC30883
:105C8000B6E73B78012B09D1D4F82C31D90405D4DF
:105C90003B462A4659462046FEF7A2FB7B78AAEBF4
:105CA000C30A07EBC307AAE7FFF70CFDD4F81431CA
:105CB000A74A93420AD940F6B73398420AD92B46ED
:105CC00004F1C40244F6C6712046BAE7A0F6B83023
:105CD0008342F4D205F6B835F1E703F00603062B4C
:105CE000B1D1002241462046FFF76BFBABE70BF139
:105CF000080318460493FFF7B3FC0028A3D09BF8D1
:105D00000730FF2B9FD16B78002B9CD1B9F10F0F7F
:105D100099D9D4F82C01C20406D4EB885BBA9BB2A3
:105D200042F2283293428ED8A9F1100305F11006F1
:105D30000393A9F1100233464FF00008002A40F007
:105D40008B80B8F1000F00F09E804046FEF7AAF865
:105D500000283FF478AFB8F80670BBB2002B00F013
:105D60008F807FBABFB24EF660235F438046B5F89E
:105D70000690B4F9FA1104981FFA89F3002B00F089
:105D80008A80FEF7A7FE029000283FF45CAF99FAE4
:105D900099F94FF47A731FFA89F903FB09F902465E
:105DA0004B46043244F6CD71FFF73CFC4F4528BF0B
:105DB0004F462B790BB184F8F831AB689BB193FA5D
:105DC00083F9D4F8183199450DD02046614B04F180
:105DD000D40244F6CE71FFF725FCC4F8189104F103
:105DE0003000FEF7CBFAEB6813B11BBAC4F82031D0
:105DF000029BABB1D4F82C31DB0411D594F83030D0
:105E000013F0EF0F03D004F13200FDF727FF94F8F1
:105E1000313013F0EF0F03D004F14200FDF71EFF05
:105E2000039B002B3FD1029B002B3FF40CAF04F1EE
:105E3000E40549482946FCF785FED4F82C31DA04FC
:105E40007FF501AF2046FFF76DFBBB0803EB430373
:105E50002A4644F6C37137E79145FFF4F4AE59780A
:105E600000293FF4F0AE1F78232F04D1B8F1000FC2
:105E70007FF4E9AE9846A2EBC10203EBC1035DE7F4
:105E800042F210776FE7FFF745FC00287FF4DBAEA6
:105E90004FF0FF376BE7FEF783FE08B1FFF71EFCFC
:105EA0000023029385E73378052B20D00BD8012BF4
:105EB00016D0032B43D07378039AA2EBC30203924C
:105EC00006EBC306ACE7182B1FD0222BF3D14246BA
:105ED00031462846FEF734F8874228BF0746EAE7EE
:105EE00033462A4659462046FEF77AFAE3E77378A6
:105EF000012BE0D12B78862BDDD173681BBAB3F56B
:105F0000A06FD8D3A4F82A31D5E706F1080948468E
:105F1000FFF7A6FB0028CED17268B1781AB94846BF
:105F200000F01EFCC7E7B2F1FF3F18BF10BAB4F98A
:105F3000FA31049A0090484600F09CFBBBE7737866
:105F4000042B0BD04FF0FF339F4228BF1F46B2E710
:105F500047F4FFFF00DD6D00F41800202B78862B3E
:105F6000F0D106F1100A5046FFF77AFB0028E9D17C
:105F700073680693B26807921BBA92FA82F94B458E
:105F8000E0D3D4F82C11F278C80401D51106D9D485
:105F9000520606D5B278059351462046FFF7E4FA3B
:105FA000059BF2783F2A0AD8D4F82C010593FFF715
:105FB000B1FB0028C6D0059BB8F1000FC2D0B27863
:105FC00005927268E2B9914613E099F834305807A7
:105FD0000FD599F83530059A93420AD1514609F107
:105FE000040007F0EAF9059B984202D34846FEF701
:105FF000D7FF4846FEF706FF81460028E5D1A1E716
:10600000069A013207D0A34A93429ABF4FF47A729C
:1060100053436FF00103079A013208D09D4A91451E
:106020009ABF4FF47A7202FB09F96FF00109CDF8BB
:1060300000905146059AB4F9FA010693FFF792F8D9
:10604000824600283FF47EAF069BB8F1000F05D0D2
:10605000014640460593FFF72FF8059B96F903206C
:10606000F178002ABEBFBAF8362042F00102AAF841
:106070003620490642BFBAF8362042F00202AAF89A
:1060800036204B4528BF4B465EE79BF80730FF2B79
:106090007FF4D9AD6B78002B7FF4D5ADB9F1170F34
:1060A0007FF6D1AD2B7AFF2B3FF4CDAD0BF1080677
:1060B0003046FFF7EDFA40B177490D220BF1180099
:1060C0000EF09EFD00287FF4BEAD05F108084146A4
:1060D000204601F027FD031E0393FFF6B4ADA9F19E
:1060E000180305F1180702933A469A46BAF1000FD1
:1060F0000CD13046FFF7CCFAA0B1CDF800A0534642
:1061000032462146404600F097FF9CE5D145FFF41A
:106110009AAD517800293FF496ADAAEBC10A02EB83
:10612000C102E3E7D4F82C21D30705D4B4F9FA115E
:1061300003223046FEF718FC4FF0000AD146029BBE
:106140001BBBBAF1000F3CD0B9F1000F42D02A4678
:10615000CDF80090534659462046FDF7C3FF05464B
:1061600000283FF470AD039F274497F8303098061D
:1061700040F18780B4F9FA114046FFF798FA0746D4
:1061800050BB2846FFF790FA5DE53A78012A0AD01D
:10619000212A08BFBA467A78029BA3EBC203029376
:1061A00007EBC207CBE7D4F82C01FFF7B3FA30B9FD
:1061B0003B462A4659462046FEF712F9EBE7B94618
:1061C000E9E7B9F1000F05D04B462A46594620466B
:1061D000FEF706F90025C6E7D4F82C3113F0020FBC
:1061E0009BF8183014BF4FF0C0094FF04009FF2B47
:1061F00026D194F854A104F5A671524608A80EF0D1
:10620000BAFDBAF1000F17D02A46514608A800F08F
:1062100060FE0028B5D0054640462A46494600F0B3
:10622000DBFD80460028ACD032460021FDF79AFC09
:10623000064640B94046A5E749F020092846EAE766
:1062400049F02009E8E74368FF22DA7100231A4683
:106250001946184602F0B0F9054608B9304691E7EC
:106260004368B4F8FA215A804FF47A71066000202E
:1062700009F028FC07F13402034644F6C2712846AF
:10628000DFE49BF818300095A3F1FF014B424B412E
:1062900036E700BF37894100868F01009BF8073041
:1062A000FF2B7FF4D0AC6B78002B7FF4CCACB9F132
:1062B000170F7FF6C8AC2B7AFF2B3FF4C4AC9BF8CA
:1062C0001830FF2B03D12B795A063FF5BCACA9F14E
:1062D000180A05F118084346574637BBB4F9FA11B6
:1062E00005F10800FFF7E3F9064600283FF4ABACE0
:1062F000BAF1000F25D167B92B795B0609D5B6F83D
:10630000643003F00703022B03D031462046FEF72A
:1063100009F9D4F82C3113F001037FF494AC2A4628
:1063200031462046FEF710F98DE4B945FFF48BACF9
:106330005A78002A3FF487ACA7EBC20703EBC203ED
:10634000CBE798F80030022B08D0212B0ED098F81C
:106350000130AAEBC30A08EBC308C9E743462A4643
:1063600031462046FEF7F0F80127F0E7CDE9008638
:1063700043462A4659462046FDF7E0FCE7E700BFC2
:1063800038B50D46044601F028FA3DB12046FFF726
:10639000C9F82046BDE8384001F026BA4FF47A71BA
:1063A000284609F08FFBFD2384F82631D4F82C31E0
:1063B00023F004030546C4F82C312046FFF74EF8BD
:1063C0002B4604F1E40244F6C3712046FFF72AF994
:1063D000DFE7000038B5044601F0FFF9D4F82C01DE
:1063E000FFF792F938B344F6C3712046FEF716FF63
:1063F000D4F82C31DA0423D594F82731022B42F259
:1064000010750AD9033B4FF47A6202FA03F31D4474
:106410004EF660239D4228BF1D46A8420BD9114964
:10642000204600F095FE94F82731092B0BD9D4F8BB
:106430002C31DB040DD42046BDE8384001F0D4B93E
:106440004FF47A65E9E70133DBB2022B84F8273198
:10645000EDD82B4604F1E40244F6C3712046FFF761
:10646000E1F8E8E7668F0100F8B50D460446FEF74F
:1064700093F9A5F59F41403910290DD8DFE801F0C7
:10648000090918260C2A2E1010410C45499314971F
:1064900032002046FEF7F1F8BDE8F840FEF782B979
:1064A0002046FEF721F8F7E72046FDF767FFF3E700
:1064B0004149234640F20222022000F045FF002815
:1064C000EAD10921204602F0FDFBE5E72046FFF76F
:1064D00081FFE1E72046FEF7A4FFDDE72046FEF757
:1064E000BDFFD9E7354804F12401FCF72BFB94F8F4
:1064F000343023F0100384F834302046FEF758FC83
:10650000CAE72046FEF7F2F9C6E72046FEF79CFDF3
:10651000C2E72368B3F86400C0F3041001F052F935
:1065200005460028B8D0FFF7CDF80646284601F00A
:1065300054F9A36B9E4206D32046FEF731FD284650
:1065400001F052F9A8E7E36B9E42F8D3271D3946C4
:1065500005F1320006F031FF94F8353083429FBFD9
:1065600095F8303023F01F0343F0080385F83030EE
:10657000394605F1420006F020FF94F83530834299
:106580009FBF95F8313023F01F0343F0080385F8CF
:106590003130A36B04F114029B1B44F6CC712046EE
:1065A000FFF740F8CBE72046FFF798F874E720465E
:1065B000FDF754FB70E700BF0000FFFFF418002058
:1065C00070B5046806460D46FEF7E6F82046FEF76D
:1065D000B1FD044698B10D4910220EF011FB0028C0
:1065E000F4D023462A4604F1100153F8040B42F874
:1065F000040B8B42F9D123692B6163696B61FEF750
:10660000D1F8201E346018BF012070BDB68F010084
:1066100070B58AB0044601462822684606F0B4FFE9
:106620000C4B0546186843690133D4E904640DD066
:106630000DF095FB241A3246294607484EF6602392
:10664000B4FBF3F30EF064FA0AB070BD83685B68C4
:106650009847EFE7749301005862010008B50449B8
:1066600010220EF0CDFAB0FA80F0400908BD00BF4C
:10667000B68F01002DE9F843089D894614461F4650
:10668000804688B181B1FFF7E9FF0646304B9D4255
:106690009ABF4FF47A735D434FF0FF350FB12EB1BF
:1066A0000CBB6FF0150412E00126EFE7FEF774F85B
:1066B0004B46802B204628BF802342463946FEF7B2
:1066C000F1FA044630B96FF00B04FEF76BF8204680
:1066D000BDE8F88390F8343043F0100380F834308C
:1066E0001DBB0024F1E7FEF757F820463946FEF7B8
:1066F000F1F904460028E6D0164B1860002DF0D0C2
:10670000154B061D31461548B3F90070FCF71AFA0F
:106710000023C4E9013544F6CD73E3812461A781E8
:1067200031460E48FCF7D8F9DBE70B4B00F12407A4
:1067300039460A48B3F90080FCF704FA44F6D073EE
:10674000C4E90965E3852463A4F82C803946E8E7A9
:10675000378941000C1D0020F0140020F41800209F
:1067600070B505460E46FEF717F82DB126B128463E
:10677000FFF774FF044640B1FEF734FA08B1FEF7A4
:10678000D7F9BDE87040FEF70DB82046FEF73AFB9A
:1067900004460028F5D094F83530B342F5D12946A7
:1067A000201D06F00AFEB042EFD3074804F1240191
:1067B000FCF7C8F994F8343023F0100384F834302F
:1067C0002046FEF7F5FADCE7F41800202DE9F04149
:1067D00006460F469846154602B10BB9FBF7BEFCBC
:1067E000106838B92C682046FEF70CFB0446F0B957
:1067F000286003E0FEF71AFB0028F3D12C6820463E
:10680000FEF7B8F9044670B120680028F7D02FB120
:10681000B0F86430C3F304139F42F0D156BB414635
:106820002046FEF70BFA201E18BF012018E094F84E
:106830003430002BD2D020680028D4D0042B02D1D1
:10684000E38EDB07CFD52FB1B0F86430C3F3041368
:106850009F42C8D13EB920464146FEF7F5FA0120D5
:106860002C60BDE8F0813146043006F090FD002830
:10687000F1D1B8E73146043006F089FD0028BED0DA
:10688000CDE7000030B590F820308BB0044613B14E
:10689000FFF7E4FEF8B194F82110154B154A16489D
:1068A000002918BF1A4611460EF032F904F11005FE
:1068B0002846FFF7D3FE40B929462822684606F04D
:1068C00063FE01460D480EF023F9618C0C480EF072
:1068D0001FF90BB030BD21462822684606F054FE51
:1068E00094F82020014607480EF012F9DEE700BFB9
:1068F000706201001566010072620100846201008D
:106900008C6201007D620100F8B50F4616461D46F7
:10691000044608B9FBF722FC082BFBD84B1E1F2BA3
:10692000F8D8FDF739FF204600223946FEF71CF85B
:10693000044620B9FDF736FF6FF00B00F8BD2EB10D
:1069400025B12A4631461C300EF015FAB4F86430F1
:1069500084F8685023F4C06323F0070343F4C06352
:10696000A4F86430FDF71EFF0020E7E770B5054688
:106970000E46FDF711FF00242046FDF749FF0446AF
:1069800070B1B4F86430C3F304139E42F4D1211DF6
:10699000284606F0FCFC0028EED02046FDF7A6FFB6
:1069A000BDE87040FDF7FEBE38B50546FDF7F4FEC4
:1069B00000242046FDF72CFF044680B194F8663091
:1069C000DA07F6D5211D284606F0E1FC0028F0D0B4
:1069D000B4F864305B0702D02046FDF759FFBDE8EC
:1069E0003840FDF7DFBEF8B50C6806460D46174681
:1069F000FDF7D2FE2046FDF70BFF044670B194F878
:106A00006630DB07F6D52EB1B4F86430C3F3041357
:106A10009E42EFD139462046FEF712F82C60FDF772
:106A2000C1FE2868003818BF0120F8BD10B58AB033
:106A3000014604462822684606F0A6FD014619488C
:106A40000EF066F8238B13F4F87FC3F3041102D021
:106A500015480EF05DF8A17E6A4604F1100006F0BC
:106A60003AFF014611480EF053F8238B1B0702D55D
:106A70000F480EF04DF8238B0E4A0F4803F0070322
:106A800052F823100EF044F8238B0C4A0A48C3F343
:106A9000412352F823100EF03BF809480EF0A8F8F5
:106AA0000AB010BD71780100956201009E6201007C
:106AB000A9620100208F0100B1790100108F01004F
:106AC000156601002DE9F04387B00C4607461646CF
:106AD0000021102202A8DDF838901D460EF0B9F80A
:106AE0000CB9FBF73BFB802EB04628BF4FF0800867
:106AF0005FFA88F2214602A806F07EFC27491022A0
:106B000002A80EF07DF8002844D02549082220462E
:106B10000EF076F800283DD02378FF2B3AD0A94517
:106B200038D8FDF739FE2B46CDF800904246214675
:106B30003846FEF717FB054630B9FDF733FE6FF018
:106B40000B0007B0BDE8F08338B200F03BFE04460E
:106B500018B9FDF727FE0020F3E700F03EFED4F859
:106B60002C31DA045EBFEB8E43F00103EB8694F820
:106B70002931DB0705D57F2E9EBFEB8E43F0020344
:106B8000EB86204600F030FEFDF70CFE2046FEF7B7
:106B900065FCE0E76FF01500D3E700BFB68F01009A
:106BA000968F0100F8B5054617460E4609B9FBF762
:106BB000D5FAFDF7F1FD00242046FEF723F904463F
:106BC00010B32368002BF2D094F83520BA42F3D1E9
:106BD0002DB1B3F86430C3F304139D42ECD1211DF1
:106BE000304606F0EAFBB842E6D328B200F0EAFDF0
:106BF00038B1D0F82C315B0703D505492246FEF7A2
:106C00009CFC2046FEF7CCF9BDE8F840FDF7CABD74
:106C1000768F01002DE9F0410C6807460E461546B7
:106C2000FDF7BAFD2046FEF7EDF8044630B3D4F880
:106C30000080B8F1000FF5D094F834305B07F1D53F
:106C40002FB1B8F86430C3F304139F42EAD194F82B
:106C500035302B741022002128460DF0FAFF94F8ED
:106C60003520211D284606F0C7FBB8F86430C3F371
:106C700004136B82A36B6B61E36BAB61FDF792FD59
:106C8000201E346018BF0120BDE8F08130B58FB000
:106C900005461022002168460DF0DBFF1E4B1868E8
:106CA0004369013334D00DF05AF82A7C2946044652
:106CB000684606F0A1FB2822694604A806F064FC99
:106CC0002A7C014615480DF023FF698A14480DF00F
:106CD0001FFF69694A1C07D0091B4FF47A731148DA
:106CE000B1FBF3F10DF014FFA9694B1C0BD0A142CD
:106CF00084BF091B4FF47A730B488CBFB1FBF3F1CF
:106D000000210DF005FF09480DF072FF0FB030BDF6
:106D100083685B689847C8E7749301007D6201004F
:106D200095620100F8620100096301001566010027
:106D300010B50A49082204460DF062FF48B12378D5
:106D4000FF2B08D1607800F00F00831E5842584195
:106D500010BD0120FCE70020FAE700BF968F01007C
:106D600038B504461846FCF7FDFE054668B1436891
:106D7000FF22DA7100231A461946184601F01CFC5E
:106D800028B92946284601F0C7FF002038BD4368CE
:106D90000CB1B4F9FA415C800560F7E710B5044620
:106DA000084614B12378FF2B01D1FBF7D7F918233C
:106DB00000228721FCF77AF868B143682168002235
:106DC0001A715A719A71DA716268DA609960A16811
:106DD000E2685A61196110BD38B504460D46104687
:106DE00014B12378FF2B01D1FBF7B8F91823002247
:106DF0008821FCF75BF878B14368002225F01F0575
:106E00001D71DA719A715A7121686268DA6099604D
:106E1000A168E2685A61196138BD08B500220823EB
:106E20008521FCF743F828B1436800221A715A7192
:106E30009A71DA7108BD2DE9F04180460F46164679
:106E40001D460798102300228621FCF72FF860B119
:106E5000069B446827F03F0776BA2DBA1BBA84F820
:106E600004806771E680A560E360BDE8F08110B53D
:106E7000002304461046CA1D02F0F802194602F02B
:106E80007BF820B1426814708368DB08537010BD32
:106E900070B506460D4618460231FFF7E8FF044676
:106EA00058B1436882680233023A002118460DF057
:106EB000D0FE2A4631460DF05EFF204670BD10B56B
:106EC00000B109B9FBF74AF9BDE810400123FFF70B
:106ED000DFBF10B500B109B9FBF740F9BDE81040BC
:106EE0000223FFF7D5BF2DE9F04788469246994621
:106EF000074608B9FBF732F9FFF71AFF05460028E5
:106F0000F8D13B78FF2BF5D0B8F1800FF2D8099A71
:106F100020210320FFF7ABFF0646F0B19DF820309B
:106F2000446823F03F039AFA8AFA99FA89F984F8B7
:106F30000280E370C4F804A0C4F808902573657358
:106F4000A573E57310341022294620460DF081FE0A
:106F500042463946204606F04FFA3046BDE8F087F3
:106F600010B50A46044608210520FFF780FF28B126
:106F70004368002224BA9A70DA705C6010BD000089
:106F80002DE9F7430A9D0C4616469846074610B170
:106F90000378FF2B01D1FBF7E1F80029FBD0B8F112
:106FA000000FF8D0084600F018FC36B932463946D2
:106FB000204600F0DEFD0646B8B11D4910223046DD
:106FC0000DF01EFE88B194F8549104F5A6714A465E
:106FD00068460DF0D0FEB9F1000F06D02A464946AA
:106FE0006846FFF76CFFE8B1054638462946FFF7CB
:106FF000D5FE0746B0B10346424631462046FFF76C
:10700000AFFE054668B103460A4940F2022202205B
:1070100000F09AF930B1204600F0E6FB03B0BDE87D
:10702000F0833D460021284601F04CFEF3E700BF07
:10703000B68F01000000FFFF2DE9F04786B00C4637
:107040000E9E15469A46804610B10378FF2B01D15B
:10705000FBF784F80029FBD0002AF9D0084600F09D
:10706000BCFB4146204600F05DFDB0F1000964DB49
:10707000D4F82C71334907F00607BA1F574257411D
:1070800028461022FF010DF0BBFD28BB2E4B02ADA0
:1070900003F1100C186859682A4603C20833634587
:1070A0001546F7D194F8545104F5A6712A4668465E
:1070B0000DF061FE002D3DD0324629466846FFF7AF
:1070C00008FF002839D0A14499F830309B0601D43C
:1070D00047F02007064610E02A4602F1100C02ADE8
:1070E000106851682B4603C3083262451D46F7D12C
:1070F00047F04007BAF1000FD4D132463946404636
:10710000FFF76AFE0546C0B1034602AA00212046E9
:10711000FFF726FE064678B103460C4940F20222EC
:10712000022000F011F940B1204600F05DFB06B0EE
:10713000BDE8F0873046CDE72E460021304601F00D
:10714000C1FDF1E7B68F0100768F01000000FFFF5F
:107150002DE9F3410E46054608B9FAF7FFFF214B2A
:10716000002908BF1E4600F038FB002231462846A1
:1071700000F0FFFC8046A0B195F8544105F5A671DA
:10718000224668460DF0F7FD64B1214600226846AC
:10719000FFF795FE044628B90021204601F092FD34
:1071A00017E004462046FFF738FE07460028F3D0D4
:1071B0000346324641462846FFF7D2FD044670B1E9
:1071C0000346094940F20222022000F0BDF80028DF
:1071D000E2D0284602B0BDE8F04100F005BB3C46D5
:1071E000DAE700BF668F01000000FFFF2DE9F043E2
:1071F000044685B099463B4B0C9D002A14BF90462F
:1072000098460E4600F0E9FAD4F82C311B0707D552
:10721000B4F82A012946FFF7A3FE00285DD00546F1
:107220003EB901224146204600F0A3FC0646002854
:1072300053D094F8547104F5A6713A4602A80DF0A3
:107240009AFD3FB12A46394602A8FFF738FE0028CA
:1072500043D00546D4F82C7117F0100018BF94F8ED
:10726000F80117F0200305D0D4F818311E4A9342D4
:1072700028BF134617F0400C18BFD4F820C1B9F14D
:10728000000F27D1B4F8242194F8291111F002013C
:1072900004D017F0800F14BFC0218021CDE900C5B4
:1072A000FFF7C9FD0746C0B10346424631462046B6
:1072B000FFF756FD054678B103460C4940F202221D
:1072C000022000F041F840B1204605B0BDE8F0438F
:1072D00000F08ABA0022D7E73D460021284601F097
:1072E000F1FCF1E7768F010080EE36000000FFFF31
:1072F00000B589B006930A9BADF81C30BDF82C3060
:107300008DF81410ADF81620ADF80630024605AB26
:1073100003A901A80293FAF7EBFBBDF80E2040F297
:1073200005239A4201D0FAF719FF049809B05DF8D5
:1073300004FB07B5019101466846ADF80220FAF753
:10734000BBFB03B05DF804FB2DE9F04104460F469A
:1073500090461E4601F0E6FB3946204601F081FCCE
:10736000054648B13946204601F076FC691E0446C0
:10737000304601F075FD24B901F0EEFB2846BDE86A
:10738000F081B4F9080042463146FFF7D2FF0028E9
:1073900003DC0521304601F095FC204601F073FC2A
:1073A0000446E8E710B50C46B0F8FA112046FBF7A2
:1073B00065FC0022225410BDB0F9FA01704713B5E4
:1073C0004FF40174B0F9FA010194049C0094FFF7A2
:1073D0008FFF02B010BD13B540F20324B0F9FA01DB
:1073E0000194049C0094FFF783FF02B010BD1FB509
:1073F00000240394ADF80C30436801941B698DF8A8
:107400000410029201A9984704B010BDA0F59C7029
:10741000806803681B69184708B5044910220DF0FD
:10742000EFFBB0FA80F0400908BD00BFB68F010045
:1074300010B50A49082204460DF0E2FB48B1237852
:10744000FF2B08D1607800F00F00831E584258418E
:1074500010BD0120FCE70020FAE700BF968F010075
:1074600070B58568044600F0FDFF2B6801465E6933
:1074700004F5A67208232846B04710F1860F08D0FD
:10748000D4F82C31002843F00103C4F82C3106DC79
:1074900070BD94F85431002BFAD0FAF75FFE84F8EF
:1074A0005401F5E7F8B5044608460E461546FFF7C1
:1074B000B3FF98B95DB104F15205052700243146A8
:1074C00005EB041005F063FF28B12046F8BD04F178
:1074D00032050227F2E70134A742F0D14FF0FF3026
:1074E000F4E7000070B506460D4662B101F0C0FA3F
:1074F00004467CB108480DF07BFB28460C21BDE812
:10750000704001F0DFBB01F077FA0446304601F02D
:1075100091FAEEE770BD00BF1D630100F8B590F869
:10752000305006460F46A5B1323005F046FFB0FA9E
:1075300080F464090546644296F831303BB139461F
:1075400006F1420005F039FF854238BF012420468C
:10755000F8BD4FF0FF34EFE70378FF2B10B504467A
:1075600003D1407800F00F0010BDFFF761FF60B954
:10757000208840BA20F03F000004000C4FF6C063A2
:1075800098420CBF05200E20EEE70220ECE7000039
:10759000D0F8483170B504460D4616461BB1BDE81B
:1075A0007040FFF79FBF7AB908B9FAF7D7FDD0F856
:1075B0005C314BB100F032F82946204601F01CFA4C
:1075C00048B315480DF014FB636829465B682046F4
:1075D0009847011E15D007DB636A0B4463620021E4
:1075E000284601F06FFB07E011F1100F07D132467A
:1075F00029462046FFF776FF35B12D68FCE7494262
:10760000EEE7C4F84851F7E72EB1D4F82C3143F433
:107610000033C4F82C3170BD5163010010B504462D
:1076200008B9FAF79BFDD0F85C317BB11A6859684C
:10763000C0F85C2100221A605A6039B10122FFF7BC
:10764000A7FF2046BDE8104001F0F4B910BD0000CE
:1076500037B5846841B904F59C7104F5987003B09E
:10766000BDE83040FBF7C8B9042902D104F5A07188
:10767000F3E7052905D006290DD002290DD003B066
:1076800030BD134BCDE90034124B6846B3F90010FE
:10769000FAF7FCF9F3E7104BF4E7636820469B68C0
:1076A000984705462046FFF7B9FF002DE7D00B4964
:1076B00095F90C002B4640F20122FFF745FE0146EA
:1076C0000028DCD1284603B0BDE8304001F0FABA0A
:1076D0000000D44FF01400200000D54F0000FFFF41
:1076E00038B5A0F5A0740021A06803685B689847CE
:1076F000D4F82C210346002122F40035002BD4F8C5
:107700004801C4F82C51C4F8481106DB626A1A44D7
:107710006262BDE8384001F0D5BA13F1100F07D10D
:107720000146C2F340422046BDE83840FFF7DABECA
:107730005942EEE7F0B589B01E4687680023C0E9DC
:107740000333109B43600C4615460FB1FAF706FD54
:107750000F9B8360CDE90507012106A8FAF73EFAE1
:107760000E9B029305AB0193084B009332463B46B8
:1077700029462046FAF7E0FB0028E7DD012106A8AC
:10778000FAF72CFA079809B0F0BD00BFF9770000AE
:1077900090F8F9310B2B9DBF4FF43760D84000F0C3
:1077A00001000020704706F017BC10B500242046E9
:1077B000FFF7F9FF08B9204610BD4368002BF7D04A
:1077C0000134F5E710B504460020FFF7ECFF18B1CF
:1077D000B0F9FA31A342F8D110BD20B1436813B11A
:1077E0000C30FAF739BD704720B1436813B10C3043
:1077F000FAF736BD704700002DE9FF410468DFF855
:1078000020810546002640F205232046CDE900668A
:10781000ADF80230FFF7E1FFB8F80030A4F8FA3114
:107820003B4BC4F83C313B4BC4F844313A4B1B68EA
:10783000C4F83431102104F5BC70C4F83061FAF793
:10784000BDF9636820461B689847A860281DFAF7B1
:10785000FBF9AA68B24204F598774FDB31461C2247
:1078600004F114000DF0F5F92046FFF7BDFF41F2D9
:1078700033263846FBF7E0F80546002839D102A840
:10788000FAF782F9002804DC48F20100FAF71CFC40
:10789000EFE7BDF80A30B3F5017F27D00FD840F2EB
:1078A0000222934211D040F20322934213D0636824
:1078B0005B69002BDDD002A920469847D9E7B34287
:1078C000F5D12046FFF7AAFED3E703992A462046C2
:1078D000FFF75EFECDE763681B6903992046984772
:1078E0006946019002A8FAF729F9C2E76368DB68E4
:1078F000F3E74368002BBCD09847BAE7B8F800100C
:10790000064809B20DF004F9304604B0BDE8F08134
:107910000D740000E1760000340E00208963010040
:10792000C00E00202DE9F8430E460546FFF755FF2F
:1079300033783489112B0CD8062B11D9073B0A2B2D
:107940000ED8DFE803F021B5540D7C950DD3DD0D85
:10795000C700402B0DD0412B00F0DB802C2B1AD020
:10796000A8687268036831785C693389A047044667
:1079700029E0012C01D0FAF7F1FB2846FFF708FFB8
:107980007368187001241EE0012CF4D1736895F817
:10799000F8211A70F6E77388012B1AD0022BDFD179
:1079A0001C2CE8D1EFF3108172B6726805F1A403C4
:1079B00005F1C00053F8044B42F8044B8342F9D15F
:1079C00081F310881C242846FFF70EFF2046BDE8EF
:1079D000F8831C2CCFD1726805F1140305F1300136
:1079E00053F8040B42F8040B8B42F9D1EAE70F2C51
:1079F000C1D995F8304073688CB105F1320219464F
:107A000005F1420052F8044B41F8044B8242F9D18F
:107A10003289102A03F110034FF01004D3D995F8DE
:107A20003120002ACFD005F1420205F1520152F86F
:107A3000040B43F8040B8A42F9D11034C3E7002C3D
:107A400099D0726805F12F0305F1310000243189C6
:107A5000A142B8DD984203D114F1860F80D0B2E77D
:107A600013F8011F0029F2D002F8011B0134EEE7E0
:107A70000F2C80D9D6F8048005F1520705F1A20930
:107A800000243389A3429EDDB9459CD03846FFF7D8
:107A9000C3FC07F1100348B9424657F8041B42F8EB
:107AA000041B9F42F9D1103408F110081F46E8E783
:107AB000072C7FF660AFD5F82C217368D2077FF5CD
:107AC0004FAF95F8542105F5A671284600F064FDE6
:107AD0000446C1E77388022B7FF442AF022C7FF487
:107AE0004AAF7368B5F82A211A806CE7012C7FF43D
:107AF00042AF95F82C317268C3F34003137041E72D
:107B0000012C7FF438AF95F82C317268C3F38003F1
:107B1000F4E7012C7FF42FAFD5F82C317268C3F352
:107B20000023EBE738B50D46044600B109B9FAF772
:107B300015FBFFF752FE294600222046FFF7B2FC54
:107B400005462046FFF750FE284638BD38B50D469D
:107B5000044600B109B9FAF701FBFFF73EFE2946DA
:107B60002046FFF7DBFC05462046FFF73DFE284692
:107B700038BD2DE9F04F8FB017460191054600B191
:107B800009B9FAF7EBFAFFF728FE95F83060002EF6
:107B900045D016F0070441D1002F43D005F1320043
:107BA000FFF746FC0646002839D0802695F831308C
:107BB000002B40D05A073ED1002F36D1631C5C42C7
:107BC00046F040065C4100270198ADF81470FFF7BD
:107BD000C3FC05F132084FF0FF31024605ABC34646
:107BE0000091BA468AF00701012000FA01F1314202
:107BF0003ED001995846CDE90223D94605F0C7FB8E
:107C0000002875D15846FFF7A7FC029A039B8242D1
:107C1000197815D111440F31C9B216E000264FF082
:107C2000FF34C3E780263C46C0E705F14200FFF77A
:107C3000FFFB0028C2D1002CC5D04FF000095EE048
:107C400064D20F31101A0844C1B205F13000197026
:107C500010F80A0000F01F0008281EBF0131C9B249
:107C60001970B942009888BF5046009088BF0F46EF
:107C70000AF10101022903F101030BF1100B4FF08E
:107C8000010AAFD14FF000094E4605AB9B5DBB42E8
:107C900020D10199404605F090FB02908246404673
:107CA000FFF7C6FB00283CD106908346B5F9FA01E0
:107CB00007AA06A9FEF7AEFF50BBBBF1000F04D028
:107CC000029B5B4528BF5B469A46D1453CBF5FFAA5
:107CD0008AF90096731C022B08F110084FF0010678
:107CE000D3D1009B002B06DB05EB031303F1320914
:107CF000B9F1000F03D105EB041404F13209284651
:107D0000FFF772FD48460FB0BDE8F08F014483E7EE
:107D1000414607A805F051FB584588BF9DF82CB097
:107D2000C4E74FF0400BCBE738B5054600242046AA
:107D3000FFF739FD044660B100222946FFF7B2FB88
:107D4000013006D1012229462046FFF7ABFB013066
:107D5000EDD0204638BDF8B5002506462F462C4606
:107D60002046FFF720FD044608B93846F8BD0EB995
:107D7000FAF7F4F93146FFF7D1FB431C07D004EBC7
:107D800000103146323005F018FB854202D32846F8
:107D90000546E5E72746FBE72DE9F34105466A4638
:107DA00090F8F9010E4605F093FD04462846FFF7CA
:107DB00014FD002C21DDA3B26A466E212846FFF790
:107DC00016FB10F1860F044611D105F15208002769
:107DD0004FF0FF343146404605F0D9FA88B12846C5
:107DE000FFF702FD3C46204602B0BDE8F0810028C6
:107DF000EBDA2846FFF7F8FCF5E714F1860FE4D03C
:107E0000F7E7621C05D14046FFF706FB002818BFC4
:107E10003C460137052F08F11008DBD1631C05D162
:107E20002846FFF7E1FC6FF00B04DCE705EB0413D9
:107E30003146523306F1100251F8040B43F8040B9B
:107E40009142F9D1D5E700002DE9F0470D468EB0FB
:107E500091469846044600B109B9FAF77FF90B78C4
:107E6000FF2BFAD00846FFF7D7FA0028F5D147498B
:107E7000102228460CF0C4FE0028EED009F1FF3392
:107E80007F2BEAD82046FFF7A8FC08F01F03072B3A
:107E900008BF08F0F808294604F1320008BF48F08E
:107EA000010805F074FAB0B9294604F1420094F8CB
:107EB000306005F06CFA074690B99EB194F8313005
:107EC000002B55D02046FFF78FFC6FF00B06304695
:107ED0000EB0BDE8F08700262046FFF785FCF6E7E8
:107EE0000126F9E7824640F2FF220023CDE9032371
:107EF0004FF080730593FF238DF818306B7B8DF85E
:107F0000193003A9EB89ADF81A302046FFF744FF7A
:107F1000061EE1DB04EB0A0104EB0A1381F8308052
:107F20002A46323305F1100052F8046B43F8046B13
:107F30008242F9D191F8303003F01F03102B12D197
:107F400000230293B4F9FA0107AA02A9FEF762FE20
:107F500088B947B94FF0FF330093B4F9FA014A46A4
:107F60002946FEF7AFFD2046FFF73EFC5646AEE73A
:107F70004FF0010AB7E7294607A805F01EFA484561
:107F800028BF47F00107FFB2DCE700BFA68F010062
:107F90002DE9FF478A46044600B109B9FAF7DEF831
:107FA00090F8F9016A4605F093FC051E02DA15F116
:107FB000860F2FD12046FFF710FC002704F152084E
:107FC000B9464FF0FF36002D13DD4046FFF724FA87
:107FD00078B994F8F90102AA414605F079FC854286
:107FE00007D12A46694602A80CF00AFE08B909F131
:107FF00001094046514605F0CAF9002818BF3E461F
:108000000137052F08F11008DDD1731C05D120467A
:10801000FFF7EAFB04B0BDE8F08715F1860F02D048
:10802000B9F1000FBAD0B9F1010F05D1ABB26A4670
:108030006F212046FFF7DBF904EB06101022002128
:1080400052300CF006FEE2E72DE9F04F2DED028BE9
:108050000E4689B0044600B109B9FAF77FF89FEDE2
:10806000268B4B7B8DF80D304FF08079CB89CDF886
:1080700008904FF0FF0A8DED008B8DF80CA0ADF845
:108080000E30FFF7AAFB04F1320504F1300804F1C9
:10809000520B01273146284605F079F9C0B100217D
:1080A00088F80010102228460CF0D3FD10355D45ED
:1080B00008F10108EED11FB169462046FFF768FFBD
:1080C0002046FFF791FB09B0BDEC028BBDE8F08FB5
:1080D0008DED048BCDF818908DF81CA06B7B8DF87E
:1080E0001D30EB89ADF81E30694604A805F04FF944
:1080F00080F001000740D9E7FF0200000000000007
:1081000070B50E460546FFF768FB33781B2B12D877
:10811000062B15D9DA1F3389142A11D8DFE802F0AB
:1081200023102D3F104B52647C105910101010106A
:108130001010101095002C2B00F09980412B76D058
:10814000A8687268036831789C693389A047041E67
:108150002CDD3378052B00F2A480012B26D928468C
:10816000FFF77EF922E0012B01D0F9F7F7FF7368E2
:108170001B7885F8F831012418E0102BF5D17288AE
:10818000716802F0E00343F01003120A2846FFF77B
:108190005BFE041E09DA14F1860F07D1D0E7102B1D
:1081A000E3D171682846FFF74FFF10242846FFF7F8
:1081B0001BFB204670BD102BD7D171682846FFF7F6
:1081C000EBFDE6E7102BD0D171682846FFF7E0FE03
:1081D000EBE77288022AB3D1022BC6D172681288EB
:1081E000A5F82A211C46E1E7012BBED17268D5F81B
:1081F0002C311278012A04D143F00203C5F82C3146
:10820000B9E75A0703D500212846FEF7B9F8D5F893
:108210002C3123F00203F1E7012BA6D17368197802
:108220004B1E594259412846FEF7AAF8A3E7338965
:10823000012B9AD17268D5F82C311278012A0CBF23
:1082400043F4807323F48073D8E77268D5F82C1157
:1082500010780128A8680CBF41F4803121F48031E6
:10826000C5F82C1101688C691B21A04783E773882E
:10827000012B0FD0022B7FF463AFEFF3108472B6A3
:108280001C22002105F1A4000CF0E3FC84F310880B
:1082900000248BE71C22002105F114000CF0D9FC0E
:1082A000F6E7572B82D1284600F03BF97EE7000025
:1082B00030B56A4B0446806887B0C0E90134036872
:1082C000DB689847002877DB204605F073FEA0683E
:1082D00003680DF106025D6928210223A8470228E0
:1082E00001D0F9F73BFFBDF8063084F8F93120469C
:1082F00000F017F92046FFF7B3F80023CDE9043367
:108300004FF480730022ADF804300023CDE902233E
:1083100094F8F921D31E082BE3D8DFE803F00551C8
:108320000579935189930500D4F82C31D907D8D514
:1083300094F85431062BD4D1052AB4F82A3106D04A
:108340000B2A40F2DC5239D1934203D9C9E7B3F585
:10835000A06FC6D1D4F82C31D90720D594F8542178
:1083600002AB04F5A671204600F016F98630B8D0AD
:10837000D4F82C31DA07B4D594F8F90101A905F045
:1083800091FA8630ADD0D4F82C31DB07A9D594F81A
:10839000F90104AA02A905F06FFA8630A1D0304D88
:1083A00001232B70402384F8F8312046FDF7DAFAD8
:1083B0002B78002B95D0002007B030BD9342C8E742
:1083C000D4F82C31DA078CD594F85431022B01D033
:1083D000082B86D1B4F82A31B3F5A06F81D1A068FB
:1083E00003680DF103025D6919210123A847863056
:1083F0003FF477AF94F8F931042BABD1A068036850
:1084000004AA5D6903210823A8478630A2D168E742
:10841000D4F82C31DB077FF564AF94F85431012B8D
:108420007FF45FAFB4F82A214FF6FF739A42EDE76D
:10843000D4F82C31DD077FF554AF94F85431033B69
:10844000022B82E7D4F82C31D8073FF54AAF94F8D5
:108450005431002B3FF47EAF43E700BF517600005C
:10846000101D002013B590F8F931043B012B13D8EF
:10847000806803680DF106025C6905210223A047AC
:10848000022801D0F9F76AFEBDF80630082B0CBFB0
:108490000320022002B010BD0220FBE730B41D46CD
:1084A000D0F82C31DB07044612D590F8F9010428E6
:1084B0000AD1022A08D1A06803685C692A46A4464A
:1084C000082330BC032160472B4630BC05F07CB943
:1084D0006FF0850030BC70471FB590F8F931052B5F
:1084E000044616D0082B14D0042B18D10823ADF85D
:1084F000023000230193039305238DF804300DF11E
:10850000020302930223ADF80C30436801A91B69F2
:108510009847D4F82C3143F48053C4F82C3104B07C
:1085200010BD37B50446806803685D6994F8F93179
:10853000043B072B22D8DFE803F0042104210404C4
:10854000210AD4F82C3143F48073C4F82C3102236F
:108550000DF106021121A847022801D0F9F7FEFD0E
:108560004FF4A063A4F82A31BDF80630B3F5A06F2C
:1085700028BF0023A4F8563103B030BD02230DF10B
:1085800006021121A8470028ACBFBDF806304FF6FF
:10859000FF73A4F82A31EFE710B4D0F82C41E407B8
:1085A00005D590F8F9015DF8044B05F023B96FF09B
:1085B00085005DF8044B70472DE9F041174603F143
:1085C00008020A440E46002180461C4608464FF029
:1085D000FF3300F0D1FC0546F0B140680022428034
:1085E00082804FF4004206704470C280B8F1000FE0
:1085F00005D026B13246414608300CF0BCFB5FB1D5
:1086000054B168684378A34206D103780833224600
:10861000394618440CF0AFFB2846BDE8F081000055
:1086200010B5044686B0B0F9021021480CF070FA7B
:10863000B4F906101F480CF06BFA61791E480CF073
:1086400067FA1E480CF064FA237933B31A0602D590
:108650001B480CF05DFA23795B0602D519480CF033
:1086600057FA19480CF0C4FA2178C1B16A4604F1EE
:10867000080005F030F9014614480CF049FA617819
:1086800089B1207808306A46204405F024F9014673
:108690000F480CF03DFA06B010BD0E48E2E70E4858
:1086A0000CF0A6FAEBE70D480CF0A2FAF3E700BFD6
:1086B000A9630100B6630100C1630100CA63010040
:1086C000D2630100DD63010015660100EC63010067
:1086D0000E640100E8630100FC6301001E640100F8
:1086E000002100F0EFBA00002DE9F043866891B058
:1086F000758C738AADF81830044605F02805884655
:10870000002931D091F90C30013352D14F683B79B7
:10871000D90654BF45F0010545F011053F2B9BBF1D
:108720003B787878244B083394BFDB1902202A0762
:108730001FD506F11601082296F81EC00CF1010E95
:1087400086F81EE00DF12809CDE9035CBDF818504C
:108750000090ADF80850ADF80450484604F0DEF93A
:1087600088B94046FFF7BCFF6FF0150011B0BDE8B7
:10877000F0833A7812B107F10801DDE794F854214B
:1087800004F5A671D8E7D8F80030CDE90739C0B2B2
:1087900009903B793F2B8BBFA36963690133013398
:1087A0008CBFA3616361336807A91B683046984793
:1087B000DCE76FF04C00D9E7648F01002DE9F04F42
:1087C000866833689C68002387B005461A461946B8
:1087D0003046A0470228074640F3B08000230246F7
:1087E0001946184600F0C8FB33680446D3F80880E1
:1087F00048B9034601463A463046C0470024204661
:1088000007B0BDE8F08F41683A4601AB3046C0473B
:10881000071E03DC2046FFF763FFEFE7AB6A013377
:10882000AB62EB6A3B44EB62D5F82C31D903B94615
:108830001DD500231A4619461846FFF7BDFE00282D
:10884000E8D043689DF806205A71BDF80420DA800C
:108850000DB1B5F9FA515D8023461A461B68002B0D
:10886000FBD110604946204600F02EFCC7E7606847
:1088700004F0DCF981460028CCD08742CAD3D4F872
:1088800004B06A4604A9584604F051FA6A46824682
:1088900002A9584604F0FDF9BAF1000FBADB00282E
:1088A000B8DDC1B25FFA8AF304AA02A8FFF784FE1A
:1088B00080460028AED0BAF1020F43680AD19DF875
:1088C00010209DF811100A40FF2A02BF1A7962F0A9
:1088D0007F021A719BF80020D20642BF1A7942F03B
:1088E00010021A719DF806205A71BDF80420DA8032
:1088F0000DB1B5F9FA515D80336804F10C025D6980
:10890000192101233046A84749460022204600F09D
:1089100071FB014620B92046FFF7E2FE40467AE7A8
:1089200083682046A7EB030900F0F6F923461A46B0
:108930001B68002BFBD1C2F8008093E700287FF76B
:108940005DAF33689C680023024619463046A04755
:1089500054E700001FB5054C0294079C0194069C47
:108960000094FEF7E7FE04B010BD00BF3C8F01008D
:1089700013B50C4C0823A38106F008FE204605F031
:1089800005FB04F1280006F041FF074B009307495F
:10899000019402234FF460720548FFF7DBFF02B039
:1089A00010BD00BF141D002030640100881F00208E
:1089B0008C1D0020FFF7DCBF38B5012105460B48B0
:1089C000F9F70CF90A4A002352F83300D90038B9F4
:1089D000084C0C4465600548F9F736F9204638BD67
:1089E0000133102BF0D10024F5E700BF88230020CD
:1089F0000C2300200823002010B5044608460CB9BB
:108A0000F9F7ACFB0029FBD0FFF7D6FF70B10023CC
:108A10000360D4F85C3133B11A461B68002BFBD1DC
:108A20001060002010BDC4F85C01FAE74FF0FF3081
:108A3000F8E7000013B508B9F9F790FB41F23323CA
:108A4000A0F86231EFF3108472B6B0F9FA310093F6
:108A500000F5B47100F5B073044841F28832006843
:108A60000BF020FB84F3108802B010BD7893010056
:108A700010B5044608460CB9F9F770FB0029FBD085
:108A8000FFF79AFF30B1D4F85C310360C4F85C01A1
:108A9000002010BD4FF0FF30FBE70121F9F79EB831
:108AA00010B50A4C0A48FFF7F8FF236823B9BDE860
:108AB00010400848FFF7F1BF0548F9F7C5F8054829
:108AC000FFF7EBFF0348F9F7BFF8EBE7902300202F
:108AD000942300208C23002070B504460E480D46D8
:108AE0001646FFF7DAFF0D4B1B680BB9F9F736FB9B
:108AF0000948F9F7A9F864B9EBB2042B01D920466B
:108B000070BD074B53F82540002CF8D06368B34282
:108B1000F5D02468F8E700BF9423002090230020BC
:108B20009823002010B5094C0948FFF7B6FF2368C9
:108B300013B90848FFF7B1FF236805485A1C1CBF4A
:108B400001332360BDE81040F9F77EB89023002080
:108B5000942300208C23002008B50A48FFF79DFFCE
:108B6000094A13680BB9F9F7F9FA591C05D0013B0A
:108B7000136013B90548F9F767F8BDE808400148E4
:108B8000F9F762B894230020902300208C23002062
:108B900070B50D46B1F908104B1E9BB21F2B06464F
:108BA00003D8144B53F821300BB9F9F7D7FA5B6AA5
:108BB0002BB1C3B2042B06D96FF0150014E00E4898
:108BC0000BF0A6FFF1E7FFF76BFF0C4B53F82620E5
:108BD000144654B92A600A4843F82650F9F734F885
:108BE0000848F9F731F8204670BDAC42DDD0246862
:108BF000EFE700BF3C0E00203A64010098230020FC
:108C00008C2300209423002038B5C3B2042B0446E3
:108C10000D461AD8FFF744FF0C4A52F82430AB42F5
:108C20000AD11B6842F824300948F9F70DF8BDE86D
:108C300038400848F9F708B81A461B68002BF3D0EB
:108C4000AB42F9D11B681360EEE738BD98230020D2
:108C50008C230020942300200A4601460020FFF7C1
:108C60003BBF70B505460E46FFF75CFF002004468B
:108C700032462946FFF730FF18B9FFF76DFF20464F
:108C800070BD0134F4E718B142680021FFF724BF3A
:108C9000704761B190F90C30032B04D0042B04D041
:108CA0006FF001007047FAF711B903F0D7BE6FF00B
:108CB0001500704718B190F90C308B4200D1704705
:108CC0000068F7E738B5012104461248F8F786FF37
:108CD00024B9BDE838400F48F8F7B6BF204600F089
:108CE000D7F808B9F9F73AFA637B002BFAD0012BD1
:108CF00025680BD10023D4E90101637300F0D6F895
:108D00001021204600F0D2F82C46E1E7013B6373C6
:108D1000FAE700BFAC23002003468B4210B508469B
:108D200006D10C6800210160FFF7CCFF204610BD82
:108D300031B11A4622B11168884203D1016811602D
:108D40001C46EFE70A46F5E770B586680446034619
:108D5000002173B98E420AD0204600F0B5F938B927
:108D6000256855B920682946FFF7ACFF256000202B
:108D700070BD9A681B681144EBE76068D5E9011281
:108D800030440BF0F8FFAB682D681E44E9E770B57E
:108D9000054600266DB1284600F00AF9044650B990
:108DA00001463046FFF78EFF21462846FFF78AFF2F
:108DB0002646304670BD056806600646EAE70000B4
:108DC00070B5184C03460733206823F007030021D1
:108DD00088B142689A420FD3D21A072A124E03442E
:108DE0000FD8026859B92260104A9B1B11889BB2A8
:108DF000994238BF138070BD01460068E8E70A60F9
:108E0000F2E79D1B0835B5F5C05F05D9002121604B
:108E10000168C3E90012E7E709B92360F8E70B60CE
:108E2000F6E700BFB4230020B8230020B0230020C1
:108E300008B501210748F8F7D1FE074A074B136030
:108E400000214FF4C052C3E900120248BDE80840B7
:108E5000F8F7FABEAC230020B4230020B82300208A
:108E600038B504460D4609480121F8F7B7FE24B984
:108E7000BDE838400548F8F7E7BE637B2B44FF2B7D
:108E800001D9F9F76BF963732468F0E7AC2300208C
:108E9000054B834206D803F5C053834294BF00209C
:108EA0000120704700207047B823002070B50246AB
:108EB00018B3FFF7EDFF08B3194D2868002308B178
:108EC00090421DD3073121F00701164C5618A41B00
:108ED000072C98BF0919C2E90001A3B92A601346FB
:108EE0001A6852B159681944511A072905D81168EE
:108EF0001960D11A52680A445A6070BDF9F72EF908
:108F000003460068DBE759681A601944511A0729BB
:108F1000E5D811681960D11A52680A445A60DFE72F
:108F2000B4230020B83B00202DE9F84381461020EF
:108F30000F4615469846FFF743FF044648B1CDB1AA
:108F40002846FFF73DFF064638B910212046FFF7B7
:108F5000ADFF00242046BDE8F8831FB12A463946FC
:108F60000BF009FF0123C4E90096A56084F80C808A
:108F70006373EFE72E46F5E7B2F5C05FF8B5054637
:108F80000E4614461F460FD801210848F8F726FE62
:108F900022463B4631462846FFF7C6FF04460348B3
:108FA000F8F752FE2046F8BD0024FBE7AC23002072
:108FB00038B5012104460E48F8F710FE1CB90C48DC
:108FC000F8F742FE12E0637B012BF8D9D4E90112D5
:108FD00094F90C302068FFF7A7FF054610B1637BBA
:108FE000013B63730248F8F72FFE2C46204638BD3C
:108FF000AC2300202DE9F0470D46044601213148FD
:109000009246F8F7EBFD35B12CB1D4F80880A845AD
:1090100001D3636833B92B48F8F716FE00263046B3
:10902000BDE8F0871020FFF7CBFE06460028F2D0FF
:10903000A8453FD0EB1D23F007039D423ED22846B2
:10904000FFF7BEFE074620B910213046FFF72EFF7E
:10905000E1E7A8EB0500FFF7B3FE814630B9102128
:109060003046FFF723FF29463846EFE761682A4676
:1090700038460BF080FED4E9011248462944521BC1
:109080000BF079FED4F8088060684146FFF70EFFC8
:10909000A8EB0503A3602368C4F80490C6E9003771
:1090A0000123B56086F80CA0737306482660F8F7B4
:1090B000CBFDB4E767684FF00009E9E7676807EBA5
:1090C0000509E5E7AC230020F8B504460D46244821
:1090D0000121F8F783FD0CB9F9F740F8D4E901262E
:1090E0001EB9002AF8D14DB117E0002AF4D010467D
:1090F000FFF7CEFE0028EFD0AE4204D11848F8F7B3
:10910000A3FD002012E035B931461046FFF7CEFE30
:109110006560A560F2E7AE4214D22846FFF750FE24
:10912000074620B90E48F8F78FFD0C20F8BD61689E
:1091300011B132460BF01FFED4E90101FFF7B6FE74
:109140006760E6E7E81DF31D20F0070023F0070342
:109150009842DED2311A1044FFF7A8FED9E700BFCB
:10916000AC2300202DE9F0414FF0000806460446EC
:10917000474654B9394642462D480BF0C9FC2146B2
:109180003046BDE8F041FFF79DBD3946A268294849
:109190000BF0BEFC94F90C104B1C052B46D8DFE8F5
:1091A00003F0031B212A333C23484FF0FF310BF01F
:1091B000AFFC6068FFF734FAA568A168A94206D938
:1091C000606800231022491B284406F029FBA3688D
:1091D000246801379844CCE7184800210BF098FC2C
:1091E0000025EAE7012116480BF092FCD4E90101C1
:1091F00009F056F9E0E7022112480BF089FC60689B
:1092000004F062FA2825D8E703210F480BF080FC10
:10921000606803F06FFC0425CFE704210B480BF0D6
:1092200077FC606809F0FEFB0825C6E70848D5E72B
:109230004665010091640100B6640100CA64010042
:10924000DE640100F6640100096501001E6501008D
:10925000306501001FB517480821F8F7AFFC6FF023
:109260008503039340F20523ADF80A306846F8F70A
:109270008EFCBDF8023040F20222934218D007D88B
:1092800040F2012293420CD00B480BF0B1FCEDE709
:10929000A3F20323012BF7D802A96846F8F74EFC86
:1092A000E4E706480BF0A4FC0198FFF75BFFDDE75D
:1092B0000348F7E7B83B0020A26501007365010091
:1092C0008B6501001FB5094CB4F9000060B9084B6B
:1092D000CDE90103074B0093062203464FF4B86122
:1092E0000548F8F729FE208004B010BDB8410020E1
:1092F000C965010055920000F83B002030F9081FB5
:10930000F8F7C0BBF0B5234CB4F9005087B006465F
:109310005DBB4FF0FF3305931F4B20481D70204B62
:10932000029305AF1F4B009301972B4605224FF484
:109330008061F8F701FE208050B301213846F8F72C
:109340004DFC194A9B235360114623881381032047
:10935000FFF71EFC01F092FB14491548F9F714FCC5
:109360001448802229460BF074FC3046FEF72AFA96
:1093700011490546FEF710FD002318460E491A460E
:1093800000F09EFC28460121FCF7FAFFB4F900002A
:1093900007B0F0BDFC430020A8430020FE4300209E
:1093A000D165010035940000B0430020FD9200001B
:1093B000BC410020D8410020548F010038B500F195
:1093C0002C05044629460A48F9F7BCFB4FF4FA611C
:1093D0004FF47A7006F076FB064B20631B88A38659
:1093E00003482946F9F778FB0023238538BD00BFE1
:1093F000BC410020FC43002038B500F12C05044698
:1094000029460A48F9F79EFB4EF648614EF6602061
:1094100006F058FB064B20631B88A38603482946A9
:10942000F9F75AFB0023238538BD00BFBC4100205B
:10943000FC430020F0B5082187B004467B487C4DF2
:10944000F8F7BCFB2046F8F7FFFB40F20523ADF828
:10945000123002A8F8F79BFBBDF80A3040F606125E
:109460009342F6D8B3F5106F10D840F20122934220
:1094700000F08E80A3F20323012BEAD86FF085035E
:1094800004A902A80593F8F759FBE2E76FF410620C
:109490001344052BDDD801A252F823F07B95000080
:1094A0005394000053940000B59400006B950000A5
:1094B0001D950000039C002CCBD02379002BC8D035
:1094C00004F12C075B483946F9F73CFB2379A66980
:1094D000012B08BF0223A3F1020208BF2371022A55
:1094E00014D80133237100231A46611D706900F0FE
:1094F000E7FB4FF4FA63236340F60413E3862B88FB
:10950000A38639464B48F9F7E7FAA2E7204601F06F
:1095100099F80021304601F035F99AE7039C94F858
:109520002A30012B95D094F82D10002991D194F870
:109530002C30032B15D8013384F82C3094F82120DB
:10954000A06904F1300600F0F3FD31463948F9F71F
:10955000F9FA40F6B8336363354B1B8823873146ED
:10956000D0E7201DFFF748FF73E703984369002BFE
:109570007FF46FAF01F0AEF86BE7039800283FF47B
:1095800068AF4369002B3FF464AF09F061F960E70D
:10959000039C0CB9F8F7E2FD02212046FFF78AFB95
:1095A0004FF0FF3106462046FFF784FB0146002EB0
:1095B000F0D010B14368B3F9021060687268437864
:1095C000032B0DD8DFE803F002111C2793885BBA48
:1095D0009BB20093043002F11803083200F0FCFB48
:1095E00000212046FFF76EFB33E793885BBA9BB2FE
:1095F0000093043002F11803083200F047FCEFE753
:1096000093885BBA9BB20093043002F118030832CE
:1096100000F0CEFEE4E793885BBA9BB2009304307F
:1096200002F11803083200F027FFD9E7BC430020FD
:10963000FC430020BC41002010B50121044609482C
:10964000F8F7CCFA08490B785A1CD2B20A7034B138
:1096500043F080040348F8F7F7FA204610BD03F002
:109660007F04F7E7AC430020A843002013B50C4665
:1096700012B11846FFF7E0FF2146022201F0A2F9DD
:10968000044600B3114A124BC0E907234FF4F873A4
:10969000C3844FF480730385012380F82A3090F847
:1096A0002E3043F0030380F82E300A211423CDE935
:1096B000003100F1400107480823B0F9000040F6EE
:1096C000011209F0D4F8204602B010BD01001403C5
:1096D0000A053C00FC43002008B5FEF766F80128A7
:1096E0000ED10020FEF75FF820B9BDE8084005481C
:1096F0000BF07EBABDE80840B0F9FA01FFF702BEF0
:1097000008BD00BFD565010070B500242046FEF7F6
:109710004AF8044608B9204670BD04F1520504F128
:10972000A2060549284603F032FE0028F3D1103581
:10973000B542F6D1EAE700BF548F01000021FFF7E0
:10974000C1BAF8B500230C4616461946142207463E
:10975000FFF712FC054620B93846FFF7EFFF284611
:10976000F8BD436805221A7012225A7000229A70BE
:10977000DE702146043304F1100251F8040B43F863
:10978000040B9142F9D1EAE72DE9F04F89B00026A8
:10979000139F03933E600D46144601F085F98246FF
:1097A000002840F01D814FF0000A504609B0BDE886
:1097B000F08F3B6808F1010843F001033B601FFA9A
:1097C00088F80134039B4345EFD92378082B19D837
:1097D00001A252F823F000BFB3970000FD970000EC
:1097E0000598000005980000199800006F99000086
:1097F000A3990000239900007D9800003B6843F086
:1098000002033B60637808F1020813FA88F8023318
:109810001FFA88F81C44D5E73B6843F010033B600F
:1098200095F82E3043F0010385F82E30608940BA58
:1098300080B201F02BF9034610B901F027F9034675
:10984000AB67E178A9772079E877627985F82020FD
:10985000E3885BBAA5F87E3023895BBAA5F87C3033
:10986000637B85F82130E38985F841105BBA6B840E
:10987000012383406B6485F84020C3E73B68B5F95A
:10988000240043F480733B6095F82E3043F00203CC
:1098900085F82E30FDF796FF814608B9F8F75EFC93
:1098A000D0F82C31DA0732D4E3785B06AAD504F17C
:1098B0001003059306AB03CB1023A278A061E161EE
:1098C0004846E118FEF7C0FA6368B9F9FA01A278D0
:1098D000B3F1FF3F19BA06D059459ABF4FF47A73D6
:1098E0004B436FF00103A168B1F1FF3F91FA81FC96
:1098F00007D0DC459ABF4FF47A7101FB0CF16FF091
:109900000101009104F11001FDF7DCF87AE790F80D
:10991000542106AB00F5A671FEF73EFE0028C3DB1E
:10992000C5E73B6843F080033B606378132B7FF40B
:109930003AAF94F90320E378002A05DA217D95F8FF
:10994000262091427FF42FAF5A0604D5A1782A78B9
:1099500091427FF428AF9B067FF554AF0499102203
:10996000201D0BF04DF900283FF44CAF1BE73B687E
:1099700043F020033B6004F10409E1784846FCF71A
:10998000EFFE6A8C95F8213053430093B5F92430EB
:10999000129AE1784846002E08BF2646FCF76AFE78
:1099A00030E73B6843F040033B600EB9002629E7EF
:1099B00006F10409F1784846FCF7D2FE6A8C637917
:1099C000F17853430093B5F92430129A4846FCF7D6
:1099D00051FE737802331E443378052BE8D0E5E757
:1099E0002B1DDFF808B00493B046EBE63789410041
:1099F00002064BB20DD5002B0FDA884202D2401A74
:109A0000803001E009D9401A0F28CCBF0020012086
:109A10007047002BF1DA01207047002070470000EA
:109A2000F8B5074615461E46084641B9FFF76CFED5
:109A3000044638B93846BDE8F840FFF77FBEFDF769
:109A4000C1FE0446174B002E08BF1E463DB9012239
:109A500031462046FEF78DF805460028EAD032460A
:109A600029463846FAF77EF806460028E2D0002359
:109A70001A4619461846FEF79FFD054608B93046B6
:109A8000D9E743680CB1B4F9FA415C8006492E600D
:109A90002B4640F202220220FDF756FC08B9284668
:109AA000C9E7F8BD548F01000000FFFF2DE9F04326
:109AB0000F468BB0044678B190F82E5015F0020591
:109AC00052D00023202219461846FFF755FA0546C2
:109AD00028B90020FFF732FE0BB0BDE8F0834668DE
:109AE000082333701E2373704023F370B370B4F9EE
:109AF0002490002304F10408029303AA02A9484613
:109B0000FDF788F80028E4D0414603A803F055FC8F
:109B10003F28F2D9684B18684369013335D00AF001
:109B20001EF9089A531C1EBF121A4FF47A73B2FB27
:109B3000F3F2099B591C1EBF1B1A4FF47A71B3FB39
:109B4000F1F31BBA002112BAB36006F11003726080
:109B500031737173B173F173102218460BF079F8F9
:109B6000B278414603F048FC94F82E30DB0739D533
:109B70000023102219462846FFF7FEF948B9284667
:109B80000BB0BDE8F043FFF7D9BD83685B68984729
:109B9000C7E742680423137000250E2395705370A5
:109BA000A37FD370E37F137194F820305371A369BE
:109BB000B3F87E1049BAD180B3F87C109B6F1B8834
:109BC00015735BBA49BA1181538194F821305373EC
:109BD000638C5BBAD38194F82E3023F0010384F8B0
:109BE0002E3005460023182219462846FFF7C4F9EF
:109BF00006460028C3D042682378137094F82630B4
:109C0000537094F82A30022B1DBF238D5BBA9BB290
:109C10004FF6FF73538094F8743094F82710DB00EC
:109C200043EAC113617F0B431371237F537104F126
:109C3000040C00239371D37104F1140E08326546AD
:109C4000634603CB7345106051609C4602F10802E5
:109C5000F6D1042301229B213046F9F727F908B9F0
:109C600030468DE702460023916812680B44002AB3
:109C7000FAD1C7B13978FF3918BF0121EFF3108647
:109C800072B60E4A89B9916901319161D16919445D
:109C9000D16186F310880095B4F924103B46002268
:109CA000FFF7BEFE18E73946E8E711690131116197
:109CB000516919445161ECE774930100D8410020C7
:109CC0002DE9F74F06460D469A46904612B133BB32
:109CD000F8F744FA1346414604224046FFF74CF990
:109CE000044620B903B0BDE8F04FFFF727BD436835
:109CF00040F201221A600023022219462046FFF793
:109D00003BF90746D8B1436800241C705C702246BA
:109D100004239B21F9F7CAF878BB3846E2E7002410
:109D2000A14658F8297097F800B0BBF1070F1FD172
:109D30000023152219462046FFF71EF908B92046D0
:109D4000D0E743684FF0130283F800B05A70BA7836
:109D50009A70FA78DA70191D3A1D07F1140452F856
:109D600004CB41F804CBA242F9D13A7D1A750446DE
:109D700009F10109CA45D4D1BDE703469A681B68B9
:109D80001444002BFAD1DDB12978FF3918BF012125
:109D9000EFF3108772B60F4BA1B99A6B01329A6339
:109DA000DA6B2244DA6387F3108806B104360022A6
:109DB00000962B461146FFF733FE03B0BDE8F08F47
:109DC0002946E5E71A6B01321A635A6B22445A633B
:109DD000E9E700BFD8410020F0B585B00746BDF8DF
:109DE00028501646C3B11978FF3918BF0121EFF387
:109DF000108072B6224C89B9A26A0132A262E26A6C
:109E00002A44E26280F31088052D1AD91B781D4C74
:109E1000FF2B18D100230FE01946E8E7226A013230
:109E20002262626A2A446262ECE751B1022A08D0D7
:109E3000154808F049FD0123617894F82A20002B89
:109E4000F3D005B0F0BD6378002BFAD003AAAB1FA6
:109E5000CDE9006200209BB2BA1C21460390FFF7B7
:109E600093FC0028EDD094F82E30314643F00103E6
:109E7000204684F82E3005B0BDE8F040FFF716BE4E
:109E8000D841002018430020584300202DE9F04F0E
:109E900087B017460022BDF84080039205460E4663
:109EA0001BB11B78FF3B18BF0123EFF3108172B683
:109EB0009D4AFBB9936801339360D3684344D360F0
:109EC00081F31088B8F11B0F6ED9287803A900F030
:109ED00033FBA8F11C08039C1FFA88F8002800F047
:109EE00086806A884FF6FF739A420AD1204600F0B6
:109EF000F1FB59E013680133136053684344536026
:109F0000DEE72B79C3F3C20384F87430002000F03D
:109F1000BDFDA0672EB9FFF7F7FB064628B9F8F795
:109F20001DF93046FDF74EFCF7E7B0F9FA2103982A
:109F300005F1080100F008FD039C04F10409002369
:109F400004AA39464846049300F01EFBDDE90312DB
:109F500010B90AB90846CAE76B7884F826302B791D
:109F6000D80903F0070384F8270063776B885BBA8E
:109F7000D3820023059305ABCDE9007305F11802E8
:109F800043460120FFF700FC08B90398AFE7059BA3
:109F900013F010050BD1039800F09CFB2B462A46CA
:109FA00039462846FFF78CFE07B0BDE8F08F4946DA
:109FB0003046FDF7CBFD0028E7DB4846FFF7FEF90A
:109FC00094F82020E37F0192A27F5848009201225A
:109FD00002FA03F304F14001B0F9000040F6011267
:109FE00008F045FC0499484600F0CCFBDCE7002C67
:109FF000DAD004F10409102205F1080148460AF0FC
:10A00000FFFD82460028CFD12B7994F87420C3F34A
:10A01000C2039A42C8D16E7894F826B030465946A9
:10A02000FFF7E6FC30B394F82A30012B1CD133063D
:10A0300018D5FF2E1ABF0136F0B2504684F826001C
:10A0400004F1400008F040FC94F82A30012B1CD1A8
:10A050006A884FF6FF739A4204F1400012D008F06C
:10A0600045FCA1E77F2EE5E784F82660484600F02E
:10A070006BFBE9E731465846FFF7BAFC0028E3D00E
:10A0800004F1400008F020FC8EE7002304AA3946C2
:10A090004846049300F078FA049B30B9002B83D033
:10A0A00004F1400008F022FC01E0002BF8D10499F3
:10A0B00000293FF434AF6B885BBACB82484600F08E
:10A0C00061FB049B1A7952B96B884FF6FF72934279
:10A0D0007FF46AAF228D9A423FF466AFD0E762699F
:10A0E00093427FF461AF5A7D6B799A4202D0484621
:10A0F000FFF764F9049B6A795A752B790399DA0999
:10A1000003F007036377002384F82720059305AB4A
:10A11000CDE9007305F1180243460120FFF734FB37
:10A1200000287FF441AF30E7D8410020FC430020F5
:10A130002DE9F04F0E468FB093460446002800F0FC
:10A14000828090F82A30012B7DD019B94669002E03
:10A1500079D00536271D3846FDF7FDFD81460028DC
:10A1600071D03946FDF7F2FCB0F1000A6BDB002339
:10A1700004939846B4F9241005AB04AA0020FCF718
:10A1800025FBD0B909EB0A110390802232314046F9
:10A19000FFF7D7FA8146002855D094F9002025789A
:10A1A000002A54DA039B10223946FEF7E5FE002808
:10A1B0004CD14846FFF7C2FA45E000230622194673
:10A1C0004046FEF7D9FE054608B94046F2E7436827
:10A1D00006221A7004225A7000229A70DA701A71DC
:10A1E00083F805B09DF81430FF2B07D19DF815308A
:10A1F00003F00F030E2B16D0A846BBE73C490822FC
:10A2000005A80AF0FDFC0028F6D03A49102205A85E
:10A210000AF0F6FC0028EFD03749102205A80AF012
:10A22000EFFC0028E8D03349102209A80AF0E8FC26
:10A230000028E1D028469DF8342005A9FFF781FACF
:10A2400005460028D8D10FB0BDE8F08F8146002325
:10A25000042219464846FEF78FFE80460028A8D003
:10A26000ED09436822781A70AD0165F07F055D70D5
:10A2700094F82B20DA7000259D70022204239B2184
:10A28000F8F714FE0028A0D003462A4699681B68F8
:10A290000A44002BFAD13378EFF3108572B6FF2B06
:10A2A000164B1CD1996D01319965D96D1144D96551
:10A2B00085F31088009733460022B4F92410FFF785
:10A2C000AFFB94F92B2094F82B30002A0EDAFF2BE9
:10A2D0001ABF0133DBB2002384F82B30B3E7196DCA
:10A2E00001311965596D11445965E1E77F2BEFE79D
:10A2F000968F0100B68F0100A68F0100D841002083
:10A30000F7B50E4617460446002841D090F9005094
:10A31000ED0F14BF1823082303229B210020F8F718
:10A32000C5FD002834D0436822781A71002D31D041
:10A3300080225A7103F10801221D04F1140552F81C
:10A3400004CB41F804CBAA42F9D100259F71DD71FD
:10A3500003469A681B681544002BFAD1E6B133789E
:10A36000FF3B18BF0123EFF3108172B60F4AABB960
:10A37000936F01339367D36F2B44D36781F31088B6
:10A38000231D0093B4F9241033460022FFF748FB45
:10A3900003B0F0BD5D71D8E73346E4E7136F0133D6
:10A3A0001367536F2B445367E8E700BFD841002081
:10A3B0002DE9F04385B00546BDF8304016461BB187
:10A3C0001B78FF3B18BF0123EFF3108172B6294AB7
:10A3D000002B3BD1936C01339364D36C2344D3643F
:10A3E00081F31088072C42D96B785A0601D5172CB7
:10A3F0003DD9A94619F8040B00F0BAF80746002821
:10A4000035D06B785B0600F1040826D4083C97F839
:10A410002A20022AA3B22AD00022039203AACDE95D
:10A42000006239464A460220FFF7AEF9F8B195F9C5
:10A430000130002B04DAEA7831463846FFF760FF36
:10A44000404605B0BDE8F043FEF7B8BF136C0133DA
:10A450001364536C23445364C2E7102249464046B8
:10A460000AF0CEFB18B905F11409183CCFE705B086
:10A47000BDE8F083D841002070B50446BDF8101047
:10A48000002B40D01878FF3818BF0120EFF310855B
:10A4900072B6224A002838D1906E01309066D06E94
:10A4A0000844D06685F31088002B35D01B78FF2B2D
:10A4B00032D0072930D994F90130002BB4BF1823CA
:10A4C0000823994228D1207800F052F8054618B3A5
:10A4D00094F90130002B00F1040605DA1022211D49
:10A4E00030460AF08DFBB8B9E37823B1A27895F82D
:10A4F0002B309A4210D1012385F82D303046BDE82B
:10A500007040FEF779BF1846C0E7106E0130106644
:10A51000506E08445066C5E770BD00BFD8410020AA
:10A5200090F82A20022A02D1403008F0C5B901492A
:10A53000FFF7BCBA548F010000230B600B4B5A7815
:10A540006AB90B600B6873B14FF480721870DA67E8
:10A550000120002258705A61C3F88C3070471A7875
:10A560008242EFD10B600020704700BF18430020EB
:10A57000044B02465878197818B191420CBF18461E
:10A5800000207047184300202DE9F0472B4F00268C
:10A5900080460D46144616604FF0010AB9463B79D5
:10A5A000002B39D1BAF1000F00D027604FF0000A1C
:10A5B0004036C02E07F14007F1D12368002B36D07A
:10A5C0000022C3F818801A60D8F81030002B31D060
:10A5D0001A461B68002BFBD12368136023680122F5
:10A5E0001A7129465A1D05F1100051F8045B42F812
:10A5F000045B8142F9D14FF6FF72DA82104803F111
:10A600002C01F8F79FFA23680022DA6240F6041260
:10A61000DA869B6301200BE0BB694345C8D129461C
:10A62000781D02F0B4FE0028C2D04E4426600020FF
:10A63000BDE8F0872368C8F81030CFE75842002003
:10A64000BC41002037B5044608B9F7F787FD856996
:10A650002B69834213D100210846FCF781F8226858
:10A660006AB1E88B697FB5F9203011FB00F10A313E
:10A6700089B20091002105320846FBF7FBFF2B69E8
:10A68000A3420ED123682B6104F12C010948F8F78D
:10A6900059FA4022002120460AF0DBFA012003B0DB
:10A6A00030BD1A461B68002BEED0A342F9D12368B7
:10A6B0001360E9E7BC41002038B50446006920B1C9
:10A6C0000568FFF7BFFF2846F9E74FF6FF73A3843D
:10A6D00038BD000010B504460430FFF7EDFF04F16B
:10A6E000400008F0E9F804F130010748F8F72AFAC9
:10A6F00004F180010448F8F725FA90220021204651
:10A700000AF0A7FA012010BDBC410020416910B534
:10A71000044680310A48F8F715FA6169084841F2A1
:10A720008833C1F8843040F60513A1F88A30054B10
:10A730001B88A1F88830BDE810408031F8F7CCB90B
:10A74000BC410020FC43002010B5037E013303769A
:10A75000036904462BB1FFF7AFFF00210846FBF762
:10A76000FFFFA28C4FF6FF739A4209D004F13C0020
:10A77000A38408F0A9F82046BDE81040FFF7C6BF43
:10A7800010BD00002DE9F04F044685B00D4681B3A1
:10A790000B7973B3012301F12C060B716448314628
:10A7A000F8F7D0F9637FE28B6148013B53434FF4E4
:10A7B0007A7253432B6340F60413EB865D4B1B8880
:10A7C000AB863146F8F788F92669AE4211D10021EF
:10A7D0000846FBF7C5FFE28B637F13FB02F30A33E6
:10A7E0009BB200930021B4F92030721D0846FBF79C
:10A7F00041FFD4F810B0A38C0293BBF1000F05D138
:10A80000204605B0BDE8F04FFFF79EBF4FF0010AAC
:10A8100000234FF0000921692361C84691B109F175
:10A8200001090A460025554503DA12680135002A58
:10A83000F9D10E4657461146002D58DC002FEDDDAC
:10A8400000294FD1B8F1000F01D0C8F80030B9F19C
:10A85000010F4FEA4A0ADCDC2369D98A4FF6FF72FE
:10A860009142CDD09B451DD0606990F87430023B79
:10A87000012B07D800220BF10501FFF759FC2046F8
:10A88000FEF79CFD00210846FBF76AFFE18B637F22
:10A8900022694B4300930021B4F920300532084669
:10A8A000FBF7E8FE63699B6F00215B6820469847D1
:10A8B000029BA084834203D004F13C0008F004F81A
:10A8C000206970B36369A28CB3F87C10C38AB2FBB1
:10A8D000F1F2B3FBF1F39A42056801D8FFF7B2FE3B
:10A8E0002846EEE77DB90A46013F096804E007B152
:10A8F00049B932463668013DB8F1000F0FD0C8F8AB
:10A900000020904698E762690391926F3046926802
:10A910009047002803994FF00003E4DCE9E7226147
:10A92000EFE72369002B3FF46BAF05B0BDE8F08F74
:10A93000BC410020FC430020022380F82630002187
:10A940004069FFF7B3B80000F8B50D461746044656
:10A9500008B143780BB9F7F701FC1046FCF732FF5A
:10A96000221D06462B4605F1100E944618685968BC
:10A97000154603C5083373452A46F7D10E4B0F4AD7
:10A98000A262C4E915344FF44573E3830C4B236290
:10A9900000232377A38540F60613A461A784E4630C
:10A9A000638736B1D6F82C319B0702D46046FFF797
:10A9B000C3FF0120F8BD00BF21A50000FFFF00F08C
:10A9C0000A053C00264BB3F900302DE9F3418046DF
:10A9D0000C46174623B90025284602B0BDE8F08191
:10A9E0000D780023FF2D019322D14B7803F00F0344
:10A9F0000E2BF0D12046FDF797F906460028EAD045
:10AA000001A94046FFF798FD0028E4D00020019DF1
:10AA100000F03CF84FF4807385F87470EB67A8671A
:10AA2000B6F9FA2121462846FFF78EFFAD61D3E73C
:10AA30000C49082220460AF0E3F860B10A491022C6
:10AA400020460AF0DDF830B10849102220460AF00D
:10AA5000D7F80028CED10435EDB2012DCAD9BAE716
:10AA6000FC430020968F0100B68F0100A68F0100E5
:10AA7000002380F826303C3007F026BF08B500F0F0
:10AA800077F8014B186008BD00480020054B1B6893
:10AA90000BB900F06DB81A8882420CBF184600202E
:10AAA000704700BF0048002070B505460024A3424F
:10AAB00003D81B1B5842584170BD107818B9013497
:10AAC000A4B20132F3E7A61C9E42F2D8043804284F
:10AAD00009D8DFE800F003161D081100012D15D17B
:10AAE00050780E2812D1507810FA86F6B4B29C42F3
:10AAF000DFD202300244DAE7012D07D150781E2858
:10AB0000F0E7022D02D150781228ECD90020D3E7CB
:10AB1000022DFBD191F874005478012814BF042051
:10AB200014208442DEE77047036961B983B1D98A92
:10AB30004369B3F87C0008444FF6FF7380B2884243
:10AB400038BF18467047002BF2D14FF48070F2E7FF
:10AB50004FF6FF707047C28ACB8A9A4203D38CBFEC
:10AB60000120002070474FF0FF3070477047000011
:10AB700000487047200200200021FEF7A3B8000023
:10AB80001FB50A4CB4F9000000280CDC084B094A38
:10AB90000293002300920848019303224FF470713E
:10ABA000F7F7CAF9208004B010BD00BF044C0020A4
:10ABB000096601008DAC00004448002010B5034632
:10ABC0000446064940F201220220FCF7BDFB20B9F1
:10ABD0002046BDE81040FFF7CFBF10BD0000FFFFCB
:10ABE00010B590F90C300133044601D0F7F7B6FAEE
:10ABF0004368B3F90200FCF7E5FD40F20222B0F928
:10AC0000FA012146FCF795FB002804DC2046BDE84C
:10AC10001040FFF7B1BF10BD2DE9F04188461F4637
:10AC2000044608B9F7F79AFA002AFBD00668002311
:10AC30005EB9B2F856210AB19A420AD33A46204682
:10AC40000021BDE8F041FFF7CBBFB16836680B4487
:10AC5000EEE7B8F5006F17D200F0D6FA054628B92E
:10AC60000C212046BDE8F041FEF72CB80460A0F8A6
:10AC7000048000F0D1FA2E81E8803A462946204629
:10AC8000BDE8F04100F0D3B97A21EAE780B588B099
:10AC900000230593A3F580330693604B60481B881F
:10ACA000ADF81C300821F6F789FF05A90120FDF752
:10ACB0006FFF40F20523ADF80E3040F202266FF030
:10ACC000850701A8F6F763FFBDF80630B3F5017FED
:10ACD0001DD8B34200F2958040F20122934221D068
:10ACE000B342EED1029D1DB3AB68072B20D92B6870
:10ACF000F3B193F90C30022B1AD12846FEF758F91C
:10AD00000446A8B14368002B4CD1F7F727FA40F26C
:10AD1000252293427BD040F226229342D1D100F0EB
:10AD2000BDFACEE7029D2846FEF742F9044618B95F
:10AD30002846FFF721FFC4E70121FDF7BBFF08B15B
:10AD400082680AB92046F4E743681B78412B15D185
:10AD5000FEF72EF905460028F4D001221146FEF731
:10AD600049F901460028EDD02046FDF7D5FF022322
:10AD700000222B731146FFF721FFA2E703F0D80250
:10AD8000C02A09D003F0E003602BDBD1002211467A
:10AD9000204601F099F994E700221146204600F080
:10ADA0000AFA8EE7B3F90200FCF70CFD256880462D
:10ADB0004FF0000965B9B8F1000FC3D0D8F82C31B5
:10ADC000DB0509D52A462946204601F08BFB78E7AA
:10ADD000AB682D689944EDE701231A4629462846B9
:10ADE000FEF7CAF80028ADD02368036043682060EE
:10ADF00041221A7049462B4642462046FFF70CFF77
:10AE00005FE703A901A80497F6F798FE59E7002227
:10AE10000299104600F00BF953E700BFC00E002066
:10AE20000448002008B5084B18684369013306D070
:10AE300008F095FF4EF66023B0FBF3F008BD836881
:10AE40005B689847F6E700BF7493010038B50C4C77
:10AE5000142303FB00440546638A23B9637C23F073
:10AE60001003637438BDFFF7DDFF064B53F8253040
:10AE7000834202D800236382F0E71B1A6382F1E762
:10AE80004C4C00200C4C00202DE9F0410121804663
:10AE90001048114CF6F7A2FE00252F462E46F0B2C0
:10AEA000FFF7D4FF237C53B14146204602F085FAD8
:10AEB000237C834203D8A84284BF27460546013637
:10AEC000102E04F11404EAD10248F6F7BDFE38460C
:10AED000BDE8F081084C00204C4C00200F2838B50C
:10AEE000054613D801210A480A4CF6F777FE284692
:10AEF000FFF7ACFF142303FB05440548237C1BB17B
:10AF0000F6F7A2FE204638BDF6F79EFE0020FAE7CF
:10AF1000084C00204C4C00200F28F8B506460F4680
:10AF200014461D4632D87AB301211948F6F756FE69
:10AF3000184B142202FB06339DF818205D82802CEA
:10AF400028BF8024002D0CBF002202F0010246EA37
:10AF50000212394618461C745A741C4602F017FA3D
:10AF6000014640B91022204609F073FE227C394682
:10AF7000204602F041FAFFF755FF074B054404480D
:10AF800043F82650F6F760FE2046F8BD0024FBE7A4
:10AF9000084C00204C4C00200C4C00202DE9F041C6
:10AFA00080460D4616461C460DB1B44202D32046DB
:10AFB000BDE8F081AB686968371B9F4228BF1F4618
:10AFC00008EB0400BAB23C4409F0D5FEA4B22D68E7
:10AFD000EAE7F8B50E460178934228BF134601F11F
:10AFE0000802024405461F46083010F8073CFDF7EA
:10AFF000E3FA044678B142682B6813606B685360CB
:10B000000021084601233A46FDF7B6FF014628B95C
:10B010002046FDF757FE00242046F8BDB38842685D
:10B020005BBA1380F3885BBA53802060F4E72DE9A4
:10B03000F74F0C4609B9F7F791F80A68136800272B
:10B04000002B51D1824201D00028F4D15368002B4B
:10B05000F1D0B3F90200FCF7B5FB2589D4F800B0B4
:10B06000002D45D1A38890F85661DBF80400DB1B66
:10B0700006FA83F6043E26F00706F61AB6B23A46FA
:10B08000331D2146FFF7A5FF0746002800F08A8000
:10B0900003687A685868037863F03F0300F8043B5C
:10B0A000137943F010031371DBF8001032462B467E
:10B0B000FFF774FF2A46064629463846FFF790FDFB
:10B0C000002E6FD0238901941E44268140F225234F
:10B0D0006846ADF80230F6F7C1FC002862D003B034
:10B0E000BDE8F04FF6F7EABE99681B680F44A7E782
:10B0F000BD4257D2B0F85691DBF80400A9F105091A
:10B1000029F007091FFA89F909F10503C5F10502BC
:10B110009BB23A442146FFF75CFF8046002841D0AD
:10B1200003685A68924600211AF8053B63F01F0332
:10B130001370A388DB1B2B44DB101371DBF800605A
:10B1400076B38D4201D1002314E0B368CA1892B2DD
:10B15000954222D2691A89B25B1A4B4528BF4B46E9
:10B160009B4673685A461944504609F004FE3668F7
:10B170001FFA8BF34A4631465046FFF70FFF05444E
:10B18000AF4281BFD8F80420137943F01003137144
:10B19000002206461146404690E736681146CFE742
:10B1A0003346E7E720680021FDF78CFD002323608C
:10B1B00003B0BDE8F08F4368197801F0F801C029A9
:10B1C0002DE9F041044617461CD0E02915D11D7920
:10B1D000ED002668D6F8048001213046FDF740FED8
:10B1E0003B462A462146404600F00EFA10B1414641
:10B1F00000F024FA0021304600E00021BDE8F041D3
:10B20000FDF760BD0025E4E702480368002B18BF86
:10B2100000207047904D0020024B1888013080B20A
:10B22000188070478C4D00204269013201D008F02F
:10B2300096BD83685B6818470021FDF743BD000099
:10B2400007B5074B07481B88074A084900681BB227
:10B250000093074B08F026FF03B05DF804FB00BF26
:10B26000C00E002078930100C0C62D009C4D002028
:10B2700040020020002203680BB90383704719685D
:10B28000C3E900220160F6E710B508B9F6F766FFDA
:10B29000FFF7F0FF0023036210BD0000F8B50C4B70
:10B2A0000C4C18680C4FFFF7BFFF04250646206AB8
:10B2B00040B1E369F31ABB4204D9FFF7BDFF204652
:10B2C000FFF7E2FF013D04F12404F0D1F8BD00BF17
:10B2D00078930100AC4D0020C0C62D002DE9F04F41
:10B2E00016468BB00246099312F8083B05920833C4
:10B2F000C31804934B681A7802F0F802C02A044677
:10B300000D4602D186B1F6F729FFE02AFBD11A7962
:10B31000B6EBC20FF7D15A1D00928A683EB1042ADB
:10B3200007D9A2F1050B13E01A1D00928A68032ABF
:10B3300008D82846FFF780FF4FF0FF3420460BB0B7
:10B34000BDE8F08F009909784129EAD0A2F1040BF9
:10B35000BBF1000FEDD01A8852BAC2F30A02039271
:10B360005B885BBAADF81E309BB20893FFF796FF7F
:10B3700023780193637802939E4B9F4C1868FFF7E4
:10B3800053FF4FF0000806904746C246236AA14685
:10B39000002B00F0C880E38A089A934240F0C680F0
:10B3A000238B039A9A4240F0C180237D019A9A42EE
:10B3B00040F0BC80637D029A9A4240F0B780019AC7
:10B3C0000599201D09F01CFC002840F0AF80029A6E
:10B3D000049904F10C0009F013FC002840F0A68049
:10B3E000854B242202FB0A33069ADA61FFF728FF15
:10B3F0005446DFF804C22420604300EB0C0706EB40
:10B400000B033A8B93420BD9386AFFF715FF284696
:10B41000FFF712FF3846FFF737FF8DE7C846B5E75D
:10B42000B1B25CF800804A1E5A44434692B25BBBFC
:10B430004A1E12FA8BF292B2DFF8C49101921FFAFF
:10B440008BFA39F833204FEAC30E7ABBDFF8B49198
:10B45000019ACE444CF800E0AEF80410AEF8062095
:10B4600049F833807B8BDFF8908153447B837EB334
:10B47000242303FB04880099D8F8203058685A46E2
:10B48000304409F078FC1FE0B3F804E0724509D3BA
:10B49000B3F80690494505D8714540F09F804A456C
:10B4A00040F09C8076450FD01B68C0E70133342BF9
:10B4B000C7D1242303FB04C34FF0FF34186AFFF7FE
:10B4C000BBFE3846FFF7E0FE2846FFF7B5FE35E73E
:10B4D000009B1B7803F0E002602A1ED16B681B788A
:10B4E00003F0D803C02B04D0242303FB0483186A81
:10B4F0008BE7012204212846FDF77CFD0028F3D0CC
:10B5000032463946284600F0DFFD242303FB04833E
:10B510001B6A002B7FF412AF0EE7412B02BF009B8A
:10B5200001330093A4E7002F08BF2746B8F1000FAE
:10B5300009D0E269D8F81C309B1A6FF000429342A0
:10B5400034BFA146C1460AF1010ABAF1040F04F161
:10B5500024047FF463AF57B9D9F8200000283FF4E2
:10B56000D2AEFFF769FE4846FFF78EFE4F46099BB5
:10B57000039AB3FA83F300215B095B000846FDF7E9
:10B58000FBFC386200283FF4D4AE436813B10022BC
:10B590001A605A60039B3B83069BFB61019A0599E5
:10B5A000381D09F0E8FB029A049907F10C0009F034
:10B5B000E2FB019B3B75029B7B75BDF81E30FB8255
:10B5C00000237B83FFF73CFE0B4B0C4AFB1A9C10BD
:10B5D000002B02FB04F4BFF60CAFAAE6242303FB06
:10B5E00004C36FF00104186AFFF726FE3846FFF720
:10B5F0004BFEA3E678930100AC4D0020398EE33872
:10B60000424E00203C4E0020F8B51F4604460D4631
:10B610001646FFF763FE831C05D13B46324629469A
:10B620002046FFF75BFE0028A3BF034B242202FB4A
:10B6300000300020F8BD00BFAC4D002038B50D46ED
:10B64000044608B9F6F78AFD0029FBD0428B038B2C
:10B650009A422ED1437D017D00F10C020430FCF7AB
:10B66000ABFF236A40B91846FFF7E6FD2046FFF717
:10B670000BFE4FF0FF3038BD4268B5F90210518023
:10B680002979117169795171B5F90610D18033B1F9
:10B690001A4611461268002AFBD10860184600229B
:10B6A00020621146FFF78AFA2046FFF7EDFD0120E0
:10B6B000E1E70020DFE700003C280FD8282806D863
:10B6C000002818BF11280CBF012000207047064B2E
:10B6D0002938C0B2C34003F001007047A0F18703CE
:10B6E00058425841704700BF0D000800024A1368D5
:10B6F0000360536843607047968F010008B508B92E
:10B70000F6F72CFDBDE80840B0F90200FCF75AB886
:10B710001022002109F09DBA0021FDF7D3BA0000E4
:10B7200010B50A490822044609F06AFA48B123789C
:10B73000FF2B08D1607800F00F00831E584258415B
:10B7400010BD0120FCE70020FAE700BF968F010042
:10B750002DE9F34188461A490346086849681546A9
:10B760006A4603C2184623B35E7C16F0100625D144
:10B770001C7C802C20D0402C20D9E708F91F781C95
:10B78000C7F10F022944404409F03AFAB0B93D44E8
:10B7900018F8073015F8080C04F00704584004F1B5
:10B7A00008030DEB030414F8083C1840B0FA80F0CD
:10B7B000400902B0BDE8F0810120FAE70020F8E777
:10B7C0000D66010010B50446084611468368934291
:10B7D00003D90022FDF70EFC20B101462046FDF7FB
:10B7E0009BFA012010BD70B505460E46144622B1E5
:10B7F0001046FFF73FFD002323623046FFF78CFF22
:10B800002846BDE87040FFF787BF00002DE9F04FE4
:10B810008B4687B01C4692460AB9F6F79FFC036830
:10B82000002B00F023815E68BF496023237006F17E
:10B830000807002363701022384609F0E1F9002858
:10B8400040F091804FF00009337EFF2B00F018820A
:10B8500006F118052846FFF717FB8046002800F080
:10B860000F82437CDB0640F10B82294601F0A5FDE7
:10B870003F2840F20582B9F1000F40F0068298F8A7
:10B880001130180700F00C82637863F07F03637057
:10B890000023A370032533687278307823F4704353
:10B8A00023F0FF0311090201002B7AD10A43D2B21F
:10B8B0002378002A69D143F018032370B279104627
:10B8C000FFF7FAFE002800F09480237843F0040389
:10B8D0002370F379402B00F09080FF2B00F09180D3
:10B8E000012B40F09280237843F0010323708E49AE
:10B8F0001022384609F084F9002840F08A806378E5
:10B9000043F040036370337EFF2B40F05581637832
:10B9100043F008026270728B6719002A40F01C81A4
:10B92000F269002A40F01881328C002A40F014811C
:10B93000727E022A40F0DF80326A002A40F0DB800B
:10B94000B28C002A40F0D78096F82620002A40F0DA
:10B95000D28043F00B03637096F827303B700135BB
:10B96000ADB2284683E03846FFF78EFA81460028BC
:10B970003FF468AF437CDA067FF564AF394601F0E7
:10B980001CFD3F287FF65EAF5EE743F01003237097
:10B99000337871781B016A1C43EA1113635595B221
:10B9A0008CE702F030006B1C08439BB218D1227860
:10B9B00042F00802227032683178C2F30322891003
:10B9C00042EA81126255326812BAC2F30B22E25483
:10B9D0009D1C326801339BB212BAE254ADB26DE7DE
:10B9E0000A43625532680235C2F30322E254ABB215
:10B9F000E9E76B1C62559DB26BE7237843F00203C5
:10BA000074E7237843F0030370E76A1C635595B22B
:10BA10006DE7B9F1000F0FD13846FFF781FEB8B9D5
:10BA2000631907F1100257F8041B43F8041B9742EF
:10BA3000F9D11035ADB266E7637843F04003637027
:10BA400099F8112011071EBFA37843EA0213A370CF
:10BA5000002200235046CDE90223FBF7BEFEDAF8B0
:10BA60002C31DA0706D45046FBF7BEFE002007B0A3
:10BA7000BDE8F08F9AF8542102AB0AF5A671504642
:10BA8000FCF78AFD0028EEDB5046FBF7ADFE32697D
:10BA90000092DDE902027169009B94F801C09142B5
:10BAA00008BF834209D002AA39464846CDF804C0EF
:10BAB000FFF74EFEDDF804C010B14CF0300321E773
:10BAC000009BB3F17F4F04EB05012AB20AD1B08A83
:10BAD000FE2807D14CF020036370F38A63530232CF
:10BAE00095B210E74CF01003637033690B60736913
:10BAF0004B600832F4E7718C2AB2B9B996F8241079
:10BB0000A1B943F00A036370737E3B700135ABB299
:10BB1000B6F82510E15214FA85F596F82730AB7087
:10BB2000043295B21DE700BFB68F010096F82210CF
:10BB3000002940F0998043F009036370737E3B70E5
:10BB40000135ABB2D6F82310E15014FA85F596F81A
:10BB500027302B710632E4E7B38BADF80830F38B56
:10BB6000ADF80A30338CADF80C3002A8738CADF808
:10BB70000E30FFF789F9002876D0437CDB0673D5B9
:10BB8000027CF37E9A426FD1637843F004036370C2
:10BB9000437C13F00F031EBFA2781343A370737E80
:10BBA0003B706B1C9BB2B27EE254AB1C9BB2726AC0
:10BBB000E2500635ADB2D4E6B8F1000F05D106F17A
:10BBC0001800FFF7ADFD00284ED09BF80130002B88
:10BBD0004AD0B8F1000F0BD0637843F004036370D0
:10BBE00098F8113013F00F031EBFA2781343A3700F
:10BBF0009BF800109BF80120083102AB59445046D5
:10BC0000FCF7CAFC0028FFF631AFDDE90213D6F8D5
:10BC10002090726A67789A4208BF894506D002AAC6
:10BC200006F118014046FFF793FD18B147F00307EE
:10BC3000677096E6B9F17F4F04EB05012BB20AD18C
:10BC4000B28CFE2A07D147F002076770F28C62536C
:10BC500002339DB285E647F001076770326A0A60D9
:10BC6000726A4A600833F4E706F118032C44283658
:10BC700053F8042B44F8042BB342F9D1103599E75B
:10BC8000B9F1000F0AD04FF0000899F811301D07E4
:10BC90007FF4FAADB8F1000F7FF4F1AD4FF000087A
:10BCA0000225F8E52DE9F84390F901301446002B00
:10BCB000064688464FF027024FF0000104F10100CC
:10BCC000B4BF0325022508F0C4FF60232370337836
:10BCD00003F01803082B3DD0102B4CD09BB9735D9B
:10BCE0001A091B01711942F06002DBB26370227005
:10BCF0004A7802F00F02134363708A78A270EB1C3B
:10BD00000435F35CE37033785F075CBF735DA37148
:10BD1000337803F0030358BF0135022B34D0032BD3
:10BD200034D0012B01D0735D0135E371777817F0C2
:10BD300040032DD038064ABFB0780020000917F024
:10BD4000300726D0FFF7CAF8074610BB0025284663
:10BD5000BDE8F883735D9B099B0043F0600323708B
:10BD6000735D721903F00F0363705278A270AB1CFD
:10BD70000335F35CC6E7735D1A0942F060021B01EC
:10BD8000227063700135BEE74023CEE7FF23CCE786
:10BD90001F464046FFF7B2FC737803F07003402B58
:10BDA00081467CD048D8202B57D00FD8711904F188
:10BDB0000800002B49D10B4601F1100253F8041B77
:10BDC00040F8041B9342F9D1103501E0302B57D0D5
:10BDD000737859070DD51A064ABFB078002000F0D5
:10BDE0000F0013F00B0F04D0FFF778F80746002878
:10BDF000ACD0737803F00F030C2BA8D801A252F833
:10BE000023F000BF13BF00002BBF000041BF0000A4
:10BE100073BF00004FBD000099BF0000B7BF000016
:10BE2000F1BF000013BF000021C0000045C00000AA
:10BE300069C0000083C00000602B41D0702B55D03A
:10BE4000502BC5D187BBF6F789F9FFF74FFC735923
:10BE500023614B6863610835BAE704F10800FFF716
:10BE600045FC4FF0FF320023E2746FF001022374AF
:10BE70006374A37422756375735BE3820235A7E76D
:10BE8000414604F1100311F8082BFCF785FB00284C
:10BE9000FFF65CAF04F10800FFF728FC98E704F117
:10BEA0000800FFF735FC93E773592361721939468F
:10BEB000536863613A7C04F1080001F09DFACAE717
:10BEC000002FC0D04FF0FF320023E2746FF0010268
:10BED00023746374A37422756375735BE3823A7C85
:10BEE000394604F1080001F087FAC7E7002FAAD00D
:10BEF000414604F1100311F8082BFCF74DFB002814
:10BF0000FFF624AF3A7C394604F1080001F074FAD8
:10BF10005EE72E44183406F1100356F8042B44F85B
:10BF2000042B9E42F9D1103511E704F11800FFF7F8
:10BF3000DDFB73592362721953686362083506E7A3
:10BF400004F11800FFF7D2FB4FF0FF32002384F812
:10BF500023206FF0010284F8203084F8213084F827
:10BF6000223084F8242084F82530735BE384023582
:10BF7000EDE698F8001098F80120083104F120034C
:10BF800041444846FCF708FB0028FFF6DFAE04F109
:10BF90001800FFF7ABFBDAE6002F3FF454AF7359FC
:10BFA000236272193946536863623A7C04F11800BF
:10BFB00001F022FAC2E74FF0FF32002384F8232079
:10BFC0006FF0010284F8203084F8213084F82230A8
:10BFD00084F8242084F82530735BE384002F3FF439
:10BFE00032AF3A7C394604F1180001F005FABEE799
:10BFF00098F8001098F80120083104F1200341441A
:10C000004846FCF7C9FA0028FFF6A0AE002F3FF41F
:10C010001AAF3A7C394604F1180001F0EDF996E6C2
:10C0200004F11800FFF774FBFF232376735D63763A
:10C030006B1CF218F358C4F82330137984F82730B6
:10C04000063584E604F11800FFF762FBFF23237630
:10C05000735D63766B1CF218F35AA4F8253093785D
:10C0600084F82730043572E604F11800FFF750FB1E
:10C07000FF23237602236376735D84F8273001352E
:10C0800065E6002F3FF4DFAE04F1180097F810804A
:10C09000FFF73EFB3A7C402A88BF40224FF0FF0367
:10C0A00088BF3A742376735D63762E44394673787D
:10C0B000A376E27604F11C0001F09EF973686362D6
:10C0C000063587F8108042E62DE9F04F89B00F461B
:10C0D0000592064608B9F6F741F88368012B0BD89C
:10C0E00021B10846FFF7C6F800233B62304609B08D
:10C0F000BDE8F04FFFF710BB4368039391B10D6AA1
:10C10000002DE8D0AB68272B17D828212846FCF74C
:10C11000DBFF78B13A462946304609B0BDE8F04F1A
:10C12000FFF761BB022328220846FCF725FF0546DE
:10C130000028DBD0AB68272BCDD94FF0FF3130463C
:10C14000FCF7B8FD01900028C5D04068FFF7D6FA8B
:10C15000019B6A6859680398FFF7A4FD834600288D
:10C16000D8D0B3688342D5D3039B1B785B0740F1DB
:10C170008881062302932824039B13F80B3003F0D5
:10C18000F803E82B04D0F02B00F0F580E02B16D15B
:10C19000D6F8048018F80B30012203F00E0902FAD9
:10C1A00009F240F255110A4231D1B9F10E0F00F0F7
:10C1B0009080B3685B45ADD3029B002BDCD1B168A6
:10C1C000002F00F06081B7F81880AB682144A1EB24
:10C1D0000B01A8F128088B421FFA88F89AD3B2689D
:10C1E000686898FA98F89345A0F8048006D27168B8
:10C1F000A2EB0B025944204408F0BDFD002F00F0D3
:10C2000054817B8B1C44A4EB0B047C836EE713F0FE
:10C21000010308BF08EB0B020BF1010A0CBF927877
:10C2200018F80A20A11C114404910498A9688142BD
:10C230001AD369680819B9F1080F3FF66BAF01A46A
:10C2400054F829F083C2000015C10000C7C20000E5
:10C2500015C100007FC2000015C10000BBC2000074
:10C2600015C10000C1C2000004992846CDE906327C
:10C27000FCF72AFFDDE906320028DAD04AE74FF062
:10C280002C09029C01F8049003BB18F80A100170F5
:10C290000BF1020A0293931F0AF1010ADB084370B3
:10C2A00008EB0A010230069208F065FD069A12EBCF
:10C2B0000A0B3FF42FAF049C7BE74FF03C09E0E70B
:10C2C0004FF08709DDE74FF02B09DAE76B68C31AF7
:10C2D000E0E74FF0FF313046FCF7ECFC0246002867
:10C2E0003FF418AFAB6804F1280A53450BF1010B7A
:10C2F00031D351686B68049103EB0409084608EBDD
:10C300000B030693FFF7FAF9069B04994A46184671
:10C31000FFF7C8FC00283FF4FDAE6B6802992922A4
:10C320005A5418F80B3013F004031EBF6A6809F161
:10C3300006039B1A02938344A4B2AFB13B8B283B04
:10C340001B1B9CB264BAA9F80440BBF1000F3FF478
:10C35000E1AE54462DE7049051462846FCF7B4FE62
:10C36000049A0028C5D0D5E6B368283B1C44A4EB4A
:10C370000B04A4B2E6E70BF101030393AB68D6F814
:10C38000048004F108094B4518F80BA021D3696813
:10C390000AF0030E0BF10100BEF1020F18F800C005
:10C3A00001EB04020BF1020348D0BEF1030F54D09D
:10C3B000BEF1010F14D001F804C008EB0B0018F80F
:10C3C00003305370C378937000790BF10503D0707C
:10C3D00014E049462846FCF777FE0028D7D099E6B6
:10C3E00082F800C018F8033053700BF10403C34403
:10C3F0009BF80300A0F5805040BA50801AF0040F5B
:10C400007FF488AE18F803009071984403F1020B92
:10C4100098F80130D3717FB33B8B1B1B9BB25BBA87
:10C420009380029A11238B54BBF1000F3FF472AE3C
:10C43000B3685B45FFF46EAE4C46C0E6ACF5805C7D
:10C440009CFA9CFC21F804C018F8033093700BF19F
:10C450000403C3449BF80300B9E74FEA1C100CF037
:10C460000F0CA0F57560ACF5756C40BA9CFA9CFC9D
:10C470001080A2F802C0C1E7B3680833A3EB0B0336
:10C48000CCE728249BE628392144A1EB0B011FFAB5
:10C4900081F8284614FA81F1FCF716FE00283FF4D3
:10C4A0009EAE2846FFF738F920E6019BB34216D02E
:10C4B000334601991A461B6899420DD10B681360E7
:10C4C00029460B4609680029FBD1019A1A602846C3
:10C4D000059AFEF773FB09E6002BEAD1F0E7019B12
:10C4E0001E68EDE72DE9F04F87B0044640680392DF
:10C4F000FFF704F90090206800230546019325B951
:10C500006368029324BBF5F729FEAB68019A2D6896
:10C510001A440192F3E7CDB923609A68186816446B
:10C520001D46C0B1027B90F90C30042A13D827FABB
:10C5300003F3DB070FD5FCF73BFD03460028EAD1E8
:10C54000204607B0BDE8F04FFFF7E6B82B60E4E700
:10C550002E461527E5E7002ED5D001230021F2183D
:10C560000846FCF709FD80460028E9D0D0F8049081
:10C57000009A02994B462046FFF748F985B218B950
:10C580004046FFF7C9F8DBE723685B689B790493B3
:10C590001846FFF791F8049BB0B929464046FCF7CE
:10C5A00093FD21682046FCF7B7FB0268C8F800201D
:10C5B000C0F800800028C3D0DDE90021039B07B04C
:10C5C000BDE8F04FFEF728BB22681768002FD7D0D0
:10C5D000292B00F0B98006D86BB1112B56D0FF265D
:10C5E0004FF0000AD8E03C2B05D04CD8A3F12B0229
:10C5F000D2B2012AF3D87968BA6891F801B0012A59
:10C600000BF1010B4FEACB0B7FF67DAF5A45FFF4E0
:10C610007AAFABF1020292B2FF2AE0D82C2B0E784F
:10C6200009EB050A00F0C78000F2BF80002B40F044
:10C63000C080E0208AF8000030460493FFF73CF801
:10C64000002800F0BE80049B2C2B05D14B885BBAE0
:10C650009BB2072B00F2B5809AF8003043F001033B
:10C660008AF800300120431C0AF8002002310AEB4E
:10C6700003000592049308F07EFBDDE9043203EB2E
:10C68000020A5A4681E0872BB5D0A8E7BB68072B82
:10C6900009EB05017FF637AF78680288438852BA04
:10C6A0006FF00F0692B209F805604FF2B00E22F05B
:10C6B0000F065BBA76459BB21FFA86FC1FD123F0AA
:10C6C0000F0666451BD103EB0213A3F57023F32677
:10C6D000A3F52B6309F8056002224B7083798B5414
:10C6E0001144C3794B7002F1020A394608222046F0
:10C6F000FFF768F800283FF443AFFF264CE003F44F
:10C700007F46B6F5704F09D1F1220A7002784A705F
:10C7100042788A70DBB2CB700422DFE702F47F43F9
:10C72000B3F5704F06D1F2230B704A7083788B708B
:10C73000C378F0E703784B7043788B708378CB70C5
:10C74000C3780B710522C9E77B689E79BB68272BEC
:10C7500009EB05027FF6D7AE6FF01F0309F805302D
:10C760003046FEF7A9FFE0B1E12309F805304FF0AC
:10C77000010A02EB0A030299009A3846FFF746F8CD
:10C7800000283FF4FDAE8244282239462046FFF7B8
:10C7900019F800283FF4F4AE0AEB050295B23346CF
:10C7A000F5E656704FF0020AE3E73C2B07D1E6208E
:10C7B00040E7E2203EE7E42009F805003CE7E820F6
:10C7C000FAE70B788AF80130FF2602204BE770B5B4
:10C7D00006460C46154610211A462120FAF747FB5B
:10C7E00058B14368002264BA9E705A711A71DA70A7
:10C7F000DC80296899606968D96070BD2DE9F843CB
:10C800008946C108064617460831089A22209846EC
:10C81000FAF72DFB054698B14468A67084F803909A
:10C820000021826821717FBA6171E7800834083A7B
:10C83000204608F00EFA32464146204600F0DCFD64
:10C840002846BDE8F88370B504460E461546182103
:10C850001A462320FAF70BFB78B1436862BA5A8074
:10C860002A689A606A68DA60AA681A61240CEA6821
:10C870005A6164BA76BA9C80DE8070BD0021FCF7F4
:10C8800021BAF8B5058907460E461446002054B96A
:10C8900000237968082200F057FD96F90C30022B2E
:10C8A0000FD00020F8BDBC42F2D0B442F0D02B46ED
:10C8B0002289616800F048FDA36824682B449DB27A
:10C8C000E5E743191133B3F5803F24BF013080B24F
:10C8D00071682844113000232022083180B200F012
:10C8E00033FD4FF6FF7398421CBFC04380B2D9E7B7
:10C8F00080B5574D574888B00023CDE90535564BD4
:10C900001B88ADF81C3040F20523ADF80E3008212D
:10C910006FF085030493F5F751F905A90420FCF79E
:10C9200037F940F2022601A8F5F731F9BDF80630D3
:10C93000B34250D00DD840F201229342F3D1029F6E
:10C940003846FCF735FB044660B93846FFF796FFDA
:10C95000E9E7A3F20323012BE5D803A901A8F5F722
:10C96000EDF8E0E70221FCF7A5F9074608B9F5F76D
:10C97000F5FB206830B190F90C30042B02D18368AC
:10C98000082B07D0042208212046FCF733FB08B906
:10C990002046DBE700232373D0F80480B8F8063084
:10C9A000002BF5D022463946FFF76BFF4FF6FF7399
:10C9B0009842EDD1B8F8021049BA234640F201225C
:10C9C00089B20420FAF7C0FC0028ACD1214604202B
:10C9D000F6F794FCDCE7DDF80880404698F90C7027
:10C9E000FCF7E6FA044608B94046AFE70068A046FF
:10C9F0000028BCD090F90C30042B1ED1FCF7D8FADB
:10CA00000028C5D04268C8F800000023816800688B
:10CA10000B440028FAD15BBA93807B1C04BF2368C7
:10CA200093F90C7040F20222234629463846FAF761
:10CA30008BFC00287FF477AFAAE7FCF7B9FA03462E
:10CA40000028A5D0C8F8000000689846D0E700BFCD
:10CA50000000FFFFDC4F0020C00E002010B5044690
:10CA600068B161B190F90C30042B0BD10268FFF76B
:10CA700008FF50B1636840BAD880002010BD6FF045
:10CA80000D00FBE76FF04C00F8E76FF00100F5E7F1
:10CA900038B514460D4601B10AB9F5F75FFB04231A
:10CAA00008220021FCF768FA38B1436800226DBA09
:10CAB00064BA1D805C809A71DA7138BD1FB5094C6B
:10CAC000B4F9000060B9084BCDE90103074B0093AE
:10CAD000052203464FF4E0710548F5F72DFA208052
:10CAE00004B010BDDC51002016660100F1C8000042
:10CAF0001C50002010B5044601784278054808F023
:10CB000007F86188044849BABDE8104089B207F0C7
:10CB1000FFBF00BF1A660100356601002DE9F04134
:10CB200004469DF8248080F8008010200F461E46A1
:10CB30009DF82810069B6070154602B10FB11BB11D
:10CB400016B90020BDE8F08118F0050F39D0C5BB3B
:10CB5000002BF6D0A1709DF82020E270022B9DF8EA
:10CB60002120227133D0082BEBD11C236370221DAE
:10CB700006F1080313F8011D02F8011FB342F9D1B1
:10CB8000002D4ED00D23BDF81C10BDF82020914281
:10CB900033D1227842F040022270022D36D0082D87
:10CBA000CFD1627862F03F02627007F108021C4444
:10CBB00012F8011D04F8011BBA42F9D103F1080073
:10CBC000C0E7A170002BC6D1B5B90320BAE716495A
:10CBD0001A46304608F014F818B928F0200884F8EE
:10CBE000008018236370737863713378A3710DB973
:10CBF0000720A7E70723C6E703239DF81C10E1548D
:10CC00005A1C9DF81D10A1540233C6E7627862F0E9
:10CC10007F0262707A78E254981C23443A785A7002
:10CC200090E70D208EE700BF648F01000178024677
:10CC300001F00700022828D098B1537803F00C03C4
:10CC4000082B12D00C2B13D001F0400003431ED14F
:10CC50000320527812F0C0020CD1002B08BF002034
:10CC6000704711F04003F3D0704707200123F0E72D
:10CC70000D20FBE74B0658BF0230802A01D102305D
:10CC80007047C02A03D10830704703207047002046
:10CC9000EAE770B5034601B10AB9F5F75FFA4078E3
:10CCA00000F00C00082820D11878440618D4072476
:10CCB000587810F0C00027D01D786D0607D44028A2
:10CCC00020D01E5D1670651C02345D5D5570802895
:10CCD00020D11A5D4A701C44022063780B7013E067
:10CCE000D878107018795070E1E70C2809D11878BD
:10CCF000400601D40D24DBE7D87810701879507005
:10CD0000F8E710B16FF0150070BD18784606F9D439
:10CD10000324CDE7C028F5D1234401F1080213F81C
:10CD2000010B02F8010D8A42F9D10820ECE708B5A1
:10CD300001B10AB9F5F712FA437803F00C03082B96
:10CD400009D1C37813700379537043794B70837999
:10CD50000B70022008BD0C2B0ED1C378137010F895
:10CD6000043F537001F1080310F8012F03F8012D5F
:10CD70008B42F9D10820EDE73BB9037813F0400F5F
:10CD800014BF6FF015000020E4E76FF01500E1E735
:10CD900007B503688DF80710DB690DF10702022162
:10CDA000984703B05DF804FB036800221B6A022168
:10CDB000184700000B78032B05D0072B00D02BB9A8
:10CDC0000368DB6A1847034B0362F9E76FF015004D
:10CDD000704700BF6003400110B50446FFF7D8FF5D
:10CDE000002805DB2046FFF7DFFF0B30FAD00020DC
:10CDF00010BD036810B5DB69002201210446984785
:10CE0000002808DB236800221B6A0121204698477E
:10CE10000B30F7D0002010BD036810B4DC6800238D
:10CE2000A4465DF8044B6047002370B50D46837738
:10CE3000012104461646FFF7CFFF08B1F5F78EF93A
:10CE4000A3693246294620465B68BDE87040184712
:10CE500003689B6B184710B590F82930032B0446E4
:10CE60000DD8013380F829300121FFF7B5FF08B153
:10CE7000F5F774F9204601F066F8032010BD002193
:10CE8000FFF7E6FF204600220221FFF7CDFF022038
:10CE9000F4E70368DB6B184738B500210446FFF759
:10CEA0009BFF054638B92368216B5B68204698478D
:10CEB000204601F048F8284638BD036813F0010009
:10CEC00008BFC3F38000704773B590F82E60731EDF
:10CED00004460D46042B36D8DFE813F005004C005D
:10CEE00064009500F2004D1E062D2CD8DFE805F0F9
:10CEF0000A2D2B2B042B3500FFF7CEFF00284FD037
:10CF0000012611E000212046FFF766FF05460028B4
:10CF1000F8D1236820469B689847032809DDA36958
:10CF200020461B6898470226304684F82E6002B0DF
:10CF300070BD2A4611462046FFF76EFF2046FFF7D8
:10CF400058FF0028DCD0F5F709F900212046FFF74B
:10CF500043FF02460028F8D1ECE70021FFF718FF55
:10CF60000028CDDB2046FFF71FFF0B30FAD002254B
:10CF70002E46D9E705290FD007D84D1E012DE2D83E
:10CF800000221146FFF748FFCDE70629DBD1FFF766
:10CF900030FF0028B4D0C6E7FFF77EFF0028C2D1DB
:10CFA0000326C1E7022906D80029CCD00022114669
:10CFB000FFF732FFF4E70429C5D103681B68DE07D9
:10CFC00018D4980716D402F059FD94F82B10638CEE
:10CFD00001405943514B186807F042F894F82B3040
:10CFE000627F591CB2EB510F82BF5B0043F001031B
:10CFF00084F82B3023680022DB69114620469847CD
:10D000001030F7D0B4E739B14D1E012D9BD8002266
:10D010001146FFF701FF87E7036801AA1B6A9847DB
:10D02000002890DB9DF8041003298CD8DFE801F07C
:10D03000070224322068FFF740FF002883D0002336
:10D04000206884F82A30FFF738FF08B9A37F23B996
:10D0500001AA2046FFF7E8FE65E720460121FFF719
:10D06000F7FE2046FFF7C5FE00287FF46CAF204690
:10D0700000F072FF052657E72068FFF71EFF002823
:10D080003FF461AF002384F82A302046FFF7E3FE27
:10D09000064649E723681B68D90702D501AA032180
:10D0A000D7E79A07FAD494F82A305A1C84F82A2031
:10D0B00094F82C209A42F1D9204600F044FF6FE703
:10D0C000022926D00329E0D001297FF43CAF036870
:10D0D0001D6815F004057FF436AF032201A9FFF7A0
:10D0E0009BFE0028C6D09DF804309B07C2D5204681
:10D0F00000F03CFF9DF8046094F829308DF8013071
:10D100002946C6F300162046FFF7A2FE6A463146BE
:10D110009FE700221146FFF77FFEABE778930100FF
:10D1200008B590F82E20013A012A02D96FF00F00BD
:10D1300008BD09B90020FBE74A6812780163C2F311
:10D140004012017F8277002280F8292080F82A206F
:10D1500001228A40013A80F82B200521FFF7B4FE16
:10D160000328E7D0E2E701232DE9F34180F82E30D0
:10D1700003685B690446884617469847051E70DBBE
:10D180003B68E3607B682361B8F80030A382232307
:10D19000A38440F20353A3830423A38523681B685D
:10D1A0001A0759BF052102221A21002213F47C30EC
:10D1B00004F10C06E18484F8282001D1F4F7CEFFB5
:10D1C0005F0461D490FAA0F103F4E047B1FA81F171
:10D1D0000122B7F5804F02FA01F155D0B1F5804F29
:10D1E00043DCD8044CD403F44053A3F500514B4224
:10D1F0004B41934084F82F30236820469B69984721
:10D200000B30F9D004F1140200212046FFF741FE53
:10D21000324601212046FFF73CFE04F124020221A0
:10D220002046FFF736FE94F82F308DF80030E38C5F
:10D23000ADF8023094F828308DF80430694694F83F
:10D240002D308DF805302046FFF7B4FD23686FF0D0
:10D2500045015B6A204698472046FFF7CAFD002833
:10D26000FAD1284602B0BDE8F08103F47043B3F56B
:10D27000004F07D0B0F5003F0CBF06230023B9E7ED
:10D280001346B7E70423B5E70323B3E7F8B590F8EF
:10D290002E707B1E012B05460E462AD8012F13D077
:10D2A00031462846FFF786FD041E14DA2846FFF7AC
:10D2B0007BFD0B30FAD0012F0BD12846FFF799FDEB
:10D2C000044630B1F4F74AFF0021FFF761FD041E68
:10D2D000E6DA2046F8BD7388EB84337985F8283088
:10D2E000737985F82D303378072B18BF85F82F30E8
:10D2F000DCE76FF00F04ECE708B590F82E30012B57
:10D3000009D0022B04D10621FFF7DEFD012805D04C
:10D310006FF00F0008BD6FF07700FBE70020F9E722
:10D3200008B590F82E30012B04D0022B09D06FF0F5
:10D330000F0008BD0721FFF7C7FD0228F7D1002025
:10D34000F7E76FF07700F4E770B5AAB1DC0705D511
:10D3500011F8014B013A204492B2013356080024DF
:10D36000B4420AD31A44D30703D511F8163000EBA0
:10D370000320030C08D180B270BD31F814506DBA8F
:10D3800010FA85F00134EBE713FA80F0F1E730B5DD
:10D39000426805680C684B689A4208BFA5420AD1EA
:10D3A0008468C268CB6888689A4208BF84420CBF10
:10D3B0000120002030BD0020FCE710B590B1B9B1CC
:10D3C000884217D0431E0139002013F8012F11F8AD
:10D3D000014FA24207D06240B2FA82F2183852FAE4
:10D3E00080F0C0B210BD0830C0B28028EDD1F9E79E
:10D3F0000846F7E78020F5E7802A28BF8022F8B5A5
:10D40000D50814462A4606460F4607F0B4FC6307C3
:10D410000DD0C4F10804735D04EBC504FF22A240E3
:10D4200023EA02037355795D0A4013437355F8BD2F
:10D43000024610F8013F23B18B42F9D1002303705B
:10D44000901C0378002B08BF0020704710B51446CD
:10D45000FFF7EEFF18B1BDE8104006F0C5BF20464B
:10D4600010BD00002DE9F74F0F460192054618B197
:10D4700011B1531E272B04D90025284603B0BDE85F
:10D48000F08F1022002107F0E4FB3B783A2B2DD1DE
:10D490007B783A2BF0D107F101080024A2462646FA
:10D4A000A146019BA8EB07029A4221D3BAF1000FD3
:10D4B00008D0A21C102ADFD8631CDBB2310A295520
:10D4C000EE54D4B2B9F1000F44D02C44A4EB0903BC
:10D4D00005F1100205F111000026811A8B42CCDB08
:10D4E00014F8011D02F8011D2670F6E7B846D4E7CE
:10D4F00098F800B01948594607F0B3FB80B91848AE
:10D50000594607F0AEFB68B1154BC31A43EA06163D
:10D51000B6F5803FB0D24FF0010A08F10108C0E72C
:10D520000E4BF2E7BBF13A0FA6D1BAF1000F05D1CD
:10D53000B9F1000FA0D105EB0409EEE7A21C102AF7
:10D540009AD8631CDBB2310A29558246EE54D4B214
:10D550000646E2E7102C8FD18FE700BF5966010025
:10D560004866010038B50C46054650B149B1084639
:10D5700007F00FFC214602462846BDE83840FFF779
:10D5800071BF002038BD00002DE9F0478C468AB0FD
:10D59000074620B9002738460AB0BDE8F0870029C1
:10D5A000F8D000264FF0FF303546034634463CF8AD
:10D5B0001610002938D1591C13BF013433B201248D
:10D5C00024B20136082EF2D15E1C39D0411C03D0A2
:10D5D000AC42DCBF03462C46022CACBF18464FF0D1
:10D5E000FF30DFF8E0804FF0000E6B4669464FF0E9
:10D5F0003A0970452BD103F8019B00EB040EBEF1F4
:10D60000070FF6DD451C05D00444082C04BF3A2062
:10D6100003F8010B002003F8010B5B1A9342B9D801
:10D62000384607F0A0FBB6E7591CCAD0411C04D00D
:10D63000A54202DB4FF0FF33C3E725461846F9E762
:10D64000461C02D003462C46C6E72C46C9E7BEF16D
:10D65000000F01D003F8019B1CF81E600CEB4E0577
:10D660000F2E6D7818D94FEA161A06F00F0618F823
:10D670000AA018F806605E702E0983F800A018F85A
:10D6800006609E70033305F00F050EF1010E18F8C9
:10D69000055003F8015BB2E766B118F806A01E4614
:10D6A00006F802AB4FEA151A18F80AA083F801A091
:10D6B0003346E8E70F2D82BF2E0918F8066003F8FD
:10D6C000016BE0E75966010010B5017801F0F00345
:10D6D000602B8AB0044603D01B48090907F018FAEA
:10D6E00022786378110101F0300041EA1311C2F38E
:10D6F000810240EA1313C9B2144807F009FA2168FD
:10D70000134809BAC1F3130107F002FAA188E379BB
:10D71000A279104849BA89B207F0FAF9282204F12F
:10D7200008016846FFF730FF01460B4807F0F0F9A3
:10D73000282204F118016846FFF726FF0146074832
:10D7400007F0E6F90AB010BD6A66010087660100BD
:10D75000B8660100CD660100FA6601000E6701009F
:10D7600038B5054605F01DF9044605F11000F4F73B
:10D770006BFA204638BDF8B504460D46164600F152
:10D78000100732462946204605F0D2F800B1F8BD10
:10D7900001213846F4F722FAF3E70346A3F13002F9
:10D7A0000846D1B2092901D810467047A3F14102B9
:10D7B000052A02D8A3F137007047A3F16102052AB8
:10D7C00098BFA3F157007047042808B507D1082A6D
:10D7D0000BD10868186048685860104608BD0146BB
:10D7E000034807F095F9F4F7B9FC6FF01500F5E779
:10D7F00027670100042810B5144634D10022042CF8
:10D800005A701A701CD0082C04D0022C1FD06FF054
:10D81000150010BD0A7882F002021A704A785A7018
:10D820008A789A70CA78DA700A791A714A795A71C4
:10D830008A799A71CA79DA71002BE8D00820E8E772
:10D840000A7882F002021A704A785A700222FF2483
:10D850000020DC70FE2498701C715871885C9871EF
:10D8600011444A78E7E70146024807F051F9F4F716
:10D8700075FC00BF27670100042808B505D00146E4
:10D88000074807F045F9F4F769FC0B6813604B682B
:10D890005360137883F002031370082008BD00BFA3
:10D8A0006C670100042808B508D14B78012B0BD018
:10D8B000022B0CBF08206FF0150008BD014603487D
:10D8C00007F026F9F4F74AFC0220F6E7AE670100FC
:10D8D0006FF0850070472DE9F84380460E461546E7
:10D8E0000AB110B909B1F4F739FC00242C702F46A5
:10D8F00006F1FF39B44202D12846BDE8F88318F892
:10D9000004103846F5F758F90744A14514BF3A23E7
:10D91000002307F8013B0134ECE72DE9F84F0746F7
:10D920000D4609B9F4F71AFC18B900263046BDE8CF
:10D93000F88F0378002BF8D00346984613F8016F50
:10D94000002EFAD12C464FF0010AB8450CD2BAF19C
:10D95000000FEAD1631E9D42E8D21A78297803F8B5
:10D96000011905F8012BF6E7C3464FF0FF311BF80C
:10D970000109FFF712FFB0F1FF3F814606D1BAF16E
:10D98000000FD2D14FF0010AD846DEE75F4510D82C
:10D9900018F8010C0021A8F1020BFFF7FEFE234648
:10D9A00049EA001903F8019B01361C464FF0000AB2
:10D9B000EAE70020F3E773B50A460C462321054643
:10D9C00007F047F9684601F05BFF6946002241F223
:10D9D000055311F8010B03EB43130344B2FBF4F0BE
:10D9E00004FB102001322E5C082A86EA03062E541E
:10D9F000EFD1002341F205529C4201D102B070BD2B
:10DA0000E95C02EB42120A44B3FBF4F104FB11316E
:10DA10000133685C50406854EEE770B504460E462A
:10DA20001546FFF7C8FF23780121B1FBF6F17143DA
:10DA30006B40C1F101012370635C83EA15236354D9
:10DA400070BD38B50C46054608212046FFF7B3FFE8
:10DA50002A7BA3795340A3716A7BE3795340E37136
:10DA6000237823F0010343F00203237038BD70B51F
:10DA7000044602F003F80023638422460123A077C2
:10DA800023742323638252F8123B9D692046AC46DF
:10DA90000223BDE87040062160471B2910B511D84C
:10DAA0001B2911D8DFE801F03110131B25252D109B
:10DAB00010101010101010101050101010101037FF
:10DAC0001047104128293BD06FF0850010E0012B52
:10DAD00001D8F4F743FB838A1380022008E0072B68
:10DAE000F7D9D0F816301360D0F81A3053600820F8
:10DAF00010BD022BEDD1418C490748BF082313808C
:10DB0000EBE7022BE5D1438AF9E7022BE1D1C37F92
:10DB100013800120ECE7012BDBD1438C13F0200FA5
:10DB200014BF012300231370F3E7012BD1D1438CE1
:10DB300013F0020FF4E7012BCBD190F91030F2E78C
:10DB4000022BC6D10423DAE7012BC2D96623D6E71C
:10DB500010B50C46062C11461A4607D8062C0BD8D1
:10DB6000DFE804F00D0A171F2B2B3E00192C4ED0B6
:10DB70001B2C43D0172C38D06FF0850008E0022A08
:10DB800001D0F4F7EBFA0B88FF2BFAD8C377022009
:10DB900010BD022AF5D800238382143007F0EBF879
:10DBA000F5E7082AEDD80023C0F81630C0F81A307F
:10DBB000163007F0E0F80820EAE7022AE1D10B88E6
:10DBC000022B04D0082B07D06FF06900E0E7438CEC
:10DBD00023F004034384DAE7438C43F00403F9E7BA
:10DBE000022ACED10B884382D1E70A78438C12B146
:10DBF00043F02003EEE723F02003EBE70A78438CA1
:10DC000012B143F00203E5E723F00203E2E7012B40
:10DC1000B7D191F9003003741046B9E7C26E43687A
:10DC200042F00102C2660021184737B51C4650F881
:10DC3000283F29B922B99B6803B0BDE83040184796
:10DC4000DD6801ABA84734B19DF80430AE3B2380BA
:10DC50009DF80530A37003B030BD283812B1537859
:10DC600080F87430012380F8753002294FF00403E6
:10DC700080F8763005D0032902D16FF00F030367D7
:10DC800070476FF07503FAE7012380F84D300223E7
:10DC900080F84E3070470329A0F128000BD00429EA
:10DCA00004D001290BD0436800211847C36E43F00C
:10DCB0000203C366F7E7C36E43F00403F9E7C36EDC
:10DCC00043F00803F5E7006F7047422970B414462B
:10DCD0000DD0572912D01A2913D190F85630022BA3
:10DCE00014BF022301231370002070BC704790F909
:10DCF0007430002B08DB23700120F6E790F85730D2
:10DD0000F9E770BCFFF7C9BE6FF08500EDE72DE9BC
:10DD1000F041044600F128074FF001080026EFF318
:10DD2000108372B6E56EE666EFF3108362B6EB061B
:10DD300003D504213846FFF7C7F8E80703D50321C8
:10DD40003846FFF7C1F8A90703D500213846FFF789
:10DD5000BBF86A0703D501213846FFF7B5F82B0752
:10DD600014D502213846FFF7AFF84FF00008E26EF5
:10DD7000002AD4D194F87530F3B16368B8F1000F7C
:10DD80000BD141462046BDE8F0411847002D14BF95
:10DD90004FF0000808F00108E9E794F8761084F8DD
:10DDA00075202046984794F87630032B04D03846E7
:10DDB000BDE8F041FFF7A0BABDE8F08110B5044618
:10DDC0002830FFF7ADF90028A4BF032384F876308C
:10DDD000206710BD37B5044600F116052946F4F753
:10DDE000FDFD237F03F07F032375637F63752A4660
:10DDF00004F1140104F12800FFF7B5F900281BDB3A
:10DE00002046FFF734FEB4F84E30ADF806300DF181
:10DE1000060202230021204694F95550FFF798FE90
:10DE2000064A012317212046FFF792FE2046636829
:10DE3000A58405219847002003B030BDC68F01009E
:10DE40000629F7B504460E4615461F4600F1280080
:10DE500007D806290BD8DFE801F0310A131C0A0A9B
:10DE60002700142965D01A2951D0102938D03B46F3
:10DE70002A463146204603B0BDE8F040FFF768BEB1
:10DE8000A36A0021DB6B98470028F0DB2B88A3876F
:10DE9000EDE7A36A0121DB6B98470028E7DB2B68DD
:10DEA00063636B68A363E2E7A36A0221DB6B9847B5
:10DEB0000028DCDB2B88A4F84C30D8E71388ADF8B9
:10DEC000023094F850308DF80430072294F8553021
:10DED0008DF8002069468DF80530FFF7D7F9C6E7C1
:10DEE00007238DF80030B4F84E30B2F90050ADF889
:10DEF0000230694694F850308DF804308DF80550A2
:10DF0000FFF7C4F9002800DBA58403B0F0BD137847
:10DF1000012B04D0022B07D06FF08500F5E703B08A
:10DF2000BDE8F040FFF7FCB903B0BDE8F040FFF7F3
:10DF3000E3B91178A36A49009B6B01F0FE0103B0BD
:10DF4000BDE8F0401847436C43F010032838002127
:10DF5000C366436818470000034B028C00F134018C
:10DF6000186805F052BF00BF78930100064B10B54A
:10DF7000A0F1280400F13401186805F02DFFE36ECC
:10DF800023F00103E36610BD78930100054B0360A5
:10DF9000054B0364054B0363054BC0E919300020B2
:10DFA000704700BFC88F0100E48F010097DC0000BC
:10DFB0001DDC000050B1EFF3108272B6054B1968FA
:10DFC0000160186082F31088002070476FF0150020
:10DFD000704700BFE051002010B9024B186870472D
:10DFE00000687047E051002073B50D46064608B939
:10DFF000F4F7B4F8082903D90024204602B070BD14
:10E000000A4B1C68002CF7D069462046F9F7CAF97C
:10E01000684606F0BEFE854206D12A46694630466D
:10E0200006F02CFE0028E8D02468EBE7E051002041
:10E030002DE9F843002381460D460B6014461AB9BA
:10E040006FF01500BDE8F883104606F0A2FE25210A
:10E050000746204606F005FE0646D0B100F101084D
:10E06000404606F096FE01464046FFF7BDFF286099
:10E070008046304606F08DFE3F1AB8F1000FDFD023
:10E080003A4621464846FFF7EDF90028D8D000204F
:10E09000D8E7FFF7A1FF2860FFF79EFF0028EFD029
:10E0A0002E60EDE7014B186806F0D2BBA4020020F9
:10E0B0007047000030B50346EFF3108472B6094A8A
:10E0C000094D10680144A94205D8084DA94202D360
:10E0D0001160421C03D10C221A604FF0FF3084F310
:10E0E000108830BD4802002000000420F8590020AC
:10E0F0001946104604F05EBB1946104604F040BBBA
:10E10000132303604FF0FF307047132303604FF079
:10E11000FF307047132303604FF0FF307047022930
:10E120004FF0000303608CBF002001207047F4F71C
:10E13000F1B900000C2907D841F21903CB40DB07E5
:10E1400006D44FF0FF30704740F20C639942F8D18B
:10E1500010F0200F00F01F00044B00F5E07008BF26
:10E160004FF0A04343F820100020704700030050F8
:10E17000024B0122C3F80425704700BF00D00040C5
:10E180000F4B70B501220F4CC3F8042301441A60F1
:10E190004FF400550022884205D10122C3F808231C
:10E1A0005A6070BD20BFD3F80061002EFAD0D3F8BA
:10E1B000086500F8016BC3F80021C4F88051EAE754
:10E1C00000D0004000E100E00C23054A4343D3584F
:10E1D000044AC3F80823044B03EB8000F3F734BD73
:10E1E000EC8F010002020001E451002008B540F26A
:10E1F0000C610520FFF79EFFBDE8084040F20C616E
:10E200000420FFF797BF000038B54FF0402540F4D9
:10E210000073C5F80433044601211A48F3F7DEFC05
:10E22000D5F8043113B10023C5F80431022C0BD00A
:10E230004FF04023D3F84C15D3F84825914203D032
:10E24000D3F82421002AF5D04FF04023D3F824211D
:10E250000AB9002038BD0022C3F82421D3F8C42411
:10E26000910705D50222C3F8C4246FF00500F1E739
:10E27000D3F8C4245207ECD50422C3F8C4246FF0A9
:10E280000400E7E7E451002038B59DF8105018B9B4
:10E2900012B1581EFE2801D9F3F760FF15F00900EE
:10E2A0001BD14FF04024C4F88815C4F84425C4F8A5
:10E2B00048356B075CBF4FF40073C4F800324FF071
:10E2C00001034CBFC4F800020220A36048BF4FF016
:10E2D0008070BDE83840FFF797BF6FF05E0038BD33
:10E2E00038B5054608B1F3F739FF4FF040240E4822
:10E2F00001210560F3F772FCC4F80055FFF776FFC3
:10E300000523C4F808350423C4F80C354FF0CC734A
:10E31000C4F8243505492A462046F4F7E1FA0623D5
:10E32000C4F8003538BD00BFE4510020C9E1000049
:10E330002DE9F341089F9DF824800E4614461D46A2
:10E3400018B913B17B1EFB2B01D9F3F707FF18F0A7
:10E35000090F24D101211348F3F740FC18F0020FF4
:10E360001148E3B21BBF240A04700124022414BF25
:10E37000437003703A462946204406F0FCFCE3193A
:10E38000094ACDF8008031460020FFF77DFF0446A2
:10E390000448F3F759FC204602B0BDE8F0816FF065
:10E3A0005E04F8E7E8510020EC51002037B5069CE8
:10E3B0009DF81C50ADF8062018B913B1621EFE2A54
:10E3C00001D9F3F7CBFE15F00D0F24D14FF0402209
:10E3D0000220C2F88815A90743BFBDF8061049BA44
:10E3E000ADF80610012148BF0221C2F848154FF0D0
:10E3F00040220DF10601C2F84415C2F834354FF43D
:10E400008453C2F83845C2F8003201239360FFF705
:10E41000FBFE03B030BD6FF05E00FAE700234FF45F
:10E4200040311A0102F180420133092BC2F8081968
:10E43000F7D1FEE708B5F4F7BDFA064B01225A60A2
:10E4400005494FF4003008600021C3F808151A6030
:10E4500008BD00BF0010014000E100E0014BD3F80F
:10E460000405704700100140064B1960064B1A6006
:10E47000064B20F07F404FF48032C3F84005C3F8CC
:10E4800004237047F8520020F4520020001001408D
:10E49000024B4FF48032C3F808237047001001404C
:10E4A000014B01221A6070470010014010B5134C57
:10E4B000D4F84031012B0BD10023C4F840314FF484
:10E4C00080330F4AC4F808330E4B10681B68984716
:10E4D000D4F80431012B07D100230B4AC4F80431CE
:10E4E0000A4B10681B689847094B1B682BB1094BF6
:10E4F0004FF080525A60BFF36F8F10BD0010014083
:10E50000F4520020F8520020EC520020F05200207B
:10E51000300E002000ED00E0F8B5204E06EBC00301
:10E5200005461F790024A74209D81D4B1B682BB153
:10E530001C4B4FF080525A60BFF36F8FF8BD56F8F6
:10E5400035C00CEB8403D3F84011012923D10022FC
:10E550001548C3F840210C2303FB05031A7A42FA3D
:10E5600004FE1EF0010F16D093F809E04EFA04FEE7
:10E570001EF0010F08D1A14022EA01021A724FF4E5
:10E580008033A340CCF808330C236B43C2182146D8
:10E59000C358506898470134C5E700BF0890010090
:10E5A000300E002000ED00E0FC520020032808B5EA
:10E5B00001D9F3F7D3FD0A2008BD0000032808B5F0
:10E5C00001D9F3F7CBFD092996BF02480020C840C6
:10E5D00008BD00BF0024F4000328F0B502D94FF0B5
:10E5E000FF30F0BD1F4D0C2444432E192A51736097
:10E5F0001D4BC60053F8304003EBC00001254079A5
:10E600006560C4F808050020C4F80405E560174DEE
:10E61000A9421AD19919C4F81005087900210D46AC
:10E62000884218D86AB133449A7993F90630002B9E
:10E6300007DB0123510902F01F0293400C4A42F804
:10E640002130012323600020CBE701300A284FEA64
:10E650005505DDD1C3E701F15007013144F82750DA
:10E66000DEE700BFFC520020089001000024F40007
:10E6700000E100E0134B03EBC00210B512798A42AF
:10E680001DDD53F830204FF480338B40C2F808333F
:10E69000D2F80042012303FA01F124EA01040A4BF3
:10E6A000C2F800420C2202FB0030037A23EA010385
:10E6B0000372437A23EA01034372002010BD4FF036
:10E6C000FF30FBE708900100FC520020064B03EBF3
:10E6D000C00253F83030127903EB820301221A642E
:10E6E000D3F84005704700BF089001002DE9F84FAE
:10E6F000DFF8A48008EBC00A05469AF804308B4284
:10E70000164642DDFFF7E2FF8419EFF3108772B679
:10E710001F4B58F835B00C2202FB05334FF00109AE
:10E720001A7A09FA01F002431A725A7A0BEB81083D
:10E7300022EA00025A720023C8F84045C8F8403166
:10E74000D8F840314FF480338B40CBF8043328465F
:10E75000FFF7BCFF9AF805200E4B53F82230241A1D
:10E760001C40A6420CD2D8F840314BB9CBF80490EB
:10E770002846FFF7ABFF4844C8F84005CBF80090A7
:10E7800087F310880020BDE8F88F4FF0FF30FAE7DC
:10E79000FC520020F88F010008900100024B53F852
:10E7A000303001221A60704708900100024B53F884
:10E7B000303001221A617047089001000020FFF7F5
:10E7C000ABBE0120FFF7A8BE0220FFF7A5BE0320C5
:10E7D000FFF7A2BE70B50C4615460146002840F072
:10E7E00093804B4A4B4EC2E90053C6F86C052DB1DD
:10E7F0002C20FFF79FFC2C23C6F8143503212B2077
:10E80000FFF798FC434B2B22C3F80C25B4F5614F5E
:10E810004FF0FF32C3F80825C3F8102552D020D896
:10E82000B4F5615F47D011D8B4F5965F41D008D8F0
:10E83000B4F5966F2FD0B4F5166F37D06FF0850012
:10E8400070BDB4F5165FF9D1334A26E0B4F5E14F57
:10E8500034D0B4F5164F33D0B4F5964FEED12F4ADD
:10E860001BE02F4A944233D00AD8B4F5E13F2BD0B5
:10E87000B4F5613F2AD0B4F5963FDFD1294A0CE0C8
:10E88000B4F5612F27D0284A944226D0B4F5E12F61
:10E89000D4D1264A01E04FF49E22C3F824251D4B13
:10E8A0000822C3F80025DDB90020C9E74FF41D2276
:10E8B000F3E71F4AF1E74FF46C12EEE71D4AECE76D
:10E8C0001D4AEAE71D4AE8E71D4AE6E71D4AE4E774
:10E8D0004FF08062E1E71C4ADFE74FF08052DCE74F
:10E8E00001211A4AC3F83815C3F834251022C3F899
:10E8F0000423D3F8002242F02002C3F8002219605A
:10E90000134B04221A60CFE76FF0120098E700BFA4
:10E9100030530020002000400050270000A04E008F
:10E9200090D0030000903A0140420F0000705F0752
:10E9300000B0130000F0750000509D0000F0EB00E7
:10E9400000E0D70100B0AF0300D0BE0E2C53002072
:10E9500000E100E008B508B1F3F700FC024B01222A
:10E960005A60C3F8000508BD002000402DE9F041C1
:10E970000D4688B0164608B1F3F7F0FB1C4CD4F8EE
:10E9800000352BB111F0005723D16B46B74202D3AB
:10E9900008B0BDE8F081A6EB0708B8F1200F28BF4A
:10E9A0004FF0200842461846E91906F0E4F9002223
:10E9B000C4F820210122C4F844050346C4F8488560
:10E9C000A260D4F82021002AFBD00122E260474453
:10E9D000DCE70123C4F82001C4F84415C4F8482535
:10E9E000A360D4F82031002BFBD00123E360CFE7F4
:10E9F0000020004008B50D4BD3F810215AB1002279
:10EA0000C3F81021D3F83C352BB1094B09491A68DA
:10EA1000097858689047084B1B682BB1074B4FF09B
:10EA200080525A60BFF36F8F08BD00BF00200040C6
:10EA3000305300202C530020300E002000ED00E069
:10EA40000129F0B504460ED1012A4FF0000507BF99
:10EA50001030A57604F1700084F87A5004600272D8
:10EA60004172436003E0881E012801D90020F0BDF7
:10EA700004F11C050126012A14BF05F160072F4689
:10EA8000384697F809C0BCF1000F07D1BE720136B5
:10EA9000082E05D00C350028EDD0DFE70020F6E782
:10EAA0000028DBD1E2E7017A0368827A012907D1E5
:10EAB0002AB9D3F8D0304FF48062C3F804237047EA
:10EAC000002AFCD1D3F8D0304FF40002F5E7017AE8
:10EAD0000368827A012907D12AB9D3F8D0304FF4DC
:10EAE0008062C3F808237047002AFCD1D3F8D030E5
:10EAF0004FF40002F5E7D0F8D03001225A65704794
:10EB00000268837AD2F8D02010B40BB9C2F85C3115
:10EB1000047A0121994014B94C3342F823405DF83E
:10EB2000044BC2F86C14FFF7BEBF38B5D0F8D03034
:10EB3000D3F8002104466AB10022C3F80021042161
:10EB4000436880F8D4209847D4F8D0300122C3F825
:10EB5000042338BDD3F85821002AFAD0D3F8005442
:10EB6000EA0502D5436806219847AB0503D56368DB
:10EB7000072120469847D4F8D0300022C3F8582106
:10EB800040F60172C3F800244FF48002DFE7000072
:10EB9000F8B5867A04680F461546A6BB8B0701D0E8
:10EBA000F3F7DCFA017AD4F8D030012915D16AB92B
:10EBB00094F8D420022A09D1196504F11000A36841
:10EBC0009847042384F8D4302846F8BD0122C3F8BE
:10EBD0000076C3F804565A60F6E7C3F80077C3F826
:10EBE000042794F8D410012908D11965032384F867
:10EBF000D43004F17000A3689847E5E70229E3D117
:10EC00000122DA64E0E7017AD4F8D0301422012935
:10EC100002FB063214D1C2F8007603EB8603C2F879
:10EC200004560C4A8220C2F81C0C5960D3F8081113
:10EC30000029FBD00021C3F80811C2F81C1CC3E74F
:10EC400006F59476C2F80077C2F80457012243F81B
:10EC50002620B9E700700240027A08B503680AB1BD
:10EC6000F3F77CFA0A4AD3F8D0308221C2F81C1C90
:10EC7000817A03EB810301219962D3F830110029D5
:10EC8000FBD00021C3F83011C2F81C1C08BD00BF26
:10EC90000070024008B5837A0BB9F3F75FFA0039C8
:10ECA000027A18BF012103F0070343EA0123511E32
:10ECB0004A424A4143EAC2130268D2F8D020C2F85D
:10ECC000183508BDFFF7E6BF38B5044621B1012964
:10ECD0002DD06FF0850038BD012B01D0F3F73EFA3F
:10ECE0002168A57A1278007AD1F8D010AB4082B1B1
:10ECF00048B9D1F814251343C1F814352046FFF75D
:10ED0000FFFE0120E7E7D1F810251343C1F81035C5
:10ED1000F4E7DB4328B9D1F814251340C1F81435C2
:10ED2000EFE7D1F810251340C1F81035E9E7012BC2
:10ED3000D4D11178FFF7AEFFE3E7012908B50ED172
:10ED4000012B01D0F3F70AFA1278D0F8D0101AB1DB
:10ED5000C1F80435012008BDC1F80425FAE76FF0B9
:10ED60008500F8E7032908B504D0042902D06FF024
:10ED7000850008BD012B01D0F3F7F0F913700120D5
:10ED8000F7E7012908B504D002291CD06FF08500EF
:10ED900008BD012B01D0F3F7E1F90368D3F8D010D7
:10EDA000837A007A50B903F5887301EB83014B68CD
:10EDB000003B18BF012313700120E9E703F58473BA
:10EDC00051F82330F4E7042BE5D10368817A007A07
:10EDD000D3F8D03030B901F5947153F82130136075
:10EDE0000420D5E7142000FB0133D3F80836F6E7FA
:10EDF000F8B5837A0468027A0546002B5BD194F853
:10EE0000D410002A4AD1032907D184F8D42008213C
:10EE1000A368C9B22846984733E0D4F8D030D3F875
:10EE20005C1199B3C3F85C21D3F80027D3F8806450
:10EE30001670D3F88414C9B25170D3F88804D3F88B
:10EE40008C7440EA07205080D3F89004D3F894746F
:10EE500040EA07209080D3F89804D3F89C7416F009
:10EE6000800F40EA0720D0800CBF02220122052932
:10EE700008BF002284F8D420D3F88434DBB2052BF9
:10EE8000C5D12846BDE8F840FFF70DBED3F82821CC
:10EE900082B3C3F82811FFF7DFFEB8E7042902D1D7
:10EEA00084F8D430B3E7D4F8D020D2F8281109B3CD
:10EEB000C2F82831ABE7012AD4F8D0600ED1D6F8D9
:10EEC0006C149A40114215D00023C6F86C24C6F881
:10EED00060314FF08073C6F8043398E7D6F86C249D
:10EEE000103301279F403A4204D0FFF7B5FEC6F821
:10EEF0006C748CE74FF0FF318AE700004FF08053CD
:10EF000010B5D3F80431B3F1413F01D1F3F726F93D
:10EF1000174AD0F8D03049F275310324C2F8001CEA
:10EF2000C2F8144DC2F8001C0121C3F80015D3F833
:10EF300000140905FBD5D3F8001421F40061C3F8CF
:10EF4000001449F275340021C2F8004CC2F8141DB7
:10EF5000C2F8004C0122C3F8002502F1A07280F82B
:10EF6000D410C3F80023034B80225A6010BD00BFA9
:10EF700000E0064000E100E008B508B1F3F7EEF864
:10EF8000004808BD38530020034B044A1A60044A65
:10EF9000C3F8D020704700BF3853002028900100EC
:10EFA000007002402DE9F041444CD4F8D030D3F841
:10EFB0000021A2B1D3F80023D00710D50121C3F856
:10EFC00008136368204698473D4B1B682BB13D4BA7
:10EFD0004FF080525A60BFF36F8FBDE8F081D3F8D5
:10EFE00058215AB1D3F80023510207D54FF48002BB
:10EFF000C3F80823314863680121E4E7D3F85C21B2
:10F0000052B1D3F800331A0206D52F48A368012164
:10F0100098472D48FFF75BFDD4F8D030D3F828216E
:10F02000C2B1D3F800335B0514D594F8D41001298C
:10F0300005D12648A36898472448FFF748FD94F86F
:10F04000D430022B06D12048A368012198471F48DD
:10F05000FFF73DFDD4F8D030D3F86021002AB3D0BB
:10F06000D3F86C24002AAFD00022C3F86021D3F873
:10F070006C840C260127B8F1000FA5D098FAA8F5EA
:10F08000B5FA85F5102D10DDA5F110007043231899
:10F0900093F8793023B17030A36801212044984758
:10F0A00007FA05F528EA0508E5E706FB05F0231849
:10F0B0005B7E002BF4D01030EEE700BF3853002009
:10F0C000300E002000ED00E0A8530020485300203F
:10F0D00011F15C0F10DB0A4BD3F86C2622F47F424F
:10F0E000C3F86C26D3F86C265C31890842EA012209
:10F0F000C3F86C26002070476FF01500704700BF02
:10F100000010004000207047014B1878023870470B
:10F11000A85400200A4BD3F86C26022902F00702FB
:10F12000C3F86C2605D001F0FD0101290CBF0321B5
:10F130000021D3F86C261143C3F86C1600207047E9
:10F1400000100040032906D8DFE801F002070D1186
:10F15000084B12881A8000207047074913680B601B
:10F1600053684B60F7E7054B12881A80F3E76FF09E
:10F17000850070471E5400201654002014540020AF
:10F18000084631B9044B1278197862F304111970EA
:10F1900070476FF0850070474C020020022911D89B
:10F1A0000A4A0B48525C4B1C9B0003F0040343EAE1
:10F1B000C203027803F00C0322F00C021343037025
:10F1C000002070476FF08500704700BF5890010025
:10F1D0004C020020002ADFBF064BB2FA82F21978F7
:10F1E0005209DDBF62F34101002019706FF0850004
:10F1F000704700BF4C02002038B591F9052002F19C
:10F200002803DBB2302B30D8194BD3F8500508B1A6
:10F21000F2F7A4FF897805256FF0310411FB054151
:10F22000012AC3F8081503DDC3F80C25002038BDFA
:10F23000002A02DBC3F80C05F8E7111D01DBFC22F4
:10F24000F2E712F1080F01DBF822EDE712F10C0FE3
:10F2500001DBF422E8E712F1100F01DBF022E3E713
:10F260001432ACBFEC22D822DEE76FF01500DEE7E7
:10F2700000100040F8B5224D224E2878D6F85045AF
:10F28000C0B20346032932D8DFE801F0021A212B6D
:10F2900030B1052812D0D6F85035003B18BF0123F5
:10F2A00022B12878052808BF032111709BB92B7063
:10F2B000144B4FF44022C3F8002210E00023EFE784
:10F2C000621E5142514131B9DBB22B7007E024F08C
:10F2D0000801042902D16FF00A00F8BD287000204F
:10F2E000FBE7011F012994BF002101210AB9F2F7B0
:10F2F00035FF031F5842584110700023E3E700BF59
:10F30000205400200010004008B5D1B9114B1868F6
:10F31000114B1B7813F0100F104B0CBF022212225E
:10F320005A700F4AD278DA700E4AC2F804350123B7
:10F330001360032183689847BDE808400120FFF768
:10F3400035BA012901BF044A137823F00103137071
:10F35000F2E700BF105400204C020020215400208E
:10F36000A85400200010004008B5064BD3F8FC2F2D
:10F37000012A04D10022C3F8FC2FF3F705FB00207B
:10F3800008BD00BF0010004038B5084610490C7891
:10F39000A51E954218D88BB1214411F8014C3F2C81
:10F3A00098BFA200A4F15D0464B294BFD2B2FF2260
:10F3B000502CA8BF5024523C5A701C7005492A4654
:10F3C00005F0D9FC284638BD6FF06800FBE700BFA8
:10F3D000A8540020A9540020044BD3F8502522B192
:10F3E0000022C3F8102101221A617047001000406A
:10F3F00008B5FFF7F1FF034AD2F85035002BFBD1D7
:10F4000008BD00BF0010004008B503292DD8DFE873
:10F4100001F002172B42264B1B78DA0745D413F074
:10F42000020F244A0CBF4FF440234FF4C723C2F805
:10F43000003201231360204ADBB21370002008BDA4
:10F440001D4B1A7812B11B78032B2ED1FFF7D0FF7A
:10F45000184B1A4AC3F804254FF44022C3F800227F
:10F4600001225A600323E6E70AB9F2F777FE137820
:10F470002BB9114B1A7812B11B78032B15D1FFF75A
:10F48000B7FF0C4B4FF44022C3F800220C4AC3F8DC
:10F4900004250023CFE7FFF7ABFF064B4FF40062D4
:10F4A000C3F8002201225A60F3E76FF00F00C6E7AD
:10F4B0004C0200200010004020540020A8540020DE
:10F4C0002654002070B50C4609B9F2F747FE094EE4
:10F4D0000025A26832B1681C6168304405F04BFC1D
:10F4E000A3681D442468002CF3D1024B02351D7023
:10F4F000204670BD265400201D4B10B500221D4C27
:10F500001A70D4F8FC3F23B9F3F726FA0123C4F8A4
:10F51000FC3FFFF761FF0F23C4F81035164BC4F80A
:10F5200014357F23C4F81835A723C4F860360020AB
:10F53000124BC4F84406C4F8483640F20223C4F81B
:10F5400034350F4BC4F83835C4F83C05D4F8503680
:10F5500043F00103C4F850364FF44023C4F800329E
:10F56000084B02221A60084BC4F8043310BD00BFD8
:10F57000205400200010004008000006FF0700FF94
:10F580002110010000E100E0084006000F4B10B51B
:10F5900000241C700E4B1C700E4B05221A700222A8
:10F5A0005A709C700C4A23464FF224410120FFF709
:10F5B00013F8A04201DAF2F7D1FD0120FFF7F6F8C7
:10F5C000064B2046C3F8FC4F10BD00BFA8540020D6
:10F5D000265400202154002009F3000000100040B0
:10F5E0007D4BF0B51C687D4BD3F8382189B052B102
:10F5F0000021C3F838117A4B1A78012A52D1A36836
:10F60000022120469847754BD3F8442162B100226D
:10F61000C3F84421724B1A78012A05D004221A70CB
:10F620000521A368204698476C4BD3F848216AB15E
:10F630000022C3F848216A4BA268197801294FF0CB
:10F6400005011970204608BF04219047634BD3F889
:10F650000C21002A00F09280614D0027C3F80C7144
:10F660002A78022AD6B200F0A380032E1FD0012EE2
:10F6700040F0AF805B4A5C4B19781378132943F054
:10F6800001031370314634BF0C2228223046FFF7A5
:10F690002DF83046FFF782F8A3682F70042120462A
:10F6A00098476BE01B78032BADD1A368A9E7D3F88B
:10F6B0000034002B79D04FF6FF7301AA04A94B4800
:10F6C000ADF80C30FDF733FB06A9064602AA474801
:10F6D000FDF7DFFA464B5F78790710D1022801D099
:10F6E00008280CD14348022202A905F089FA002813
:10F6F00031D04048022203A905F082FA58B3022211
:10F7000001A903A805F07CFA28B13A48022201A910
:10F7100005F076FA08BB022E17D13748324604A905
:10F7200005F06EFAB8B13548324604A905F068FA1A
:10F73000B0FA80F040092B4B1B7813F008010ED073
:10F7400000232B70A3680321A9E7082E05D12C48BC
:10F75000324604A9EAE70120EDE70020EBE7D0B14B
:10F7600017F0200715D00C220120FEF7BFFF012063
:10F77000FFF714F8FFF730FE02232B70214B1B68B4
:10F780002BB1214B4FF080525A60BFF36F8F09B0FD
:10F79000F0BD2F70D6E7BA0703D55B0701D42870F8
:10F7A000D0E70E4B01229A60E8E7A368012176E7D3
:10F7B0002F70FFF711FE0B4A1378012143F001036C
:10F7C000137008460C22FEF791FF0120FEF7E6FFBA
:10F7D000D4E7F2F7C3FC00BF105400200010004033
:10F7E000205400204C02002026540020A954002060
:10F7F000A8540020145400201E540020648F0100DF
:10F8000016540020300E002000ED00E0024B036093
:10F81000024B1860704700BF5C900100105400203C
:10F820002DE9F0471446814618460E461F46F3F769
:10F8300043FA002C08BF1024002506F1FF3AB54218
:10F8400001D1BDE8F0870D48F3F742FA05F1010850
:10F8500019F80500F3F724FAB8FBF4F304FB13835B
:10F860000BB1AA4508D10A2005F064F9AA4503D0D6
:10F8700008EB0700F3F720FA4546E0E7D2750100F0
:10F88000024A034603CA18605960704760000010BE
:10F8900013B59DF81040019401240094FEF786FDF5
:10F8A00002B010BD1FB58DF80F309DF818300193D0
:10F8B000012300930DF10F03FEF73AFD05B05DF84B
:10F8C00004FB08B500F00BF80020FEF709FDFEF779
:10F8D000B1FDFEF74DFCBDE80840FFF755BB704792
:10F8E00010B503214FF0A0441A20FEF723FC4FF07F
:10F8F0008063C4F8083503211E20FEF71BFC4FF07F
:10F900008043C4F8083503210620FEF713FC40238A
:10F91000C4F8083510BD2DE9F84306460C46FEF73D
:10F9200045FE00F1FF38C14600254D4510D129465E
:10F930003046FEF743FEA042074616D2B5B1691E17
:10F940003046FEF73BFEC7EB440484420ED90EE07E
:10F9500005EB09077F0839463046FEF72FFE844243
:10F960003CBF7D1C4F46B946DFE702D83846BDE8AC
:10F97000F8834545FAD2A0EB0408691C3046FEF72F
:10F980001DFE8044A045E1E72DE9F04F2C4A2D49AA
:10F990002D48DFF8D080DFF8D0A08BB005F0B8F8A4
:10F9A000F2F70AFD0546F2F71DFD0446F2F716FDD3
:10F9B000C5F50073CDE900402A4624484FF4007194
:10F9C00005F0A6F825EAE57508F180094FF40077FF
:10F9D00058F8044F24B32079F2F722FB266B2279E2
:10F9E0001B4B31460A2A88BF53468346A06A0993B7
:10F9F000F2F797FA2268B4F906100692A26A099BF8
:10FA0000CDE904023744361A0396226B02926279DA
:10FA100001920093E26A0F485B46354405F078F89E
:10FA2000C845D5D10C4B0D487A1BCDE90252CDE922
:10FA300000370B4A194605F06BF80BB0BDE8F08FA4
:10FA4000CC7301000A6801000F6801005F680100C3
:10FA500008680100AF680100F1680100F768010063
:10FA6000F36801003C0E002006680100024B0138DB
:10FA7000002218605A607047305500200849094834
:10FA80000B68094A10B54C68584302FB0400A3FBFD
:10FA90000232013340EB0200C1E9003010BD00BF6B
:10FAA000305500202DF451582D7F954C07B5042179
:10FAB0000DEB0100FEF764FB0198FFF7D7FF03B0E1
:10FAC0005DF804FB884270B5064601D3F2F746FBA9
:10FAD0000D1A691EB5FA85F32942C3F11F0209D137
:10FAE00001249440013CFFF7C9FF20408542FAD928
:10FAF000304470BD1F2A04D0C3F1200301249C4070
:10FB0000F0E74FF0FF34EEE72DE9F04F91B080467B
:10FB100004914FF0FF3116461C46F9F7CBF802214D
:10FB200007464046F9F7C6F8032105464046F9F76F
:10FB3000C1F8804625B96FF0150011B0BDE8F08F0F
:10FB40000028F8D0D5F8049045687FB37B68B3F9F6
:10FB50000270B3F906A0E36DD8F8082008339B1AA9
:10FB60001BB203932B78812BE5D1AB88B4F8AC2082
:10FB70005BBA9BB29A42DED194F82430FF2B09F194
:10FB8000080B16D1ED8828226DBA594606A8FDF754
:10FB9000FBFCADB299F807309FB90093D8F8081074
:10FBA00039482B4606AA04F0B3FF25E0DFF8FCA095
:10FBB000D1E704F124015846FDF7E9FB0028E1D123
:10FBC000B9E7324905930822584605F019F8059B14
:10FBD00048B199F80820FF2ADFD199F8092002F0EE
:10FBE0000F02022AD9D1CDE900532948D8F80810CC
:10FBF0003B4606AA04F08CFF039B002B37D0254818
:10FC0000194604F085FF1AF5004F03D022485146EB
:10FC100004F07EFFBEB14FF47A722048B6FBF2F1D9
:10FC200002FB116204F074FFD4E912329B1942F115
:10FC30000002C4E91232236DB342636D88BF2665AA
:10FC4000B34238BF6665C5F3C50104F16000ED43FA
:10FC5000435C05F007050122AA4013420DD0236C36
:10FC60000F480133236404F0C3FF002065E7049BC1
:10FC7000002BC8DB0B481946C3E713434354E36B1F
:10FC800009480133E363EEE74C690100968F0100F8
:10FC900023690100716901009F690100AD690100DC
:10FCA0001B69010087690100226901000080FFFFD4
:10FCB000836B826D0133934213B504463AD24EF6FC
:10FCC0004873D0F8A420C383264B27481B880068BC
:10FCD0001BB2009304F10C0104F11C0304F0E2F9DF
:10FCE000A36B04F16000C3F3C501DB4303F007031A
:10FCF00001229A40435C23EA02034354A36B5A1C3B
:10FD0000A263E26D019294F8AE20009204F1240106
:10FD1000B4F8AC20D4F8A8009BB2F3F75FF9014621
:10FD2000E8B110F10C0F14D1104802B0BDE810403A
:10FD300004F05EBF4EF64973C383C36B13B9D0F8AA
:10FD4000A020C1E7426D0A4BD20C5A4308BF1A46A5
:10FD5000BAE7084802B0BDE8104004F0D9BE02B0CE
:10FD600010BD00BFC00E002078930100BA610100F1
:10FD700040420F00C06901002DE9F04FB3B00F46BB
:10FD8000AE4E00218046B02206A804F062FF812317
:10FD900007933388ADF820304FF0FF331A930321D7
:10FDA0000423CDE91C13A64BD7F800A0CDE92E33D0
:10FDB00001255323ADF8C4302C464FF47A7BA84577
:10FDC00000F3B480ACB151469E4804F0A1FE9E48B9
:10FDD00004F09EFE9D4804F00BFF9D4804F098FE41
:10FDE0009C4804F005FF9C4804F002FF9B4804F087
:10FDF000FFFE9B4B1D686B69013300F009812846AB
:10FE000003F0ADFFBDF8C430584082B2022131A8E2
:10FE1000ADF8C420FDF701FE002C40F09C8006A93F
:10FE20000320F8F7B5FE06A8FFF742FF4EF6487428
:10FE30004EF6497704A8F1F7AAFEBDF81230A342A6
:10FE400000F0EB80BB4212D040F20122934240F01E
:10FE5000E8801D99834A059806ABF3F721F90598C8
:10FE60000021F8F72FFF159A1C9B9A42E2D309A9AB
:10FE7000284603F0B1FFDDE91454DDF858801399EA
:10FE8000794823462A4604F043FEB8F1000F03D018
:10FE90007648414604F03CFE25B12B1B64225343B7
:10FEA000B3FBF5F57248294604F032FE1A9F7B1C1D
:10FEB0001BD004EB08020023DDE9180104F0FEF872
:10FEC0001B9D4FF47A72B5FBF2FCB0FBF2F302FB20
:10FED0001C5502FB13000090B7FBF2F1CDE901C500
:10FEE000644802FB117204F013FE06A90320F8F720
:10FEF0008BFEB4FA84F4640940F20125F1F74AFE5E
:10FF000048B304A8F1F740FE002840F39080BDF804
:10FF10001230AB4240F08B80059890F90C30032BE7
:10FF200040F085800021F8F7CDFEE7E757F82590EF
:10FF300099F800202D2A4FEA850310D04A4630A9AF
:10FF40000FA8CDF84C90FEF773F8044670B34A48FA
:10FF5000494604F0DDFD204633B0BDE8F08F99F846
:10FF60000120692A05F1010922D005D8572A3ED07F
:10FF7000632A0FD0012419E0732A25D0742AF9D1FD
:10FF80000135A84533DD57F8250004F02DFA8DF82A
:10FF9000C6000BE0C84539DD3B44586804F024FA3C
:10FFA0001C90002808BF44F001044D46013506E7C7
:10FFB000C84508DD3B44586804F016FA4FF47A73DC
:10FFC00058432F90F1E74D460135A845D8DD57F845
:10FFD000250004F009FA4FF6FB73984205D927482B
:10FFE00004F006FE4FF0FF34B5E71D90DEE7013563
:10FFF000A845BFDD57F8250004F0F6F90BFB00F02B
:020000021000EC
:100000002E90002808BF44F00104CFE74D46B1E729
:10001000AB6828465B689847F4E606A8FFF748FEF9
:1000200021E7318804A809B2F1F730FD1BE73188D8
:1000300004A809B2F1F72AFD60E700BFC00E002056
:1000400040420F00036A01003E6A01007A6A010023
:10005000A36A0100F16A0100586B0100A46B010062
:100060007893010009FB00004B6C0100976C0100C4
:10007000A86C0100BB6C0100CB690100DD690100C7
:1000800010B5D0E900120446094804F041FDD4E956
:100090000012084804F03CFDD4E90012064804F0C0
:1000A00037FDD4E900120548BDE8104004F030BD2A
:1000B000F06C0100126D0100446D01006A6D0100D9
:1000C00010B5D0E900120446094804F021FDD4E936
:1000D0000012084804F01CFDD4E90012064804F0A0
:1000E00017FDD4E900120548BDE8104004F010BD2A
:1000F000F06C0100856D0100D86D01006A6D010092
:1001000010B5D0E900120446094804F001FDD4E915
:100110000012084804F0FCFCD4E90012064804F080
:10012000F7FCD4E900120548BDE8104004F0F0BC2B
:10013000F06C01000A6E0100D86D01006A6D0100CB
:1001400010B5D0E900120446044804F0E1FCD4E9FB
:1001500000120348BDE8104004F0DABC586E0100FC
:10016000726E0100202802D800B2F7F72BBB0020E6
:10017000704700002DE9F043012891B005460C4678
:1001800005DD4E689949304604F0E3FD38B9216831
:10019000974804F0BDFC002011B0BDE8F0839549FC
:1001A000304604F0D6FD002872D1022D02D1039012
:1001B00000240CE0A6689049304604F0CAFD88B9D6
:1001C000032D0390F4D0E06804F00EF9044607AA6A
:1001D00003A92046F6F707FC0028DCD007A8F6F7AD
:1001E00025FCF4E78149304604F0B3FD18B92046F8
:1001F000FFF746FFCFE7042D2FDD8049304604F09E
:10020000A8FD58BBE06804F0EFF80646FFF7AAFF28
:1002100008B9314686E0216907A8FDF7A3F920B99E
:100220002046FFF72DFF0120B6E7052D13D06069AA
:1002300003A9FDF772FB03460028F1D003AA31465B
:1002400007A8F6F761FB0028A5DA21696C48324659
:1002500004F05EFC9FE70023F0E7E1D169493046F6
:1002600004F077FD0028DBD1E06804F0BDF8054616
:10027000FFF778FF08B9294654E0216907A8FDF780
:1002800071F90028CCD0294607A8F6F76FFB82E762
:100290005D49304604F05DFD002840F09B80022D52
:1002A00002D10390002515E0A6685349304604F0BA
:1002B00050FDB8B9032D0390F4D0E06804F094F831
:1002C00004460546FFF74EFF20B921462AE007A85D
:1002D000F6F7DCFC07AA03A92846F6F79BFC0028E2
:1002E000F5D158E74149304604F033FD18B92046AE
:1002F000FFF7E6FE4FE7042D1DDD4049304604F0D0
:1003000028FD002844D1E06804F06EF880220746FA
:100310002F212069FDF79AF880463846FFF722FF23
:1003200020B93946394804F0F3FB7CE7216907A876
:10033000FDF718F918B92046FFF7C2FE73E7052D3F
:100340001ED06069DFF8CC9004F04EF848450646B0
:100350009ABF4FF47A735E436FF00106062D11D0F9
:10036000A06904F041F848450FD84FF47A7343432D
:1003700000934246334607A93846F6F7A3FB0AE73F
:100380004FF0FF364FF0FF33F2E76FF00103EFE776
:100390001C49304604F0DDFC0028CCD1E06804F0B4
:1003A00023F8802205462F212069FDF74FF80646E5
:1003B0002846FFF7D7FE00283FF45DAF216907A864
:1003C000FDF7D0F80028B6D0324607A92846F6F740
:1003D000E9FBE0E60E49304604F0BBFC002840F0A3
:1003E0009D80022D18D10390002528E0237A01007A
:1003F000856E0100B26E0100B86E0100BD6E010095
:10040000DE6E0100066F01000A6F0100C16E01007F
:10041000116F010037894100A6685549304604F044
:1004200098FCC8B9032D0390DED0E06803F0DCFF30
:1004300004460546FFF796FE00283FF446AF07AB9B
:1004400003AA29460020F6F7C1F900283FF4A3AE1D
:1004500007A8F6F717FAF2E74649304604F079FCA8
:1004600018B92046FFF74CFE95E6052D3EDD4249C2
:10047000304604F06EFC002839D11022002103A878
:1004800004F0E7FBE06803F0AFFF802206462F216F
:100490002069FCF7DBFF07463046FFF763FE0028C4
:1004A0003FF4B7AE216903A8FDF75CF840B93349C2
:1004B000206904F04EFC18B12046FFF721FEB2E699
:1004C000616907A8FDF74EF80028F5D0062D0BD07E
:1004D000A06903F089FF80B20090334607AA39462D
:1004E00003A8F6F7C7F856E60020F5E7E4D124495B
:1004F000304604F02EFC0028DED12F212069802216
:10050000FCF7A4FF2169054607A8FDF72BF8002892
:10051000D2D0294607A8F6F723F93CE61949304618
:1005200004F017FC08BB022D05D0A5681049284629
:1005300004F00FFC60B90023039307A903A8F6F7A2
:100540003FF800283FF427AE07A8F6F761F8F4E774
:100550000849284604F0FDFB18B92046FFF7F0FDD6
:1005600019E62046FFF7ECFD5DE621680648DAE66D
:10057000B86E0100237A0100BD6E0100176F010003
:10058000066F01001F6F0100856E010008B501466E
:10059000034804F0BDFABDE80840024804F028BB57
:1005A000236F0100486F0100182810D818283BD885
:1005B000DFE800F0223A1B1E3A202C283A3A3A3A59
:1005C0003A3A3A3A2E2A3A3A3A3A3A3A3000232814
:1005D00022D029380C2827D8DFE800F01220262660
:1005E00022242626262626261000104804F090BA3B
:1005F0000F48FBE70F48F9E70F48F7E70F48F5E723
:100600000F48F3E70F48F1E70F48EFE70F48EDE732
:100610000F48EBE70F48E9E70F48E7E70F48E5E742
:100620000F48E3E70F48E1E7704700BFD2730100CE
:10063000E2730100EF730100057401000D74010005
:100640001F740100247401002E7401003274010033
:1006500045740100577401006C7401007974010045
:1006600090740100E07B010038B501460A480B4D4B
:1006700004F04EFA002455F83410094804F048FA02
:10068000152C04D1BDE83840064804F0B1BA7C20EE
:1006900004F050FA0134EEE79B7401003C91010034
:1006A000B2790100B274010007B56946F6F77AFE27
:1006B0006946034804F02CFA03B05DF804FB00BF60
:1006C000B279010010B50A490822044604F098FAEC
:1006D00048B12378FF2B08D1607800F00F00831E0B
:1006E0005842584110BD0120FCE70020FAE700BF46
:1006F000968F01007FB506460C46104602A91546A6
:10070000FDF70BF928B9144804F072FA012004B07F
:1007100070BD009002AB002221463046F6F75BFE2A
:10072000002807DA0D4804F0F3F92046FFF73CFFF4
:100730000B48E9E70B4804F0EBF92046FFF734FFDC
:10074000094804F0E5F93046FFF7AEFF07482946AF
:1007500004F0DEF90020DAE7B47401002775010027
:10076000156601003D7501000A7C0100E07C010076
:100770001FB501248DF80F1000940DF10F03002216
:100780002021F6F728FE00280DDA9DF80F10074B00
:10079000074A0848A14208BF1A46114604F0B8F9B2
:1007A000204604B010BD0020FBE700BFD77D01004C
:1007B0004B75010050750100F0B5064685B018462E
:1007C0000C4617461D46F2F7E9F9014668B10A22C0
:1007D0000021284604F074F9421C039022D11E48DF
:1007E00004F006FA012005B0F0BD1022284604F0FE
:1007F00067F9431C0390F2D00125B0F5803FEED29B
:10080000022300933A4603AB21463046F6F7E3FD58
:10081000002809DA114804F07BF92046FFF7C4FEEE
:100820000F48DDE70025E8E70E4804F071F920469F
:10083000FFF7BAFE0C4804F06BF93046FFF734FFBF
:100840000A4804F065F9039925B1094804F060F9F4
:100850000020C8E70748F9E76E7501002775010019
:10086000156601003D7501000A7C0100BB750100A1
:10087000C0750100925C010003463038C2B2092AFB
:100880000BD9A3F16100C2B2052A06D9413BDAB205
:10089000052A94BF18464FF0FF3070477FB50025FA
:1008A0001C460123009316460DF10F032A468DF8CE
:1008B0000F50F6F784FDA8420EDB9DF80F30012B98
:1008C0000AD107483146013404F022F9082C03D933
:1008D000044804F01DF92C46204604B070BD00BF4A
:1008E000B2790100C97501007FB5064610460D4674
:1008F00003F07AFD01248DF80F0000940DF10F0331
:10090000002229463046F6F766FD00280BDA0F482C
:1009100004F0FEF82846FFF747FE0D4804F068F99A
:10092000204604B070BD0B4804F0F2F82846FFF7EB
:100930003BFE094804F0ECF83046FFF7B5FE9DF8A1
:100940000F10064804F0E4F80020EAE727750100DC
:10095000156601003D7501000A7C0100D575010096
:1009600010B501460446114804F0D2F8214610485B
:1009700004F0CEF821460F4804F0CAF82046FFF7ED
:1009800005FE2046FFF770FE21460B4804F0C0F834
:1009900021460A4804F0BCF82146094804F0B8F89A
:1009A000BDE81040074804F023B900BFDD75010021
:1009B000E8750100F8750100157601006176010007
:1009C00084760100AF760100F0B58FB08FB21C23A2
:1009D00000930C4616466B443A462C210546F6F722
:1009E000EEFC002804DA194804F002F90FB0F0BD5B
:1009F000AEB1002300933A462C212846F6F7EBFCD3
:100A0000134B144A144912EA200238BF1A46134BFA
:100A10001348022C08BF194604F07AF8E6E70A9A50
:100A20000492099A089B03920B9A0C480A49CDE953
:100A30000132079A13440093022C08BF0146DDE9F6
:100A40000C23084804F064F8D0E700BF07770100E2
:100A5000FD760100F6760100E9760100F1760100ED
:100A600041770100667701002DE9F047AEB00446FA
:100A7000884802AF04F04CF82046FFF715FE20200E
:100A800004F058F808230093022107F11003002214
:100A90002046F6F794FC011E11DB01EB41030733FE
:100AA00023F007036D46ADEB030D02AA07F110001A
:100AB000FCF711FF0146784804F02AF8AD460223FE
:100AC00000220093114607F108032046F6F777FC51
:100AD000002803DB3989714804F01AF804230093D5
:100AE000002207F10C0335212046F6F768FC0028A8
:100AF00003DBF9686A4804F00BF802230093002234
:100B000007F1080329212046F6F759FC002803DBEA
:100B10003989644803F0FCFF02230093002207F1A7
:100B2000080306212046F6F74AFC002803DB398932
:100B30005D4803F0EDFF02230093002207F10A0352
:100B400069212046F6F73BFC002804DBB7F90A10C0
:100B5000564803F0DDFF0123009300227B1D57213F
:100B60002046F6F72CFC002806DB7A79504B5148DA
:100B700053F8221003F0CCFF012300930022FB1D49
:100B800020212046F6F71BFC002809DBF9794A4BA7
:100B90004A4A4B48012908BF1A46114603F0B8FFDC
:100BA000484803F0B5FF08230093002207F1100323
:100BB00003212046F6F703FC051E1ADB05EB45036F
:100BC000073323F007036E46ADEB030D0DF1080864
:100BD0003D4803F09DFF4246294607F11000FCF70F
:100BE0007AFE0146394803F093FF3648B54603F0D4
:100BF0008FFF02230093002207F10A0310212046F1
:100C0000F6F7DDFB002804DBB7F90A10304803F0E3
:100C10007FFF01250095BB1D00221A212046F6F713
:100C2000CEFB002834DBBA792A4B2B4853F822102C
:100C300003F06EFF0123009300227B1D1821204644
:100C4000F6F7BDFB002804DB7979244803F060FF48
:100C50000135012600967B1D002223212046F6F750
:100C6000AEFB00283EDB0022FA71FB1D009622211C
:100C70002046F6F7A4FB002806DBFB79B34203D13C
:100C80007979174803F044FF0E4803F041FF2BE049
:100C90000025CFE7107801001878010025780100C1
:100CA0003478010047780100537801006078010032
:100CB000049101006B780100D77D01004B750100A4
:100CC00075780100C9750100807801007178010014
:100CD0008E78010020910100A1780100AD7801001B
:100CE000C1780100002DCFD1B94A0023142120463C
:100CF000FFF7D4FDB74A034615212046FFF7CEFD86
:100D0000B54A034617212046FFF7C8FDB34A0346FC
:100D100013212046FFF7C2FDB14A03461B2120469E
:100D2000FFF7BCFDAF4A034626212046FFF7B6FD7C
:100D3000AD4A034622212046FFF7B0FDAB4A00F141
:100D400009031F212046FFF7A9FDA94A03463F21B9
:100D50002046FFF7A3FDA74A034638212046FFF7A8
:100D60009DFDA54A034636212046FFF797FDA34A7D
:100D7000034665212046FFF791FD022300930546B7
:100D800007F10803002211212046F6F718FB00287E
:100D900004DD39899A4803F0BBFE01350222009236
:100DA00007F1080311212046F6F709FB002804DDAE
:100DB0003989944803F0ACFE0135012300930022E9
:100DC0007B1D07212046F6F7FAFA002804DD797921
:100DD0008D4803F09DFE01352B468C4A0E2120469E
:100DE000FFF75CFD8A4A03460F212046FFF756FDB8
:100DF000884A034640212046FFF750FD864A00F10D
:100E0000090341212046FFF749FD022300930546CF
:100E100007F10803002205212046F6F7D0FA002842
:100E200004DB39897D4803F073FE013515B17C4838
:100E300003F06EFE0225002207F10803272100952A
:100E40002046F6F7BCFA774B77490028D8BF1946F9
:100E5000764803F05DFE724803F05AFE20230093AB
:100E6000002207F1180309212046F6F7A8FAB0F18D
:100E7000000911DB00263E8707F138030095324652
:100E80000B212046F6F79BFA4FEA191907F11805CE
:100E900007F1380AB1451ED150230093002207F113
:100EA00060030C212046F6F78AFA002874DA6048BD
:100EB00003F09EFE204600220121FFF785FD00225F
:100EC00002212046FFF780FD594803F091FEB0371C
:100ED000BD46BDE8F08757481AF8018B03F018FEAD
:100EE0002822294607F16000FCF74EFB524807F123
:100EF000600103F00DFE2846FFF7E4FBA0B14F4868
:100F000003F006FE18F0200F02D04D4803F000FE5B
:100F100018F0070130D04B4803F0FAFD404803F0C9
:100F2000F7FD01361035B5E72B885BBA23F03F0398
:100F30001B041B0C4FF6C062934207D02B78FF2B8B
:100F40000AD16B7803F00F03052B01D13E48D7E798
:100F50000E2B0FD03D48D3E73D491022284603F021
:100F60004FFE0028F6D03B491022284603F048FEE9
:100F70000028EFD03848C3E708F01F08B8F1080F81
:100F800004D0B8F1100F05D0344800E0344803F025
:100F9000BFFDC3E73348FAE7060907F160054FF0E4
:100FA0000008464583D02B78FF2B0AD129462822FA
:100FB00007F13800FCF7E8FA2B4807F1380103F095
:100FC000A7FD174803F0A4FD08F101081035E8E774
:100FD000D4780100DE780100E8780100F2780100A1
:100FE000FC78010006790100157901001C790100E7
:100FF00026790100327901003E790100497901002A
:10100000507901005D790100677901006F79010075
:10101000757901007F790100857901008C790100E3
:10102000C97501000778010001780100A779010066
:1010300015660100B5790100C2790100CE79010081
:10104000E7790100F2790100D3790100DF7901002D
:10105000B68F0100A68F0100D8790100087A01003F
:10106000FC790100027A01000E7A01002DE9F04FAF
:10107000012889B0804602AF0D4619DC00240CE03F
:101080000020FCF7A9FF0546FCF7A6FF08B1844243
:10109000F9D12846FFF7E8FC2C460020FCF79CFF1E
:1010A0008442EDD1002420461C37BD46BDE8F08FB8
:1010B0004C68204603F06DFE01462046FCF794FF85
:1010C000064690B96C68A249204603F042FE20B162
:1010D000A049204603F03DFE18B92868FFF740FC00
:1010E000E0E79D4803F084FD17E0B8F1020F02D15C
:1010F000FFF7BAFCD6E7D5F808909849484603F0C0
:1011000028FE0446002840F04882B8F1040FD5F8C4
:10111000009004DC4846FFF739FA0124C3E7D5E91B
:1011200003858F48414603F014FE20B18D484146A7
:1011300003F00FFE30B92A4602213046FFF7DAFAF3
:101140000446B0E78848414603F003FE10B92A463A
:101150000321F2E78548414603F0FBFD28B92A4602
:101160002A213046FFF7C0FBEAE78148414603F0F9
:10117000F0FD28B17F48414603F0EBFD002842D145
:101180002846F1F70BFD014648B10A220021284606
:1011900003F096FCB86001301CD17748A2E720220A
:1011A000284603F08DFCB8600130F6D001250423F9
:1011B0000093002207F1080335213046F6F70BF9BA
:1011C000002809DA6D4803F0A3FC6D4803F0A0FC89
:1011D0006C4887E70025EAE76B4803F099FC68480C
:1011E00003F096FC694803F093FC3046FFF75CFA85
:1011F000674803F08DFCB9681DB1664803F088FCB0
:1012000051E76548FAE76548414603F0A2FD20B181
:101210006348414603F09DFD30B900222B4611463C
:101220003046FFF7C9FA8BE75E48414603F091FD6F
:1012300010B92A46232194E75B48414603F089FD13
:1012400020B15A48414603F084FD10B92A460721CF
:1012500087E75748414603F07CFD044600286CD1DF
:101260002846C7F804D003F094FD4FEA500909F16D
:10127000070323F00703ADEB030D0E2880460DF1A5
:10128000080A13D14B4803F043FC0135002115F83F
:10129000010CFFF7F1FA83462878FFF7EDFABBF16E
:1012A000FF3F01D0431C1CD1434814E0102801D15A
:1012B0004248E8E7202801D14148E4E7302801D13D
:1012C0004048E0E7402801D13F48DCE7802801D1D1
:1012D0003E48D8E73E4803F08BFC0124D7F804D001
:1012E000E1E64A08023100EB0B1088450AF80200DB
:1012F00005F10205CBD8CDF80090534600222E21EF
:101300003046F6F768F8002801DA3248E3E7324859
:1013100003F0FEFB3046FFF7C7F91D4803F068FCF9
:1013200000251AF805102D48013503F0F1FBA945F9
:10133000F7D8144803F05CFCD0E72948414603F095
:1013400008FD00284ED12B460222112168E700BF7C
:10135000237A0100217A0100287A0100657C0100CE
:10136000755A0100477A0100527A01005C7A010047
:101370006A7A0100747A0100797A01002775010008
:101380000D740100156601003D7501000A7C010025
:10139000BB750100C0750100925C0100057401007D
:1013A000C67A0100CB7A0100D87A0100DB7A01000D
:1013B000C77B0100E57A0100B07B0100027B0100E0
:1013C0001F7B01003D7B01005B7B0100797B0100FD
:1013D000977B0100CB7B0100EF7B0100A65B010046
:1013E000197C0100AB48414603F0B3FC48B1AA4860
:1013F000414603F0AEFC20B1A848414603F0A9FCE9
:1014000018B92B46002206210AE7A548414603F0F9
:10141000A0FC024610B92B46292101E7A14841460C
:1014200003F097FC044618BB284602F0DDFF0223B8
:10143000388122460093102107F108033046F5F762
:10144000CAFF002804DA984803F062FB9748BDE61B
:10145000974803F05DFB954803F05AFB954803F06D
:1014600057FB3046FFF720F9B7F908109248C5E658
:101470009248414603F06DFC10B92A46182170E6E7
:101480008F48414603F065FC024610B92B46052102
:10149000C6E68C48414603F05CFC044600287FF415
:1014A00039AE8948294603F054FC002849D08748C2
:1014B000294603F04EFC002843D08548294603F016
:1014C00048FC002852D08348294603F042FC0028FB
:1014D0004CD08148294603F03CFC002848D07F4886
:1014E000294603F036FC002842D07D48294603F007
:1014F00030FC00283ED07B48294603F02AFC002817
:1015000038D07948294603F024FCA8B37748294607
:1015100003F01FFC80B37648294603F01AFC68B339
:101520007448294603F015FC40B37348294603F07C
:1015300010FC28B37148294603F00BFC00B3704837
:10154000D0E523463B7201230093002207F10803F4
:101550001A213046F5F73FFF00286A4D12DA3B7A30
:10156000694855F8231003F0D3FAD6E50123E9E7DB
:101570000223E7E70323E5E70423E3E70523E1E7A5
:101580000623DFE7614803F0C3FA3046FFF78CF823
:101590003B7A5F4855F8231030E65E49484603F031
:1015A000D8FB20B901213046FFF7E2F8C8E55A49D7
:1015B000484603F0CEFB01460028F4D05749484680
:1015C00003F0C7FB0446002840F0B880B8F1030FD1
:1015D000D5F800A002D152485146C4E7B8F1040F33
:1015E000D5F80C9023D04F49484603F0B2FBA0B980
:1015F000D5F8109001252F2140224846FBF726FF01
:101600004946B0F1000807F10800D8BF4FF0400884
:10161000FBF7A8FF68B9444864E54449484603F02D
:1016200098FB0028D7D1D5F810900546E3E705468A
:10163000E1E73B7AFF2B4FF010030BD10093002220
:1016400007F108030C213046F5F7C5FE002814DA2F
:10165000374847E5012D0CBF302110215FFA88F291
:10166000009341EA022207F1080309213046F5F709
:10167000B2FE002801DA2F4834E52F485FFA88F2DD
:10168000494603F045FA3046FFF70EF80A2003F00A
:1016900051FA08E51D7C0100217C0100257C010038
:1016A0001F7401002C7C01002775010045740100A6
:1016B0003D7501000A7C0100D5750100327C0100F6
:1016C0003A7C0100CC730100427C0100467C0100A1
:1016D000FF7E01004A7C0100507C0100557C010026
:1016E000395E01005A7C01005D7C0100607C0100D4
:1016F000637C0100697C01006F7C0100777C010044
:101700007F7C010020910100C67C0100E87C010083
:10171000E07C0100D77D01004B750100BD6E01002A
:1017200015760100097D0100197D0100117D010080
:101730003E7D0100697D01008B7D010061494846C5
:1017400003F007FB044668BBB8F1030F02D1296818
:101750005D4808E7ED6807F108002946FBF702FF3E
:1017600000283FF458AF3B7AFF2B4FF01003009353
:101770004FF0000207F1080307D10D213046F5F7BD
:101780002AFE002809DA5148ACE40A213046F5F770
:1017900022FE002801DA4E48A4E429464D4803F011
:1017A000B7F970E74C49484603F0D3FA00BBB8F1EB
:1017B000030F19D0D5F80C904849484603F0C9FAF0
:1017C000002854D04649484603F0C3FA002855D0B3
:1017D0004449484603F0BDFA0446002851D0494622
:1017E000414803F095F95DE400244FF0FF0959E00A
:1017F0003E49484603F0ADFAD5F8008008B94046A6
:101800006CE499F800302D2B394B06BF09F1010922
:101810004FF0000A4FF0010A002553F83500494601
:1018200003EBC50B03F095FA314B0446C0B9012513
:1018300087F808A002469BF80410009507F10803FA
:101840003046F5F7C8FD002801DA2A484AE4397A1B
:10185000294B2A4A2A48002918BF1A461146CDE4C6
:101860000135162DD9D14046FEF7FEFE55E44FF066
:10187000FF09B8F1040F09D1002413E04FF001096A
:10188000F7E7B8F1040F16D04FF002091D49286997
:10189000052203F0F3F919F0010FB0FA80F44FEAD2
:1018A000541408D0224601213046FFF78DF819F074
:1018B000020F3FF432AC224602213046FFF784F893
:1018C0002BE400BF066F010061760100AE7D0100D0
:1018D000DA7D0100FF7D0100217E0100277E0100ED
:1018E0002B7E0100D46101002E7E0100237A0100CD
:1018F0003C910100677E0100156601001E7A01001F
:10190000837E0100637C0100F7B504460D46EFF3CA
:10191000108772B602680369A669806887F3108829
:10192000CDE90006094803F0F3F8EFF3108672B62C
:1019300062686369E168E06986F31088CDE90010A8
:101940002946034803F0E4F803B0F0BD697F0100C5
:10195000977F010010B502F047FD04B22046F5F76D
:1019600031FF20B9064803F043F9012010BD20469D
:10197000F7F7C8FC0348214603F0CAF80020F5E752
:10198000C57F0100E17F010030B58FB00D4602F048
:101990002BFD2946C4B26846FBF7E4FD28B90E4882
:1019A00003F026F901200FB030BD00231A46694626
:1019B0002046F7F75BFE50B96946282204A8FBF7DA
:1019C000E3FD22460146054803F0A2F8EAE7044891
:1019D00003F00EF90020E6E70F8001003E800100D1
:1019E0007080010010B502F0FFFCC4B22046F8F789
:1019F000BFFD28B90848214603F08AF8012010BD30
:101A0000F8F768FE214608B90448F5E7044803F0F2
:101A10007FF80020F3E700BF93800100BC80010045
:101A2000E380010030B58BB002F0DEFCC5B2284681
:101A3000F8F79EFD044628B90A4803F0D9F80120BA
:101A40000BB030BD403000F03FFF2822211D68461A
:101A5000FBF79AFD2A460146034803F059F8002097
:101A6000EEE700BF038101002B81010030B58BB090
:101A700002F0BAFCC5B22846F8F77AFD044628B948
:101A80000A4803F0B5F801200BB030BD403000F03B
:101A900013FF2822211D6846FBF776FD2A460146E2
:101AA000034803F035F80020EEE700BF0381010092
:101AB0006A81010070B58CB002F096FCC6B2304667
:101AC000F8F756FD0125044628B9114803F090F8AF
:101AD00028460CB070BD90F82020C37F0192827F11
:101AE000009200F140010B4805FA03F3B0F9000041
:101AF00040F6011200F0BBFE2822211D02A8FBF7D0
:101B000043FD32460146044803F002F80020E0E7B6
:101B100003810100FC430020AB81010070B50D463C
:101B200088B016461C4602F05FFC284602F05CFCBA
:101B30000546304602F058FC002641F207338DF886
:101B40000A00214603A8ADF808308DF80B608DF827
:101B50001C50FBF707FD50B102AB0193304605491D
:101B6000012301AAF8F7ACF8034803F041F800207C
:101B700008B070BD548F0100EC81010008B500234E
:101B8000184604491A46F8F79BF8034803F030F862
:101B9000002008BD548F01001182010010B50D48CE
:101BA00003F026F80C490D48FFF7AEFE0B4B0C492D
:101BB0001C4603F12000FFF7A7FE04F1400009498D
:101BC000FFF7A2FE04F160000749FFF79DFE002029
:101BD00010BD00BF2682010069820100D8410020AB
:101BE000048601006D8201007182010070B5414BD5
:101BF000B3F9003090B02BB93F4802F0F9FF012053
:101C000010B070BD3D4C3E4802F082FF6378002B5F
:101C10005FD13C483C4E02F07BFF092002F08AFF76
:101C20000A2002F087FF394802F072FF002533795D
:101C3000002B50D1334802F06BFF0135092002F030
:101C400079FF032D06F14006F1D10A2002F072FF60
:101C50000A2002F06FFF6378002B38D0B4F87E3092
:101C60000293B4F87C300193A36F29481B8800933A
:101C700094F87430B4F92420217802F049FF254902
:101C8000282206A8FBF780FC94F82E30224A13F095
:101C9000020F224B18BF1A46B4F84230014694F89E
:101CA0002A00049394F840300393A37F0293E37FC8
:101CB00001259D40CDE90025194B1A4A022818BF7D
:101CC0001346228D184802F023FF64692CB90020C6
:101CD00096E716489EE71548ADE7611D282206A83D
:101CE000FBF752FCE28A0146114802F011FF24681A
:101CF000ECE700BFFC430020858201001843002070
:101D00009A820100AB82010058420020B382010098
:101D1000C28201001C430020427C01006686010053
:101D2000798201007E82010006830100AF820100FA
:101D30004A83010038B50546084602F055FBC4B297
:101D40002046F8F715FC28B90A48214602F0E0FEC3
:101D5000012038BD043045B1F8F7EEFD064A0748CA
:101D6000214602F0D5FE0020F3E7F8F781FE044A91
:101D7000F5E700BF938001006A8301006F830100D3
:101D8000A962010038B50C4602F02EFBC5B2284608
:101D9000F8F7EEFB28B90C48294602F0B9FE0120FD
:101DA00038BD90F82E30094923F0020343EA44037A
:101DB00080F82E30064B0748002C08BF194602F069
:101DC000A7FE0020ECE700BF93800100156601002C
:101DD000988301009B830100012870B505460C46DD
:101DE00005DD4E686F49304602F0B3FF18B9BDE813
:101DF0007040FFF7FBBE032D09D16B49304602F05E
:101E0000A8FF88B9A068BDE87040FFF7A3BD042D06
:101E10000AD16649304602F09CFF28B9D4E9020194
:101E2000BDE87040FFF7B0BD6149304602F091FF58
:101E300038B9032D40F08480A068BDE87040FFF7FA
:101E4000D1BD5C49304602F084FF08BB042D77D138
:101E5000A5685949284602F07CFF20B9E068BDE832
:101E60007040FFF7DFBD5549284602F072FF20B9E8
:101E7000E068BDE87040FFF7F9BD5149284602F01F
:101E800068FF00285CD1E068BDE87040FFF712BE33
:101E90004C49304602F05DFFD0B9032D09D14A49C3
:101EA000A06802F056FF00284AD1FFF767FE002025
:101EB00070BD072D44D14449A06802F04AFF0028B4
:101EC0003ED1D4E90523D4E90301FFF727FEEEE76D
:101ED0003E49304602F03DFF38B9032D30D1A168AC
:101EE0000120BDE87040FFF725BF3949304602F0B8
:101EF00030FF18B9032D23D1A168F2E735493046E8
:101F000002F027FF002843D1022D19D03249A068E2
:101F100002F01FFFA0B9052D12D1E5682F49284610
:101F200002F017FF28B901212069BDE87040FFF7D2
:101F300029BF2B49284602F00CFF01460028F3D0A8
:101F4000284802F055FE284802F052FE274802F0C9
:101F50004FFE274802F04CFE264802F049FE264874
:101F600002F046FE254802F043FE254802F040FEFE
:101F7000244802F03DFE244802F03AFE234802F0D5
:101F800037FE234802F034FE224802F031FE8EE78D
:101F90002149304602F0DDFE0028D1D1FFF7FEFDD9
:101FA00085E700BFB86E0100C3830100AE5A01008F
:101FB000C8830100CB830100637C0100D38301004F
:101FC000D88301003F5E0100DE8301006A830100C7
:101FD000A9620100657C0100E283010066860100C0
:101FE000427C0100E6830100FE8301003884010089
:101FF00071840100AA840100E38401001A850100B4
:102000005D850100A6850100E385010008860100C9
:1020100069860100B4860100217E0100427C044BE8
:1020200002F00F0203EB0213002101749960704764
:102030003855002008B50146054802F069FD0548FD
:1020400002F0D6FDBDE80840034802F0D1BD00BF54
:10205000E086010029870100728701002DE9F04127
:1020600001288EB007460D4623DC514802F0C0FD22
:10207000504802F0BDFD0025E8B2F8F72FFF0446F6
:1020800078B10146282204A8FBF77EFA618A237CF6
:102090000191617C0909024600914748294602F0F6
:1020A00037FD0135102DE7D1002420460EB0BDE8E4
:1020B000F081D1F804804148414602F04AFE2E6882
:1020C0000446002846D1042F03DC3046FFF7B2FF58
:1020D00022E0A868D5E9037802F086F90F280546C2
:1020E000F3D8374802F084FD3846364903AA02F097
:1020F000FFFD07460028E8D0324903AA204602F037
:10210000F7FD0028E1D002F06FF9431E802B064650
:1021100004D92D4802F06CFD0124C6E7394604A815
:10212000FBF720FA102229490DEB020002F068FDAE
:1021300008B92748EEE7404602F056F9012300931C
:10214000F2B283B204A9E8B2F8F7E6FE0028ACD1F7
:102150002048DFE72048414602F0FBFD0028B4D1CB
:10216000A86802F041F90F280446AED81B4D144868
:1021700005EB041502F03CFDAE689EB9E0B2F8F73D
:10218000ADFE002890D0437C468223F010034374B8
:10219000134B144AC5E90230134B2946186801F065
:1021A00034FE81E72146114802F0B2FCB4E700BFDB
:1021B00091870100C987010005880100BD6E0100FB
:1021C0001F880100588801005A880100B68F01005D
:1021D00084880100A0880100066F010038550020A6
:1021E0001D200100E093040074930100BB880100EE
:1021F0002DE9F04F012889B005460C4607DC096837
:10220000714802F085FC012009B0BDE8F08F4E68EE
:102210006E49304602F09DFD002840F08D80042D6F
:1022200002DC21686A48ECE7052D18D0606902F0ED
:10223000DBF8062D064613D0A06902F0D5F8054656
:10224000D4E902A703A9524604A8D4F810B0FBF7BA
:10225000EFFE002806DA5F4802F0CAFC28E00126FB
:102260005D4DEDE7384602F0BFF81FFA80F90746EA
:10227000B9F1000F5BD15948EEE7836801934A46F4
:102280004946FAF705FC064628B9554802F0B0FC65
:10229000314620460AE004AA0021F1F763FC044617
:1022A00040B9504802F0A4FC21463046F6F70AFD3A
:1022B0000020A9E7039B8BB100231A461946184654
:1022C000F6F77AF9064608B94748DFE7039B426804
:1022D0000BB1B3F9FA315380346034464349234695
:1022E00040F202220420F5F72FF8064608B94048CC
:1022F000CCE701993F48BBB2524602F009FCB8F165
:10230000000FD5D03C4B2946186801F0A9FE08F112
:10231000FF38584602F03DFD002302465946184654
:10232000F6F72AFE04460028A7D1344894E706F1C0
:10233000FF38002EEDD1BBE73149304602F009FDF0
:1023400000283ED1022D02D121682E4859E7A66807
:102350002D49304602F0FDFC00BB032D02D121685F
:102360002A484EE72A4DB5F9083023B16968294853
:1023700002F0CEFB9CE7E06802F036F883B20BB9BE
:10238000254869E7254B84B21B882B812946042008
:102390006C60F6F7FDFB22482146E9E7214930460B
:1023A00002F0D7FC044660B9194DB5F908300BB9F5
:1023B0001D4851E704202946F6F726FC1B482C81CE
:1023C0004AE71B4848E700BFE28801003F5E010082
:1023D000FB880100C05C010040420F003889010009
:1023E000175D01003C5D0100625D01000000FFFF20
:1023F000895D0100AC5D010078930100EB5C010098
:10240000EE89010060890100D88301007F89010005
:10241000500200206C5C01009D890100B841002041
:10242000975C0100D3830100BB890100D9890100B9
:10243000F5890100012810B50B4608DC094802F0B7
:10244000D7FB094802F0D4FB0124204610BD074900
:10245000586802F07EFC04460028EFD1FBF7DEFF4F
:10246000F3E700BF0C8A0100138A0100427C0100DF
:1024700008B5FDF789FA002008BD08B5F0F786F920
:10248000002008BD08B5EFF7BFF9002008BD000027
:1024900008B5024802F0ACFB002008BD2A8A010002
:1024A0002DE9F04106460F4604462378F519412BE5
:1024B000A5EB040512D1824802F09AFB282D40F2C8
:1024C000FD80601CFBF700F900231022A5F1290113
:1024D00004F12900BDE8F041FDF7A2B93F2B07D870
:1024E000784802F085FB0023102229462046F1E7B8
:1024F00003F0F802C02A11D1734802F079FB238857
:1025000072485BBAC3F30A0102F002FB63887048A9
:102510005BBA99B202F0FCFA0434C6E7E02A18D19B
:102520006C4802F065FB2188684849BAC1F30A018A
:1025300002F0EEFA6188664849BA89B202F0E8FA18
:102540002179654802F0E4FA00231022691F601D1A
:10255000C0E703F0E003602B40F0B0805F4802F07A
:1025600047FB237803F01803102B2ED004D853BB5D
:102570005B4802F03DFB01E0182B28D02378580778
:1025800054BF5848584802F033FB237803F0030344
:10259000022B1ED0032B1ED0012B14BF53485448CE
:1025A00002F026FB637859061DD5524802F0B0FAB6
:1025B000637803F03003202B11D021D86BB94E483B
:1025C00002F016FB1EE04D48D3E74D48D1E74D48D9
:1025D000CFE74D48E4E74D48E2E74D48F0E74D4886
:1025E000EEE74D48ECE74D4802F092FA637803F0CD
:1025F0003003202BF3D003D8002BEED14848DFE77F
:10260000302BEED0627802F00403120731D5EBB123
:10261000444802F0EDFA637803F00303013B022B18
:102620008CBF4148414802F0E3FA94F90130002B95
:1026300042DAA1783E4801F00F02090902F068FA77
:102640000320291A00231022204443E7394802F0CE
:10265000CFFA637803F00303022B06D0032B06D0D6
:10266000012B14BF34483548DDE73548DBE73548F2
:10267000D9E79BB1344802F04BFA637803F00303C7
:10268000022B07D0032B07D0012B01D02F48CAE71C
:102690001F48C8E71F48C6E71F48C4E72C4802F098
:1026A00037FA637803F00303022BF3D0032BF3D044
:1026B000012BEDD01A48B6E70220C2E7BDE8F08151
:1026C000488A0100618A01007B8A0100988A010022
:1026D000AB8A0100B88A0100DA8A0100E68A0100AB
:1026E000F48A01007A8B0100858B0100948B010034
:1026F000A18B0100BC8B0100E28B01001A8B010051
:10270000398B0100528B0100A98B0100B28B0100B3
:10271000FB8B01000A8C0100198C0100318C010037
:10272000588C0100688C01009C8C0100CE8C01004B
:10273000D38D0100DB8C0100108D01002C8D010078
:10274000478D0100628D01007C8D0100D28C01005B
:10275000A78D0100F8B5084E084B00259B1B0C27E0
:10276000B3FBF7F4AC4200D1F8BD07FB05F3F35817
:1027700003B198470135F5E7549501006C950100C8
:10278000F8B50A4D0A4C0C23641B0746B4FBF3F45E
:102790000E4603FB0454A54201D13046F8BDAB6898
:1027A0003146384698470C35F5E700BF549501008F
:1027B0006C9501000A4601460148FAF7DCBF00BFEC
:1027C0005C02002010B50A460C4601460020FCF7CA
:1027D000CDF8204610BD0020FCF7BCB8034B044ADE
:1027E0004FF4E1310020FBF7F5BF00BF5C02002091
:1027F000F5270100FAF7B4BF37B50446806808B979
:10280000EFF7ACFC627863689340B3EB400F4FEA9C
:102810004001E2682CBF0B461946A0EB0205A360FD
:1028200038BF580800236380FDF74CF9E060421977
:102830000648B4F910300093006804F11C0304F159
:10284000240101F02FFC03B030BD00BF74930100E0
:1028500010B5428803789A42044600D313B9D4E9EC
:10286000053098472046BDE81040FFF7C5BFF8B5D2
:1028700006460C4615469DF81C109DF81820184673
:102880000BB9EFF76BFC03FA02F76FF000439F42BE
:10289000F7D2002321706380606062708100FDF7D1
:1028A00011F92682C4E902002462E5832046BDE8CE
:1028B000F840FFF7A1BF0000024B00F124011868A7
:1028C00001F08ABA74930100D0E901329A4210B53E
:1028D000044601D8EFF742FCFFF7EEFF636820469D
:1028E000C4E90233BDE81040FFF786BF43880133D7
:1028F0004380704782680168531C83604368013BD2
:102900001340C85C704710B5EFF3108472B6EFF354
:10291000108172B6D0E9022381F310889A4204D064
:10292000FFF7E8FF84F3108810BD4FF0FF30F9E7A0
:102930002DE9F04105460F461446EFF3108872B6B4
:10294000164646B1EFF3108172B6D5E9022381F342
:1029500010889A4204D188F31088A01BBDE8F0814A
:102960002846FFF7C7FF013E07F8010BE9E7F8B576
:1029700005460C46EFF3108772B60E4646B1EFF3EC
:10298000108172B6D5E9022381F310889A4203D1EF
:1029900087F31088A01BF8BD2846FFF7ABFF013E68
:1029A000ECE730B5EFF3108472B6EFF3108572B632
:1029B000D0E902239B1A426885F3108893420BD01A
:1029C000C2680568531CC3604368013B1340002084
:1029D000E95484F3108830BD4FF0FF30F9E7F0B5CB
:1029E000EFF3108772B6144654B1EFF3108672B647
:1029F000D0E902535B1B456886F31088AB4203D1D4
:102A000087F31088101BF0BDC66811F801CB05686C
:102A1000731CC3604368013B3340013C05F803C0AD
:102A2000E2E7000010B501884288044649BA52BA6C
:102A300092B289B2064802F06BF8A188E288054894
:102A400049BA52BABDE8104092B289B202F060B8F9
:102A5000E98D01000C8E0100B1F5167F08B506D096
:102A6000B1F5966F01D1EEF7CFFE002008BDEFF76C
:102A70008DFEFEE710B508B9EFF770FB0368002B79
:102A8000FAD01B68BDE810409B6A184710B508B91A
:102A9000EFF764FB0368002BFAD01B68BDE8104019
:102AA000DB6918470129F8B5C4680ED1B4F994213F
:102AB000531E9BB21F2B96BF254B002053F82200BC
:102AC0000221BDE8F840EFF70DBB062924D0072905
:102AD0002BD004291FD1D4F878010123002584F8D4
:102AE000983184F89A5104F5CD7208B9EFF736FBA6
:102AF0000168CE682946B047234604F1A00283F856
:102B0000405083F8E05014339A42F8D10126002750
:102B1000D4F88C5185B9F8BD94F8983184F899317E
:102B2000042684F898610227F2E794F8993184F832
:102B3000983108260327EBE7EB681E4205D06B6847
:102B40003A465B682946204698472D68E2E700BF71
:102B50003C0E00200368012970B50A460446D86877
:102B600023D1237A591E4B424B41A17A01EBC30179
:102B7000C9B202FA01F1EFF3108372B6D0F89021D6
:102B80001143C0F8901183F31088B0F99421531EBB
:102B90009BB21F2B98BF264BBDE8704094BF53F8E3
:102BA000220000200421EFF79DBAA37A8BB9D0F858
:102BB0008C1189B1082A26D0092A0DD1CB689B0631
:102BC0000AD54B6822469D680223A8471CBBEFF735
:102BD000C5FAD0F8883103B970BD996819B9D968B8
:102BE00041B91B68F7E78D68AC4201D11969E0E78C
:102BF0000968F3E78D680DB90968F1E7AE68B4427A
:102C0000F4D02D68F7E74B689D682246AC46002358
:102C1000BDE8704060472368002BD8D01B68054A88
:102C20005D6A01232046AC461946BDE87040604706
:102C30003C0E00202E93010038B504460D464FF49B
:102C4000D872002102F005F8C4F8785138BD0000B0
:102C50001FB50293069B0193054B00930023EFF7EA
:102C60006BF9002801DCEFF779FA05B05DF804FB99
:102C7000952C010010B50346D0F884010860B3F824
:102C80009601C3F88411441CA3F8964108814A6058
:102C900010BD00002DE9F0474C4BB2B01B68C0F8E6
:102CA0007431002603A9C0F87061C0F87C11044695
:102CB00000F5B87800F01AFB454BD4F878511B8822
:102CC000A4F894310123A4F89631424B84F89A6118
:102CD000C4F888616B60404BC5E902340DB9EFF769
:102CE0003DFA2B6828461B6898473C4A04F11801B6
:102CF0002046FFF7BFFF3A4A04F10C012046FFF7D8
:102D0000B9FF384A21462046FFF7B4FF04F5CE77D5
:102D1000082101A8FAF74FFE082201A93846EFF76B
:102D200059FF3A4604F124012046FFF7A3FF84F837
:102D30009861D4F88C61F6B92B682B4ADE680123C0
:102D400019462846B0474FF001090720EFF7BCF9B4
:102D50008107064603D52B6828461B6998477207EA
:102D600010D4F307F1D54046EFF766FE0028ECD00B
:102D700043689847E9E7736831461B6820469847DF
:102D80003668D8E7EFF3108372B60022D4F890A12A
:102D9000C4F8902183F310881427BAF1000FE0D013
:102DA0009AFAAAF3B3FA83F3072B09FA03F2CBBF1B
:102DB000083B07FB034307FB0343986BC8BFD3F8EB
:102DC000D8002AEA020AFFF755FEE6E7340E002093
:102DD000C00E0020A52A0100552B01002C8E0100F9
:102DE000378E0100518E01002F93010010B5D0F8ED
:102DF000882100F5C4730020441C1AB980B20883EE
:102E0000196010BD1B6820461A68F5E7D0F88C21C0
:102E100000F5C6730AB9196070471B681A68F9E7AC
:102E200010B5806800B910BD83685C7A8C4202D10D
:102E30001B7A9342F7D00068F4E7F8B50446D0F85F
:102E40007801069E0D4611461A4608B9EFF786F935
:102E500003685F683346B84778B1837A14225343D6
:102E6000027A012A0CBFD033303323449E8198600C
:102E700015B1AA681A60AB601846F8BD08B50346DC
:102E80008068827A0AB9EFF769F901211974BDE8FF
:102E90000840FFF7FBBD08B503468068827A0AB98F
:102EA000EFF75CF900211974BDE80840FFF7EEBDAB
:102EB00010B508B9EFF752F90368002BFAD01B6878
:102EC000BDE810409B691847F7B5CB6843F0010394
:102ED0000026CB60402701230C460E761A46314669
:102EE00000970546FFF7A9FF8368A36301223346D5
:102EF000009731462846FFF7A0FF8368636303B05D
:102F0000F0BD10B50A4608B9EFF728F90368002BA1
:102F1000FAD01B681C6A0221A4460423BDE81040B5
:102F2000604710B50A4608B9EFF718F90368002B97
:102F3000FAD01B685C6A0021A4460123BDE810405A
:102F4000604710B508B9EFF709F90368002BFAD00C
:102F50001B68BDE81040DB6A1847000010B50C463E
:102F6000C2B980F89B210A76886BFFF7A1FF606BDE
:102F7000FFF79EFFA06B0849FFF7D3FF606B064980
:102F8000FFF7CFFF606B04F13C014022BDE8104029
:102F9000FFF7D7BF10BD00BF309301002DE9F3410B
:102FA0000C460B7C91F910100029054603DBE28AE0
:102FB000206B904210D803F01F02012A00F0AE806F
:102FC000022A00F0CA80002A40F0EF800029637CCA
:102FD00076DA43B1062B11D0D5F87801002840F0FD
:102FE000DF80EFF7BBF895F89B315B00022201A967
:102FF0002846ADF8043000F0AAF948E0638A1A0ABE
:10300000013A052AE8D801A151F822F02530010043
:10301000353001003D300100D92F0100D92F0100CA
:10302000A9300100284600F071FB0028D4DB00F035
:10303000BC802CE0284600F065FAF6E7D5F88461FC
:10304000002EC9D013F0FF030BD14FF441730222BD
:1030500069462846ADF8003000F079F940F209439E
:10306000C4E703228DF8052032899A4200F0B68029
:103070003668002EF8D1AFE7284600F093F900211A
:10308000284600F08FF916F8011F0029F4D194F9B1
:103090001030002B80F28C8001232846237602B06A
:1030A000BDE8F04100F09AB9D5F8780100238DF819
:1030B0000430036801AA9E6804210123B0478BE70E
:1030C000052B11D0092B87D10323D5F8886185F80A
:1030D0009831002EDBD0B76857B9D6F80C80B8F11C
:1030E000000F0DD13668F4E7638A85F89A31CEE790
:1030F000FB7B1BB14249B868FFF713FF3F68EBE762
:10310000D8F8087017B9D8F80080E8E7FB7B1BB146
:103110003C49B868FFF705FF3F68F3E7617CA28A86
:1031200003F060030B4302F00F023FF45FAFD5F8EA
:103130008831002B3FF450AF198B91420BD11969A4
:103140004868C6683EB1D5F87C2104F11003127EB0
:103150002846B04769E71B68EBE7A38A142203F00F
:103160000F001B06637C02FB00F04CBFD0303030F8
:10317000012B28440DD0032B04D0002B7FF42CAF5F
:10318000037C33E7638A002B7FF426AFFFF776FEDC
:103190007DE7638A002B7FF41FAFFFF77CFE76E7A5
:1031A00003685B6998470023237602B0BDE8F0818D
:1031B000E38A226B9A420AD20323606B2376402271
:1031C00004F13C0102B0BDE8F041FFF7BABE0423B0
:1031D000A06B2376002204F17C01F3E702278DF82F
:1031E0000470706801F0D5FD013040008DF80400D6
:1031F0003A4601A9284600F0AAF87668013E42E75F
:10320000329301003193010073B505460C466BBB48
:103210000B7E042B13D8DFE803F0512B264003006C
:10322000137A012B22D190F89A318BB190F8983112
:10323000012B0DD1D0F8780105F5CD7208B9EEF764
:103240008DFF0168CE680021B047022385F89831D0
:103250000023606B2376402204F13C0102B0BDE8FC
:103260007040FFF76EBE137A002BF2D002B070BD33
:10327000167A012EFAD100F052F828B121462846DC
:10328000FFF78CFE2676F1E7606B402204F13C01EB
:10329000FFF757FE02232376E8E7137A002BE5D1E8
:1032A000606B019301A9FFF72CFE236B019A134475
:1032B000236321462846FFF771FED7E7167A002ED2
:1032C000D4D13146102204F11C0001F0C2FCE36BA2
:1032D0002361236C6361E38A266321462846E36207
:1032E00002B0BDE87040FFF759BE0000034B4B60D1
:1032F000D0F88C310B60C0F88C117047349301000A
:1033000010B5D0F87C4109B9EEF728FF237E032BD6
:10331000FAD1606BFFF7F5FD04F13C0010BDD0F869
:103320007C319A6BD8695268196A024491420CD96F
:10333000D96A884209D2986A81424FF0000005D9C3
:10334000C3E9072058620120704700207047D0F879
:103350007C01F8B5836BC7695D68036A9F423D4491
:1033600003EB020408D9AB4202D2FE1A964206D9F8
:10337000046200252846F8BDAB42F9D20026AC42D3
:103380002CBFED1A951B426A046228BFAD1B2A446C
:10339000DB1B426233447C302A463144184401F03E
:1033A000EAFCE7E7D0F87C21D2E90703984210B5A0
:1033B00010D8946B64680444A3420BD21B1A1344C4
:1033C000012083F87C10136A01331362536A0133BE
:1033D000536210BD013313620020FAE7D0F87C116C
:1033E000C869CA6A4B6A121A9A4228BF1A468B6A7F
:1033F000886B134410B57C3141F8543C08B9EEF7A2
:10340000ADFE0368002BFAD01B68BDE81040DB6AF4
:10341000184770B506460C4600250CB9284670BD05
:1034200062689368127B1AB1A168304698470346D8
:1034300024681D44F1E770B506460C4600250CB91A
:10344000284670BD63681B681BB1A1683046984769
:10345000034624681D44F2E770B506460C46002575
:103460000CB9284670BD63685B681BB1A168304623
:103470009847034624681D44F2E700002DE9F7430E
:103480004FF00009DFF8788005460C464E4640F2C2
:1034900007571CB9484603B0BDE8F0836168284669
:1034A000FFF7C9FFA268CDF80360117A937A8DF80F
:1034B0000230012904BF63F07F038DF80230537A94
:1034C000ADF80070013BDBB2032B17D818F80330BE
:1034D0008DF80330A389ADF804300722A37B8DF863
:1034E000063069462846FFF732FF61682846FFF735
:1034F000B3FF9DF8003024689944CAE7EEF72EFE2A
:10350000449301002DE9F04F8DB07F4A03920023D0
:103510000122ADF810308DF8112080228DF8132093
:1035200032228DF81420D0F888218DF8123004460C
:1035300052BBD4F880118DF810302046FFF769FF98
:10354000D4F88851093015BB238CADF80E00092240
:1035500003A920468DF81230FFF7F9FED4F8801148
:103560002046FFF779FFD4F8886100F10907A846E3
:1035700040F20949002E42D1BDF80E002F44B84256
:1035800000F0BF80EEF7EAFD12680133D0E700F1EA
:10359000090769682046FFF73CFFAE680744002032
:1035A00046B9D5F80C800744B8F1000F0BD12D684F
:1035B000B819C8E7716800F107082046FFF729FF2E
:1035C00036684044ECE7D8F804102046FFF721FFA6
:1035D0000936D8F808A006440020BAF1000F03D13C
:1035E000D8F800800644DFE7DAF8041000F1070994
:1035F0002046FFF70EFFDAF800A04844EDE77168B7
:103600002046FFF718FF338BCDF81A808DF81A305B
:10361000B37ECDF81D808DF81D30F37E8DF81E3001
:10362000B268337F8DF81F3082460935ADF81890A7
:1036300000230ABB8DF81C30736913B11B898DF808
:103640002030092206A92046FFF781FE7168204636
:10365000FFF702FFAA448244B1682046FFF70EFF3D
:103660000AEB0005D6F80CA001220020BAF1000FE9
:1036700005D1366805447DE712680133D9E7338BFD
:103680008DF82630B37ECDF828808DF82C808DF80B
:103690002930F37E8DF82A3002F1010B337FDAF8FE
:1036A00008108DF82B308DF82720ADF8249000F10C
:1036B00009035FFA8BFB002201BB8DF82820DAF8A2
:1036C0000C2012B112898DF82C20092209A920465C
:1036D0000193FFF73CFEDAF804102046FFF7BCFE2A
:1036E000019BDAF80810034420460193FFF7C6FE59
:1036F000019BDAF800A018445A46B7E7096801327E
:10370000DAE70DB0BDE8F08F090209007FB50022AD
:10371000ADF808208DF80A200F4A019240228DF85A
:103720000B200E4A03924FF48072ADF810200289EC
:10373000838D8DF81220828A8DF813208DF8143035
:103740001222012301A98DF81530FFF700FE122087
:1037500007B05DF804FB00BF120100020912007DF2
:103760000AB981F87C20704707B540F60833ADF8F8
:1037700000300B8D8DF8023002238DF803300822C3
:1037800040F2022369460193FFF7E1FD082003B0F0
:103790005DF804FB2B4B2DE9F743C1F884302A4B2D
:1037A0000962C1E9153140F202234B8501F1500352
:1037B0004B610A230026A1F84A3001F110080823C2
:1037C0000E6581F82C6081F84C604E6309640C46EC
:1037D00000930222012341460546FFF72EFB08B95C
:1037E000EEF7BCFC40F2FF1304F130074FF0400944
:1037F000C3810322CDF80090012339462846FFF704
:103800001CFB86730028EBD00123C3730322CDF881
:103810000090334639462846FFF70FFB0028DFD0DB
:103820004FF48073C38141462846FFF7DFFA3946DB
:103830002846FFF7DBFAE36843F00103E36003B0D7
:10384000BDE8F083AF3901004893010037B5194B4B
:10385000009304460D460123694605228DF8043085
:10386000FFF775FD144B0093694604222046FFF7CD
:103870006EFD42F205412A8DADF800100621B5F823
:1038800048308DF802108DF8032069460522204645
:103890008DF80430FFF75BFD084AB5F84830009218
:1038A0006946052220468DF80430FFF750FD1320AD
:1038B00003B030BD052400200424020205240100C9
:1038C00010B508B9EEF74AFC0368002BFAD01B6864
:1038D000BDE81040DB6A1847F8B5436F93F898319C
:1038E000032B04460D4626D190F87C30012B22D1C3
:1038F000EFF3108672B600F16407EFF3108172B631
:10390000D4E91B2381F310889A420AD03846FEF787
:10391000FAFFA36F5A1C23443F2AA26783F8D00002
:10392000EBD986F31088A26F04F1D0012846BDE8D8
:10393000F840FFF7C5BFF8BD73B51389B3F5407FF5
:103940000C4615461AD10AB9EEF708FC1368002B8D
:10395000FAD01B681E6A04230DEB030202212846DD
:10396000B047019A04F190061AB1E36D3146204642
:103970009847402231462846FFF7A2FF2A8940F2A5
:1039800001339A4211D10023A367EFF3108172B67D
:10399000D4E91B2381F310889A4206D02946204699
:1039A00002B0BDE87040FFF797BF02B070BD50F89D
:1039B000083C803823B9836B1B689968FFF78CBF7C
:1039C00070472DE9F04190F87C300D46144600F127
:1039D00064074BB1EFF3108472B63846FEF7FFFF71
:1039E00084F31088BDE8F081EFF3108672B6EFF330
:1039F000108272B6016FD0E91A300344A3EB0108BC
:103A000082F31088444510D92144C91A3846FEF77C
:103A1000AEFF00EB0802A31A1D4429463846FEF704
:103A2000DEFF86F310882046DCE72246F5E7436F89
:103A30002BB100F1800103F5B870EEF7DDBF7047E0
:103A40007FB50C465978212933D0222937D0202937
:103A50002CD1DB88072B29D1032A1BD1002303A9F2
:103A60000393FFF74DFC039B072B05461ED14379BB
:103A700082790168007900902046FEF7EDFF266EFE
:103A80005EB92B68C4F88830AB88A4F88C30AB7969
:103A900084F88E30012004B070BD28796B79AA7942
:103AA000296800902046B0470028EADA4FF0FF303E
:103AB000F1E7072204F18801FFF749FCEAE75B8898
:103AC00013F0010315D0012384F87C300022032178
:103AD00004F13000FFF7A4F908B9EEF73FFB806866
:103AE000402204F19001FFF7EBFE2046FFF79FFF15
:103AF000D0E784F87C30CDE72DE9F843DDE908967E
:103B00000C460546904600214FF4A87220461F46F9
:103B100001F09FF865671EB1734236EA030301D0D6
:103B2000EEF71CFB054B6360C4E91996C4E91787DF
:103B300021462846BDE8F843FFF768B958930100CD
:103B400038B50C468D18AC4200D138BD14F8011BB5
:103B50000148F9F705FEF6E75C020020F8B50546D6
:103B60000C4606460CB9701BF8BD22463146054886
:103B7000FFF727FF07460348FFF759FF3E44E41BC2
:103B8000F0E700BFF856002007B580230193054BEE
:103B90000093054A05490023FFF7AEFF03B05DF827
:103BA00004FB00BF78560020413B0100F85600207E
:103BB00000F12401006A00F00FB910B50446006A54
:103BC0004369013314D000F0CAF880B1626B94F8F5
:103BD0003840A2FB0023C4F1200003FA00F0A4F156
:103BE0002001E240024323FA01F142EA010010BD44
:103BF00083685B689847E8E730B4436C90F84050BE
:103C00001944C36BC5F12004A1FB0313A5F12002E5
:103C1000E94003FA04F4214323FA02F20A4330BCD8
:103C200000F12401006A00F0F0B800002DE9F04135
:103C300004460F461546002148221E4601F009F8A9
:103C40001D4BA3601D4B2762C4E90B340DB9EEF781
:103C500085FA002EFBD03246294604F13400EFF7F6
:103C600062F82A46314604F13C00EFF75CF8B542B1
:103C70004FF0FF3319D294F83850616BC5F1200032
:103C8000A1FB031303FA00F0A5F12002E94023FA97
:103C900002F2014311434B1C61610AD0A368204624
:103CA0001B68BDE8F04149081847B5FBF6F56361AC
:103CB0006564BDE8F08100BF68930100793E0100B2
:103CC0000346006838B10A6822B9D868431A5842D6
:103CD00058417047012070470346006848B1416869
:103CE00031B902681A600AB9DA607047016070473A
:103CF00000207047416902688368B1F1FF3F07D037
:103D00001B6849081AB15268914228BF11461847EA
:103D100012B11B685168FAE79B68184738B5054629
:103D20000C46FFF7CDFF08B9EEF718FA2846024611
:103D3000006898B1A042FAD1EB68A34204D1AA422C
:103D400014BF13460023EB60236813601BB15A684D
:103D500061680A445A6000232360012038BD38B5E9
:103D6000436904460BB9EEF7F9F9EFF3108572B623
:103D700083685B6898470246A069E36982423DBF59
:103D800061690131891811461B1A5818C4E90620C7
:103D900085F3108838BD4269013201D0FFF7DFBFDB
:103DA00083685B68184738B505464468FFF7F3FF3A
:103DB0002B6833B1021B00245968914203D3891A3E
:103DC0005960686038BD521A5C601B68002BF8D0DF
:103DD00059680029F9D0EFE7F8B505460E46EFF32C
:103DE000108772B6FFF76CFF044650B12846FFF704
:103DF000DAFF31462846FFF791FF04462846FFF7D1
:103E000079FF87F310882046F8BD2DE9F04105467B
:103E10000E461446EFF3108872B6FFF7C4FF314622
:103E200007462846FFF74CFF10B12846FFF776FFFC
:103E30002B8AA34234BFE21A002272602B46002173
:103E40001C461B6883B9501A3360706093B1891A9D
:103E50005A680A445A6026602846FFF74BFF88F3E9
:103E600010883846BDE8F081586808448242EAD399
:103E70000146E5E7EE60EEE74369013310B504461D
:103E800019D0FFF788FF236883B161685B68194424
:103E9000081A00280FDD6169A368490881421B6880
:103EA00028BF01462046BDE8104018476169A36855
:103EB00049081B68F6E723683BB92046FFF71AFF5D
:103EC000EFF30583DBB2BBB110BD626859680A44E9
:103ED000626000225A602046FFF7FEFE0028ECD008
:103EE000D0E9023098472046FFF7F6FE0028F7D1C8
:103EF0002046FFF758FFEEE7034B4FF080525A6021
:103F0000BFF36F8FE0E700BF00ED00E010B5114A8E
:103F100011484FF0FF33002100F078F804460F48B5
:103F200000F044F80E4AA4F56723A3F56F639342AB
:103F300003D90C48214600F0EBFD074B0A4A1A61F1
:103F4000BDE81040054909484FF400434FF47A7228
:103F5000FFF76CBE40420F00700200209058002016
:103F6000A08601005D8E0100070016004858002061
:103F7000FAF78EBAFAF772BA70B504460D46EFF347
:103F8000108672B6FAF76AFA022D2CBF4019023079
:103F90000449224620F07F40FAF766FA86F310883B
:103FA00070BD00BFA93F0100FFF766BF0A4B10B507
:103FB000044683606FF07F434361FAF73BFAFAF7F8
:103FC0006FFA61694B1C06D0A36820461B68BDE8E8
:103FD00010404908184710BD7C930100FFF74CBF03
:103FE000006A0021FAF746BB006AFAF76FBB828CC1
:103FF0008A4210B538BF0A46EFF3108472B600212A
:10400000006AFAF773FB84F3108810BD70B50D4693
:1040100001620E4981604361114604462846FBF760
:104020007AFC0B4A0646014623462846FAF7D4FA9C
:1040300008B1EEF793F861694B1C04D0A3684908F6
:104040001B6820469847304670BD00BF889301002A
:10405000DD3F0100EDF7F8BDB0F90010EDF712BD3E
:1040600030B50B4687B0EFF3058212F0FF0201D0A6
:10407000EEF774F8458A0A4C02924FF0FF31019135
:104080009D42039202A9049438BF5A1B01AC0594C7
:10409000FFF7BBFE01212046EDF7A0FD07B030BDC4
:1040A0005540010070B4044EBDF90C50C1E90263E3
:1040B0001D8070BCFFF7A9BE5940010053B94AB931
:1040C000002908BF00281CBF4FF0FF314FF0FF3020
:1040D00000F088B9ADF1080C6DE904CE00F006F8E7
:1040E000DDF804E0DDE9022304B070472DE9F04774
:1040F000089D0F4604468C46002B48D18A4216463E
:1041000061D9B2FA82F34BB1C3F1200201FA03FC88
:1041100020FA02F29E4042EA0C0C9C404FEA164EF6
:10412000B7B2BCFBFEF1220C0EFB11CC42EA0C42F2
:1041300001FB07F0904209D9B21801F1FF3C80F071
:10414000EE80904240F2EB8002393244121AA4B25F
:10415000B2FBFEF00EFB102244EA024400FB07F71C
:10416000A74209D9341900F1FF3280F0DA80A74262
:1041700040F2D7803444023840EA0140E41B002179
:104180001DB1DC400023C5E90043BDE8F0878B4248
:1041900006D90DB1C5E9000100210846BDE8F08748
:1041A000B3FA83F1002948D1BB4202D3824200F224
:1041B0000781841A67EB030201209446002DE4D0A6
:1041C000C5E9004CE1E7002A00F09280B2FA82F3E0
:1041D000002B40F0A8808A1A4FEA164E1FFA86FC80
:1041E0000121200CB2FBFEF70EFB172240EA02422F
:1041F0000CFB07F0904207D9B21807F1FF3802D242
:10420000904200F2E2804746121AA4B2B2FBFEF0DE
:104210000EFB102244EA02440CFB00FCA44507D923
:10422000341900F1FF3202D2A44500F2CB801046CF
:10423000A4EB0C0440EA0740A2E7C1F120068B4042
:1042400022FA06FC4CEA030C07FA01F420FA06F302
:10425000F7404FEA1C49234300FA01F81FFA8CFE8D
:10426000B7FBF9F01C0C09FB107744EA074400FB8C
:104270000EF7A74202FA01F20AD91CEB040400F17E
:10428000FF3A80F09B80A74240F298800238644455
:10429000E41B9FB2B4FBF9F309FB134447EA04445F
:1042A00003FB0EFEA64509D91CEB040403F1FF37FE
:1042B00080F08280A6457FD9023B644443EA0040F7
:1042C000A4EB0E04A0FB02E7BC427346B94663D3DD
:1042D00060D05DB1B8EB030264EB090404FA06F6A2
:1042E00022FA01F31E43CC40C5E9006400214CE7EB
:1042F0006208480842EAC1710B0C43EA00438AB2E3
:1043000042EA0342B3FBF6F1E407B4463746B64649
:104310001F23B0FBF6F0D21B41EA004161E7614682
:1043200014E7104628E7C3F1200120FA01F29E406D
:1043300027FA01F19F403A434FEA164E1FFA86FCD6
:10434000B1FBFEF70EFB1710110C41EA004107FB11
:104350000CF8884504FA03F43AD9711807F1FF30D4
:1043600001D288451FD8A1EB0801B1FBFEF808FB7C
:104370000CF70EFB181192B242EA0142BA422FD258
:10438000B21808F1FF31C6D2BA42C4D2A8F1020174
:104390003244C0E7F0459CD2BEEB020367EB0C074A
:1043A0000138B94695E7A6EB08084144B81EB1FBB1
:1043B000FEF808FB0CF7DCE73B467FE7504667E773
:1043C0000846FBE63444023832E7023F32441BE73A
:1043D000A1EB08013846B1FBFEF808FB0CF7C8E773
:1043E000414698E7704700BF0A22002100F0F0BA6A
:1043F00070B50F4E0C463168054611B9F9F75AFEF3
:10440000306021462846F9F755FE431C03D14FF092
:10441000FF34204670BDC41C24F00304A042F8D031
:10442000211A2846F9F746FE0130F2D1EFE700BF26
:10443000B05800202DE9F843CD1C25F003050835C0
:104440000C2D38BF0C25002D064601DBA94204D9EE
:104450000C2333600020BDE8F883DFF8D48000F03F
:104460005DF9D8F800301C4644BB29463046FFF7BA
:10447000BFFF431C044658D1D8F800402746002F00
:1044800043D1002C4BD023683946304604EB030956
:10449000F9F710FE814542D121686D1A2946304650
:1044A000FFF7A6FF01303AD023682B442360D8F8E9
:1044B00000305A6862BBC8F800700FE02268521BD7
:1044C00020D40B2A17D96119A342256018BF59605F
:1044D000636808BFC8F8001062514B60304600F0B6
:1044E00023F904F10B00231D20F00700C21A1CBFA2
:1044F0001B1AA350AFE76268A3420CBFC8F80020A4
:104500005A60EBE723466468AEE73C467F68B6E74F
:104510001A465B68A342FBD100235360DEE70C23FD
:104520003360304600F000F994E70560D6E700BF3D
:10453000B4580020B1F90C202DE9F04116070546CA
:104540000C4651D44B68002B02DC0B6C002B49DD70
:10455000E66A002E46D0002312F480522F682B60AA
:1045600031D0626DA389590705D56368D21A636B90
:104570000BB1236CD21A0023E66A216A2846B047A1
:10458000421CB4F90C3006D129681D2946D8294AA5
:10459000CA40D60742D500226260D904226922604F
:1045A00004D5421C01D12B6803B96065616B2F6093
:1045B000C1B104F14403994202D0284600F0F2FB55
:1045C000002363630EE0216A01232846B0470246B8
:1045D000501CC7D12B68002BC4D01D2B01D0162B2B
:1045E0001AD12F6000201EE00F69002FFAD0930728
:1045F0000E6808BF4B690F6018BF0023A6EB0708C1
:104600008B60B8F1000FEDDD216AA66A43463A4699
:104610002846B047002808DCB4F90C3043F04003CA
:10462000A3814FF0FF30BDE8F0810744A8EB0008FC
:10463000E7E700BF0100402038B50B6905460C468E
:1046400013B90025284638BD18B1036A0BB900F02C
:10465000FFF8B4F90C30002BF3D0626ED00704D40D
:10466000990502D4A06D00F072FB28462146FFF7A1
:1046700061FF636EDA070546E4D4A3899B05E1D4A4
:10468000A06D00F065FBDDE7014620B9044A05494D
:10469000054800F01FBA054B1868FFF7CDBF00BFF3
:1046A0009802002039460100A8020020A402002040
:1046B0000CB430B5184B0C1E1D689DB008DA8B2366
:1046C0002B604FF0FF301DB0BDE8304002B07047A6
:1046D0004FF40273ADF814304FF000031B9314BF76
:1046E00004F1FF332346049307934FF6FF730290C0
:1046F0000690ADF81630209A21AB02A92846019306
:1047000000F0FAFB431CBCBF8B232B60002CDAD0DB
:10471000029B00221A70D6E7A4020020014800F094
:1047200016BB00BFF4590020014800F011BB00BFC8
:10473000F4590020002310B50446C0E90033C0E955
:104740000433836081814366C281836119460822F4
:104750005C3000F07EFA0D4B63620D4BA3620D4B93
:10476000E3620D4B23630D4B24629C4206D003F1A0
:104770006802944202D0D0339C4205D104F1580023
:10478000BDE8104000F0E2BA10BD00BF9D56010028
:10479000BF560100F75601001D570100B858002010
:1047A000024A0349034800F095B900BF980200206F
:1047B00039460100A802002041680C4B994210B50F
:1047C000044601D0FFF738FFA168094B994202D097
:1047D0002046FFF731FFE168064B994204D020469E
:1047E000BDE81040FFF728BF10BD00BFB85800203B
:1047F00020590020885900200C4B0D4A0D4810B557
:1048000004211A600022FFF795FF0A4B01221C4683
:10481000092103F16800FFF78DFF04F1D0000222A7
:10482000BDE810401221FFF785BF00BFF0590020FE
:10483000A1470100B8580020014800F088BA00BF25
:10484000F5590020014800F083BA00BFF559002057
:1048500010B50446FFF7F0FF236A1BB1BDE8104016
:10486000FFF7F0BF044B2362044B1B68002BF5D10C
:10487000FFF7C2FFF2E700BFB9470100F05900207F
:104880002DE9F041074614460D4621B9BDE8F04137
:104890001146FFF7CFBD2AB900F084FA2546284615
:1048A000BDE8F08100F0F2FE8442064602D8B4EB87
:1048B000500FF4D821463846FFF7BCFD804608B9B2
:1048C0004546ECE7B4422246294628BF324600F06E
:1048D00052FA2946384600F065FAF1E7242B2DE913
:1048E000F0478646904601D8012B06D100F004FA25
:1048F000162303600020BDE8F08734480D462A46A1
:1049000015F8014B065D16F00806F8D12D2C10D1D4
:104910002C780126951C33F0100215D1302C0DD1C6
:104920002A7802F0DF02582A08D16C780235102369
:104930000AE02B2C04BF2C78951CECE7002BF6D159
:10494000302C14BF0A23082306F1004C0CF1FF3C65
:104950000022BCFBF3F9104603FB19CAA4F130078F
:10496000092F0FD83C46A3421BDD571C07D08145B9
:1049700014D301D1A24511DB00FB0340012215F83D
:10498000014BEBE7A4F14107192F01D8373CEAE7C7
:10499000A4F16107192F04D8573CE4E74FF0FF3228
:1049A000EDE7531C08D12223CEF800306046B8F161
:1049B000000FA0D0691E06E006B14042B8F1000F1A
:1049C00099D0002AF6D1C8F8001094E79593010019
:1049D00013460A46014602480068FFF77FBF00BF42
:1049E000A40200202DE9F043344E86460D462846A9
:1049F00015F8014B375D17F00807F8D12D2C10D1B1
:104A00002C780127851C33F0100015D1302C0DD1E6
:104A1000287800F0DF00582808D16C780235102380
:104A20000AE02B2C04BF2C78851CECE7002BF6D178
:104A3000302C14BF0A2308234FF0FF380026B8FBA0
:104A4000F3F803FB08F96FEA09093046A4F1300CCA
:104A5000BCF1090F10D86446A3421EDDB6F1FF3F3A
:104A600007D0804516D301D1A14513DB00FB0340DD
:104A7000012615F8014BE9E7A4F1410CBCF1190F2F
:104A800001D8373CE8E7A4F1610CBCF1190F04D858
:104A9000573CE1E74FF0FF36EBE7731C06D12223CA
:104AA000CEF80030304632B9BDE8F08307B140425D
:104AB000002AF9D006B1691E1160F5E7959301004F
:104AC00013460A46014602480068FFF78BBF00BF45
:104AD000A40200202DE9F843074688461446002624
:104AE000D4E90195B9F1010905D52468002CF7D165
:104AF0003046BDE8F883AB89012B07D9B5F90E30F4
:104B0000013303D029463846C04706436835E9E7F4
:104B10000FB407B5064904AB086853F8042B816845
:104B2000019300F00BFB03B05DF804EB04B0704799
:104B3000A4020020024B01461868826800F0E1BE22
:104B4000A4020020036A70B5846805460E460BB9BE
:104B5000FFF77EFE636EDB0705D4A389980502D4B8
:104B6000A06D00F0F4F8A389190702D52369002B82
:104B700035D12146284600F013FE80B34FF0FF35B3
:104B8000636EDA0705D4A3899B0502D4A06D00F0FB
:104B9000DFF8284670BD002B04DAA269934217DBC8
:104BA0000A2915D023685A1C22601970A36816F8C8
:104BB000011F013BA3600029EDD1002B11DA224631
:104BC0000A21284600F0AEFD0130D7D00A25D7E7EC
:104BD0002246284600F0A6FD0130E7D1CEE7013E8F
:104BE000E4E723685A1C22600A221A70EEE70000EC
:104BF000024B01461868FFF7A5BF00BFA4020020C2
:104C000010B501390244904201D1002005E003783B
:104C100011F8014FA34201D0181B10BD0130F2E77B
:104C2000884210B501EB020402D98442234607D81A
:104C3000431EA14207D011F8012B03F8012FF8E71A
:104C40000244824200D110BD13F8011D02F8011D7B
:104C5000F7E702440346934200D1704703F8011B73
:104C6000F9E7C9B20346184613F8012B12B18A427C
:104C7000F9D17047002918BF0020704710B56AB1FC
:104C80000139841810F8012B11F8013F9A4203D121
:104C9000A04201D0002AF5D1D01A10BD1046FCE781
:104CA000F0B5044608B9146844B1204614F8015B15
:104CB0000F4617F8016B1EB965B91560002005E0B5
:104CC000B542F6D1002BF0D114600370F0BD1C4644
:104CD0000CE01DB9274614F8013B0E4616F8015B9F
:104CE000AB42F6D1002BF2D000233B701460EDE70D
:104CF0000123FFF7D5BF0000014B1868704700BFC4
:104D0000A402002070B50D4B0D4D5B1B9C100026BE
:104D1000A64209D1F9F7C6F90A4D0B4B5B1B9C1053
:104D20000026A64205D170BD55F8043B98470136D0
:104D3000EEE755F8043B98470136F2E76C95010021
:104D40006C9501006C9501006C95010070477047EF
:104D5000704710F8012B11F8013B012A28BF9A4235
:104D6000F7D0D01A7047034611F8012B03F8012B36
:104D7000002AF9D170470A44914200F1FF3300D173
:104D8000704710B511F8014B03F8014F9142F9D16A
:104D900010BD034613F8012B002AFBD1181A013865
:104DA0007047000038B50546002941D051F8043C51
:104DB0000C1F002BB8BFE418FFF7B0FC1D4A1368A6
:104DC00033B9636014602846BDE83840FFF7ACBCD7
:104DD000A34208D9206821188B4201BF19685B687B
:104DE00009182160EDE71A465B680BB1A342FAD9B6
:104DF00011685018A0420BD120680144501883421A
:104E00001160E0D118685B68536008441060DAE70D
:104E100002D90C232B60D6E7206821188B4204BFEF
:104E200019685B68636004BF091821605460CAE7B1
:104E300038BD00BFB45800202DE9F0478E681F46EA
:104E4000BE4282460C469046334653D8B1F90C0018
:104E500010F4906F2BD065692368096905EB45054F
:104E6000A3EB010905EBD5757B1C6D104B44AB42E0
:104E70002A4684BF1D462A46430527D5114650467B
:104E8000FFF7D8FA064658B321694A46FFF773FF81
:104E9000A38923F4906343F08003A38126616561B5
:104EA0004E44A5EB09052660A5603E463B461F46DD
:104EB00020683A464146FFF7B3FEA3689B1BA360F8
:104EC00023683B4423600020BDE8F0875046FFF78D
:104ED000D7FC06460028E1D121695046FFF762FF62
:104EE0000C23CAF80030A38943F04003A3814FF09C
:104EF000FF30E9E73E46DBE72DE9F0471F468B89A7
:104F00001B069CB006460D46144610D50B6973B9B6
:104F10004021FFF78FFA2860286130B90C233360F5
:104F20004FF0FF301CB0BDE8F08740236B610023D9
:104F3000099320238DF8293003973023654F8DF88E
:104F40002A304FF001082346994613F8012B0AB185
:104F5000252AF9D1B9EB040A0BD05346224629463B
:104F60003046FFF769FF013000F0A480099A5244EF
:104F7000099299F80030002B00F09C8000234FF03C
:104F8000FF32CDE9052309F10109049307938DF858
:104F900053301A934C464F4814F8011B052200F079
:104FA000E7FC049BD0B9D80644BF20228DF85320DB
:104FB000190744BF2B228DF8532099F800202A2A84
:104FC00013D0079A4C4600204FF00A0C214611F8E6
:104FD000013B303B092B49D968B913E0C01B08FAE3
:104FE00000F018430490A146D4E7039A111D1268FB
:104FF0000391002A01DB079204E0524243F00203CE
:105000000792049323782E2B0AD163782A2B32D16E
:10501000039B1A1D1B68039243EAE3730234059352
:10502000DFF8C09021780322484600F0A1FC38B197
:10503000049BA0EB090040228240134301340493F7
:1050400014F8011B24488DF82810062200F090FC6B
:10505000002835D0214818BB039B073323F00703F2
:1050600008330393099B034409936CE70CFB02325A
:105070000C460120AAE700230134059319464FF09E
:105080000A0C204610F8012B303A092A03D9002BCC
:10509000C6D00591C4E70CFB012104460123F0E7CB
:1050A00003AB00932A460E4B04A93046AFF30080B1
:1050B000421CD7D1AB895B063FF532AF099831E787
:1050C00003AB00932A46064B04A9304600F0B8F91A
:1050D000EEE700BF998E0100A38E010000000000E2
:1050E000394E01009F8E01009368013B002B10B4E4
:1050F000936008DA9469A34201DB0A2903D15DF8C1
:10510000044B00F00FBB1368581C10601970084660
:105110005DF8044B7047F8B506460F461446D5189F
:10512000AC4201D1002007E014F8011B3A4630469A
:10513000FFF7DAFF431CF3D1F8BD00002DE9F0477B
:105140000D469CB014461F46064618B1036A0BB9BB
:10515000FFF77EFB6B6ED90705D4AB899A0502D4A5
:10516000A86DFFF7F4FDAB891B0701D52B699BB92F
:105170002946304600F014FB70B16B6EDC0704D595
:105180004FF0FF301CB0BDE8F087AB899805F7D42D
:10519000A86DFFF7DDFDF3E70023099320238DF8C9
:1051A0002930039730236A4F8DF82A304FF00108D9
:1051B0002346994613F8012B0AB1252AF9D1B9EBF8
:1051C000040A0BD05346224629463046FFF7A3FF78
:1051D000013000F0A480099A5244099299F80030F5
:1051E000002B00F09C8000234FF0FF32CDE9052317
:1051F00009F10109049307938DF853301A934C4633
:10520000534814F8011B052200F0B2FB049BD0B9EF
:10521000D90644BF20228DF853201A0744BF2B2201
:105220008DF8532099F800202A2A13D0079A4C466B
:1052300000204FF00A0C214611F8013B303B092BAE
:1052400049D968B913E0C01B08FA00F0184304906C
:10525000A146D4E7039A111D12680391002A01DBCD
:10526000079204E0524243F002030792049323782A
:105270002E2B0AD163782A2B32D1039B1A1D1B686F
:10528000039243EAE37302340593DFF8D490217864
:105290000322484600F06CFB38B1049BA0EB0900E8
:1052A0004022824013430134049314F8011B29481F
:1052B0008DF82810062200F05BFB00283ED026481F
:1052C00018BB039B073323F0070308330393099BA1
:1052D000034409936CE70CFB02320C460120AAE759
:1052E00000230134059319464FF00A0C204610F8AC
:1052F000012B303A092A03D9002BC6D00591C4E707
:105300000CFB012104460123F0E703AB00932A467E
:10531000124B04A93046AFF30080431CD7D16B6E0B
:10532000D90705D4AB899A0502D4A86DFFF710FD03
:10533000AB895B063FF524AF099823E703AB0093E5
:105340002A46064B04A9304600F07AF8E5E700BF8C
:10535000998E0100A38E010000000000175101008A
:105360009F8E01002DE9F047164698468A680B6922
:10537000DDF820909342B8BF1346336091F8432084
:1053800007460C460AB1013333602368990642BFD1
:10539000336802333360256815F0060506D104F141
:1053A000190AE36832689B1AAB4226DC94F8433052
:1053B0002268003B18BF012392062BD404F143025C
:1053C00041463846C84701301ED02368226903F0A1
:1053D0000603042B02BFE5683368ED1AA3680CBF0F
:1053E00025EAE57500259342C4BF9B1AED180026F7
:1053F0001A34B5421AD1002008E001235246414632
:105400003846C847013003D14FF0FF30BDE8F08780
:105410000135C6E7E1185A1C302081F843002244C8
:1054200094F8451082F843100233C7E7012322465F
:1054300041463846C8470130E6D00136D9E700007A
:105440002DE9F0430D7E85B0782D90460C9E0746E1
:105450000C46994601F1430207D8622D0AD8002D67
:1054600000F0D780582D00F0BC8004F1420684F88B
:1054700042503BE0A5F16303152BF6D801A151F88A
:1054800023F000BFDD540100F15401006B54010012
:105490006B5401006B5401006B540100F154010086
:1054A0006B5401006B5401006B5401006B540100FC
:1054B000F95501001B550100AB5501006B5401006B
:1054C0006B5401001B5601006B5401001B55010079
:1054D0006B5401006B540100B355010033681A1D71
:1054E0001B68326004F1420684F842300123A1E0D7
:1054F00033682068191D3160060601D51D6803E078
:105500004506FBD5B3F90050002D03DA2D236D427B
:1055100084F843305B480A2311E0216833680806A9
:1055200053F8045B02D4490648BFADB23360237E12
:1055300054486F2B5CD10823002184F8431066681F
:10554000A660002E05DB21682E4321F004012160B6
:1055500050D01646B5FBF3F103FB115C10F80CC0FC
:1055600006F801CDAC4663450D46F3D9082B0BD1A7
:105570002368DB0708D5236961689942DEBF3023C1
:1055800006F8013C06F1FF36921B2261CDF800902F
:10559000434603AA21463846FFF7E4FE01304ED1C8
:1055A0004FF0FF3005B0BDE8F083236843F02003DF
:1055B00023603548782584F845502368316813F016
:1055C000800F51F8045B03D113F0400F18BFADB248
:1055D0003160D90744BF43F0200323601DB110237D
:1055E000AAE72848E7E7236823F020032360F6E7CB
:1055F0000A23A1E71646B9E7336825686169181DD3
:1056000030602E061B6801D5196002E06806FBD5E4
:105610001980002323611646B8E733681A1D3260EB
:105620001E6862680021304600F0A2F908B1801BB4
:10563000606063682361002384F84330A6E7236930
:10564000324641463846C8470130A9D023689B07F7
:1056500013D4E068039B9842B8BF1846A2E7012321
:10566000324641463846C847013099D00135E36893
:1056700003995B1AAB42F2DCEBE7002504F1190653
:10568000F5E700BF486601005966010051F8043C87
:10569000181F002BBCBF0B58C018704710B50C4624
:1056A000B1F90E10F8F724FD0028ABBF636DA38994
:1056B0001B1823F48053ACBF6365A38110BD2DE993
:1056C000F0411F468B89DB0505460C46164605D57D
:1056D000B1F90E1002230022F8F717FDA389B4F9DF
:1056E0000E1023F48053A38132463B462846BDE882
:1056F000F041F8F701BD10B50C46B1F90E10F8F7FE
:1057000004FDB4F90C30421C0BBF23F4805343F466
:105710008053A381A38118BF606510BDB1F90E103D
:10572000F8F7EEBCF8B50E461446054618B1036A04
:105730000BB9FFF78DF8A369A360A3891A0701D5F8
:10574000236943B92146284600F02AF818B14FF0E2
:10575000FF373846F8BD23682269981A6369F6B2A4
:105760008342374605DC21462846FEF765FF0028C0
:10577000EDD1A368013BA36023685A1C22601E7010
:105780006269431C9A4204D0A389DB07E1D50A2E43
:10579000DFD121462846FEF74FFF0028D9D0D6E7B3
:1057A00038B5284B054618680C4618B1036A0BB982
:1057B000FFF74EF8B4F90C301A0721D4D80607D4F5
:1057C00009222A6043F04003A3814FF0FF3030E00C
:1057D000590712D5616B41B104F14403994202D0DB
:1057E0002846FFF7DFFA002363630022B4F90C3088
:1057F00062602269226023F0240343F00803A3813E
:1058000022693AB99A0501D5180603D521462846DA
:1058100000F03EF8B4F90C3013F001020AD0002277
:10582000A26062695242A261226942B913F080000B
:10583000C8D138BD990758BF6269A260F4E700205B
:10584000F7E700BFA402002070B50C46B1F90E10B6
:10585000002996B015461E460ADAA18911F080018A
:1058600013D14FF48062002031602A6016B070BD01
:105870006A46F8F74FFC0028EFDB019901F470410C
:10588000A1F5005359425941EBE700214022EAE7D4
:105890008B8973B59E0705460C4607D504F147036F
:1058A000236023610123636102B070BD01AB6A46CE
:1058B000FFF7CAFF009E28463146FEF7BBFDB4F94C
:1058C0000C3038B99A05EFD423F0030343F00203F8
:1058D000A381E3E743F08003A381019B2060C4E937
:1058E0000406002BE0D0B4F90E102846F8F717FC98
:1058F0000028D9D0A38923F0030343F00103A38137
:10590000D2E770B50D461446064618B1036A0BB9C6
:10591000FEF79EFF636ED80705D4A389990502D4CC
:10592000A06DFFF714FAA368013B002BA36005DA12
:10593000A269934212DBEBB20A2B0FD023685A1CE8
:1059400022601D70EDB2636EDA0705D4A3899B0552
:1059500002D4A06DFFF7FCF9284670BD2946224607
:105960003046FFF7DFFE0546EDE7000000000000CF
:1059700001F0FF01102A2BDB10F0070F08D010F800
:10598000013B013A8B422DD010F0070F42B3F6D104
:10599000F0B441EA012141EA014122F007047FF01D
:1059A00000070023F0E80256083C85EA010586EA74
:1059B000010685FA47F5A3FA87F586FA47F6A5FAB0
:1059C00087F68EB9EED1F0BC01F0FF0102F00702BC
:1059D00032B110F8013B013A83EA010313B1F8D167
:1059E0000020704701387047002D06BF3546033848
:1059F000073815F0010F07D1013015F4807F02BF81
:105A0000013015F4C03F0130F0BC0138704700BFD1
:105A1000522C25730A00532C256C752C256C752C83
:105A20004552520A00532C256C752C256C752C257B
:105A30006C750A00256C752C256C752C256C750011
:105A4000323030313A3A3100524F4C455F524F4F6D
:105A5000540077736E5F726F6F74004572726F726D
:105A60003A20756E61626C6520746F2061646420F9
:105A7000495076362061646472004572726F723AE2
:105A800020756E61626C6520746F20696E69742088
:105A900072706C004572726F723A20756E61626C42
:105AA0006520746F20696E69742072706C20726F4B
:105AB0006F7400537563636573733A206932635F73
:105AC00025692072656164202569206279746528E2
:105AD0007329200066726F6D20726567203078250B
:105AE00030327820003A205B00494E434F525245F5
:105AF00043540055736167653A2073656E736F7226
:105B0000203C69647C726561647265677C72656162
:105B100064726567737C77726974657265673E004D
:105B2000307825782028257329200A007265616461
:105B300072656700436F6D6D616E643A2069326310
:105B40005F726561645F7265672825692C20307813
:105B5000253032782C203078253032782C2030785F
:105B600025303278290A007772697465726567009A
:105B7000436F6D6D616E643A206932635F7772695D
:105B800074655F7265672825692C2030782530326E
:105B9000782C203078253032782C2030782530321F
:105BA000782C205B307825303278005D29005375E1
:105BB00063636573733A206932635F256920777286
:105BC0006F7465203120627974650A0072656164C2
:105BD00072656773004572726F723A20696E766102
:105BE0006C6964204C454E47544820706172616D69
:105BF0006574657220676976656E00436F6D6D61CF
:105C00006E643A206932635F726561645F726567D2
:105C1000732825692C203078253032782C20307874
:105C2000253032782C2025692C20307825303278A8
:105C3000290A0073616D706C65006469675F543197
:105C4000202564206469675F5432202564206469DC
:105C5000675F54332025640A0052656164696E678A
:105C6000202564202830782578290A004572726F33
:105C7000723A2073657276657220616C7265616438
:105C8000792072756E6E696E67206F6E20706F720C
:105C90007420256C750A00537563636573733A202D
:105CA0007374617274656420554450207365727614
:105CB0006572206F6E20706F7274202568750A00FF
:105CC0004572726F723A20756E61626C6520746FF6
:105CD0002070617273652064657374696E617469A4
:105CE0006F6E2061646472657373004572726F72C7
:105CF0003A20756E61626C6520746F20636F7079F5
:105D0000206461746120746F207061636B6574201E
:105D1000627566666572004572726F723A20756EC2
:105D200061626C6520746F20616C6C6F6361746577
:105D30002055445020686561646572004572726F39
:105D4000723A20756E61626C6520746F20616C6CB4
:105D50006F636174652049507636206865616465BB
:105D600072004572726F723A20756E61626C6520C6
:105D7000746F20616C6C6F63617465206E6574690B
:105D80006620686561646572004572726F723A20C0
:105D9000756E61626C6520746F206C6F63617465F1
:105DA00020554450207468726561640053756363C4
:105DB0006573733A2073656E74202575206279745B
:105DC0006528732920746F205B25735D3A25750A59
:105DD000007573627573007363686564756C6572D2
:105DE00028293A20737461636B206F766572666C44
:105DF0006F772064657465637465642C20706964D2
:105E00003D2568690A00535441434B204F56455283
:105E1000464C4F570073746F70706564007A6F6DF5
:105E200062696500736C656570696E6700626C20FD
:105E30006D7574657800626C20727800626C2073F6
:105E4000656E6400626C207265706C7900626C2013
:105E5000616E79666C00626C20616C6C666C0062CD
:105E60006C206D626F7800626C20636F6E640070EE
:105E7000656E64696E67004641494C454420415354
:105E800053455254494F4E2E0030782578203D3EE0
:105E900020006D61696E28293A2054686973206971
:105EA000732052494F5421202856657273696F6ED2
:105EB0003A20323032352E30372D646576656C2DC0
:105EC0003339312D6731363837392D48454144292A
:105ED000006D61696E002A2A2A2052494F54206BB6
:105EE00065726E656C2070616E69633A0A25730A8B
:105EF0000A002A2A2A2068616C7465642E0A004907
:105F00006E73696465206973722025640A004E4DC2
:105F1000492048414E444C4552004D454D204D418D
:105F20004E4147452048414E444C4552004255534E
:105F3000204641554C542048414E444C4552005552
:105F400053414745204641554C542048414E444C0E
:105F50004552004445425547204D4F4E2048414E42
:105F6000444C45520044554D4D592048414E444CF7
:105F70004552000A49535220737461636B206F7657
:105F80006572666C6F77656400537461636B207033
:105F90006F696E74657220636F7272757074656478
:105FA0002C20726573657420746F20746F70206F7D
:105FB0006620737461636B00616374697665207435
:105FC00068726561643A202568690A000A436F6E49
:105FD00074657874206265666F72652068617264AA
:105FE0006661756C743A0020202072303A20307857
:105FF0002530386C780A20202072313A20307825FC
:1060000030386C780A20202072323A2030782530DF
:10601000386C780A20202072333A203078253038C6
:106020006C780A0020207231323A203078253038DE
:106030006C780A2020206C723A2030782530386C39
:10604000780A20202070633A2030782530386C7828
:106050000A20207073723A2030782530386C780A24
:106060000A004653522F4641523A002043465352AB
:106070003A2030782530386C780A00204846535250
:106080003A2030782530386C780A00204446535244
:106090003A2030782530386C780A00204146535237
:1060A0003A2030782530386C780A00204246415238
:1060B0003A2030782530386C780A004D4D464152F0
:1060C0003A2030782530386C780A004D69736300C7
:1060D0004558435F5245543A2030782530386C7823
:1060E0000A00416374697665207468726561643A78
:1060F0002025686920222573220A004861726420E5
:106100006661756C74206F63637572726564206973
:106110006E20495352206E756D6265722025640AA7
:1061200000417474656D7074696E6720746F2072BD
:1061300065636F6E737472756374207374617465D4
:1061400020666F7220646562756767696E672E2EC0
:106150002E00496E204744423A0A2020736574207D
:106160002470633D3078256C780A20206672616D5A
:106170006520300A202062740A000A4953522073B5
:106180007461636B206F766572666C6F77656420EF
:106190006279206174206C656173742025642062CB
:1061A000797465732E0A0048415244204641554C8B
:1061B000542048414E444C4552006572726F723A09
:1061C000207061636B657420627566666572206617
:1061D000756C6C006970763600534C414143206EFB
:1061E0006F74206163746976617465643B207769BC
:1061F0006C6C206E6F74206175746F2D636F6E66AA
:1062000069677572652049507636206164647265ED
:10621000737320666F7220696E7465726661636560
:106220002025752E0A2020202055736520434F4ECF
:106230004649475F474E52435F495056365F4E4985
:10624000425F534C4141433D3120746F2061637480
:1062500069766174652E0A0025732076256C752099
:106260006578706972657320256C756D696E0A00BA
:106270002A0064656661756C742573200025732F90
:1062800025752000766961202573200064657620DD
:106290002325750A006465762023257520006C6C23
:1062A000616464722025732000726F7574657200DA
:1062B00047430054454E54415449564500524547C2
:1062C00049535445524544004D414E55414C0055AB
:1062D0004E524541434841424C4500494E434F4D83
:1062E000504C455445005354414C450044454C41A5
:1062F000590050524F4245002065787069726573AD
:1063000020256C7520736563002064657072656379
:106310006174657320256C752073656300676E7208
:10632000635F6E657469663A2063616E27742071DD
:1063300075657565207061636B657420666F72208A
:1063400073656E64696E672C2064726F7020697467
:1063500000676E72635F6E657469663A2063616E92
:106360002774207175657565207061636B65742095
:10637000666F722073656E64696E672C2074727923
:106380002073656E64696E6700676E72635F6E6529
:106390007469663A20696E697420257520666169A2
:1063A0006C65643A2025640A0069665F7069643A26
:1063B000202575202000727373693A2025642020FF
:1063C000006C71693A2025750A00666C6167733A42
:1063D000200042524F41444341535420004D554CFC
:1063E0005449434153542000307830007372635F46
:1063F0006C32616464723A2025730A007372635FC1
:106400006C32616464723A20286E696C290064738E
:10641000745F6C32616464723A2025730A0064739D
:10642000745F6C32616464723A20286E696C290072
:106430006E7266383032313534000A212121212034
:10644000676E72635F6E65747265673A20696E6924
:106450007469616C697A65206D6573736167652025
:106460007175657565206F6620746872656164205A
:106470002575207573696E67206D73675F696E6936
:10648000745F7175657565282920212121210A0A0B
:10649000007E7E20534E495020253269202D2073E6
:1064A000697A653A2025337520627974652C2074E9
:1064B0007970653A20004E4554545950455F4E4519
:1064C00054494620282569290A004E4554545950FC
:1064D000455F554E44454620282569290A004E450A
:1064E00054545950455F5349584C4F5750414E20D2
:1064F000282569290A004E4554545950455F495092
:10650000563620282569290A004E455454595045CD
:106510005F49434D50563620282569290A004E45CB
:1065200054545950455F55445020282569290A0084
:106530004E4554545950455F554E4B4E4F574E2083
:10654000282569290A007E7E20504B5420202020D7
:106550002D2025326920736E6970732C20746F743E
:10656000616C2073697A653A2025336920627974F9
:10657000650A00504B5444554D503A206461746193
:106580002072656365697665643A00504B544455E2
:106590004D503A206461746120746F2073656E649D
:1065A0003A00504B5444554D503A2072656365692A
:1065B00076656420736F6D657468696E6720756EAB
:1065C000657870656374656400706B7464756D7074
:1065D0000052504C00556E61626C6520746F2061F2
:1065E00075746F2D696E697469616C697A65205282
:1065F000504C2E204E6F20696E7465726661636523
:106600007320666F756E642E00366C6F00FF7F3FDF
:106610001F0F07030100756470002020207479703B
:10662000653A20253368752020636F64653A20251C
:106630003368750A00202020636B73756D3A203033
:106640007825303468780A003031323334353637C3
:1066500038394142434445460030313233343536CF
:1066600037383961626364656600696C6C656761BF
:106670006C2076657273696F6E206669656C643A2A
:1066800020256868750A0074726166666963206314
:106690006C6173733A203078253032782028454376
:1066A0004E3A20307825782C20445343503A2030FD
:1066B0007825303278290A00666C6F77206C616229
:1066C000656C3A2030782530356C780A006C656E40
:1066D0006774683A2025687520206E657874206894
:1066E00065616465723A2025752020686F70206CA2
:1066F000696D69743A2025750A00736F7572636558
:1067000020616464726573733A2025730A006465BE
:106710007374696E6174696F6E206164647265730D
:10672000733A2025730A006C327574696C3A2063E1
:10673000616E277420636F6E766572742068617273
:106740006477617265206164647265737320746F2D
:10675000204555492D363420666F72206465766970
:10676000636520747970652025640A006C32757445
:10677000696C3A2063616E277420636F6E76657270
:10678000742049494420746F206861726477617293
:1067900065206164647265737320666F722064653E
:1067A0007669636520747970652025640A006C320F
:1067B0007574696C3A2063616E2774206765742074
:1067C00061646472657373206C656E6774682066BB
:1067D000726F6D204E4450206C696E6B2D6C617928
:1067E00065722061646472657373206F7074696F81
:1067F0006E20666F722064657669636520747970B7
:10680000652025640A0051005F006E616D65000916
:10681000706964207C20252D3231737C20252D3930
:106820007351207C20707269207C20737461636BCB
:1068300020202820757365642920282066726565EC
:1068400029207C2062617365206164647220207C51
:106850002063757272656E7420202020200A000962
:1068600020202D207C206973725F737461636B201C
:1068700020202020202020202020207C202D2020AF
:106880002020202020202D207C2020202D207C2036
:1068900025366920282535692920282535692920AC
:1068A0007C2025313070207C20253130700A000991
:1068B00025336869207C20252D323073207C2025EB
:1068C0002D387320252E3173207C20253369207CC0
:1068D0002025367520282535692920282535692960
:1068E000207C2025313070207C2025313070200A1A
:1068F000007C0053554D000925357320252D32317C
:10690000737C25313373253673202536692028257D
:106910003569292028253569290A00202844555041
:1069200021290025752062797465732066726F6D68
:10693000202573252525753A2069636D705F736581
:10694000713D25752074746C3D2575002575206298
:10695000797465732066726F6D2025733A206963C0
:106960006D705F7365713D25752074746C3D257580
:1069700000207472756E63617465642062792025ED
:106980006420627974650020636F7272757074653B
:1069900064206174206F666673657420257500201D
:1069A000727373693D2568642064426D00207469C8
:1069B0006D653D256C752E2530336C75206D73002B
:1069C0006572726F723A2025640A0063616E2774E3
:1069D000207265736F6C76652025730A0070696E8E
:1069E000672073697A652073686F756C64206265CF
:1069F00020696E2072616E676520302D3635353224
:106A0000372E002573205B2D63203C636F756E74F9
:106A10003E5D205B2D685D205B2D69203C6D732001
:106A2000696E74657276616C3E5D205B2D73203CEF
:106A30007061636B657473697A653E5D0A0020203E
:106A40002020205B2D7420686F706C696D69745D07
:106A5000205B2D57203C6D732074696D656F7574D4
:106A60003E5D203C686F73743E5B25253C696E7407
:106A70006572666163653E5D0A0020202020206308
:106A80006F756E743A206E756D626572206F662048
:106A900070696E6773202864656661756C743A204E
:106AA00033290020202020206D7320696E746572C8
:106AB00076616C3A207761697420696E74657276CC
:106AC000616C206D696C6C697365636F6E647320B3
:106AD0006265747765656E2073656E64696E6720A4
:106AE0002864656661756C743A2031303030292233
:106AF0000020202020207061636B657473697A65C3
:106B00003A206E756D626572206F662062797465D9
:106B10007320696E206563686F207061796C6F61A6
:106B2000643B206D757374206265203E3D203420E7
:106B3000746F206D65617375726520726F756E6418
:106B400020747269702074696D65202864656661BF
:106B5000756C743A203429002020202020686F7042
:106B60006C696D69743A20536574207468652049B6
:106B7000502074696D6520746F206C6966652F689C
:106B80006F706C696D6974202864656661756C74DA
:106B90003A20696E7465726661636520636F6E6624
:106BA0006967290020202020206D732074696D659D
:106BB0006F75743A2054696D6520746F2077616930
:106BC0007420666F72206120726573706F6E7365DA
:106BD00020696E206D696C6C697365636F6E647398
:106BE000202864656661756C743A20313030302934
:106BF0002E20546865206F7074696F6E2061666620
:106C000065637473206F6E6C792074696D656F7540
:106C10007420696E20616273656E6365206F662003
:106C2000616E7920726573706F6E7365732C206F5F
:106C30007468657277697365207761697420666F1F
:106C4000722074776F2052545473000A2D2D2D201A
:106C500025732050494E47207374617469737469B9
:106C60006373202D2D2D0A256C75207061636B6573
:106C70007473207472616E736D69747465642C2012
:106C8000256C75207061636B657473207265636534
:106C9000697665642C2000256C75206475706C69BC
:106CA00063617465732C2000256C75252520706147
:106CB000636B6574206C6F73730A00726F756E641A
:106CC0002D74726970206D696E2F6176672F6D610A
:106CD00078203D2025752E253033752F25752E25DE
:106CE0003033752F25752E25303375206D730A00CE
:106CF00075736167653A202573202573205B73687F
:106D00006F777C6164647C64656C7C68656C705DC5
:106D10000A002020202020202025732025732061B8
:106D20006464203C69666163653E203C6970763628
:106D300020616464723E205B3C6C3220616464724A
:106D40003E5D0A002020202020202025732025736E
:106D50002064656C203C69666163653E203C697017
:106D6000763620616464723E0A00202020202020B4
:106D70002025732025732073686F77205B69666117
:106D800063655D0A00202020202020202573202517
:106D90007320616464203C69666163653E203C70D9
:106DA00072656669783E5B2F3C7072656669785FD4
:106DB0006C656E3E5D205B3C76616C696420696E3B
:106DC000207365633E5D205B3C7072656620696E72
:106DD000207365633E5D0A002020202020202025AE
:106DE000732025732064656C203C69666163653E91
:106DF000203C7072656669783E5B2F3C70726566F8
:106E000069785F6C656E3E5D0A002020202020209E
:106E100020257320257320616464203C69666163CA
:106E2000653E203C7072656669783E5B2F3C7072EF
:106E3000656669785F6C656E3E5D203C6E65787452
:106E40005F686F703E205B3C6C74696D6520696E95
:106E5000207365633E5D0A0075736167653A20259E
:106E600073202573205B73686F777C68656C705D39
:106E70000A00202020202020202573202573207345
:106E8000686F770A0075736167653A202573207B08
:106E90006E656967687C7072656669787C726F750B
:106EA00074657C6162727C68656C707D202E2E2E0C
:106EB0000A006E656967680073686F7700616464D3
:106EC00000496E7465726661636520257520646F84
:106ED0006573206E6F742065786973740A00556E4F
:106EE00061626C6520746F206164642025732525C0
:106EF000257520746F206E65696768626F72206304
:106F0000616368650A0064656C0070726566697823
:106F100000726F7574650064656661756C740061FC
:106F200062720075736167653A202573203C69665B
:106F30005F69643E20736574203C6B65793E203C3C
:106F400076616C75653E0A00202020202020536564
:106F50007473206120686172647761726520737058
:106F60006563696669632076616C75650A20202017
:106F70002020203C6B65793E206D61792062652080
:106F80006F6E65206F662074686520666F6C6C6F2D
:106F900077696E670A202020202020202A20226185
:106FA00064647222202D2073657473202873686FC7
:106FB00072742920616464726573730A2020202032
:106FC0002020202A2022616464725F6C6F6E672229
:106FD000202D2073657473206C6F6E67206164646C
:106FE000726573730A202020202020202A2022612D
:106FF0006464725F73686F727422202D20616C6903
:10700000617320666F72202261646472220A2020FC
:1070100020202020202A20226363615F746872652B
:1070200073686F6C6422202D2073657420454420A2
:107030007468726573686F6C6420647572696E67DA
:107040002043434120696E2064426D0A20202020A5
:107050002020202A20226672657122202D2073654F
:1070600074732074686520226368616E6E656C229B
:107070002063656E746572206672657175656E63F6
:10708000790A202020202020202A20226368616E97
:107090006E656C22202D20736574732074686520E2
:1070A0006672657175656E6379206368616E6E6581
:1070B0006C0A202020202020202A20226368616E74
:1070C00022202D20616C69617320666F722022631B
:1070D00068616E6E656C220A202020202020202A04
:1070E0002022636865636B73756D22202D207365A4
:1070F0007420636865636B73756D6D696E67206F6F
:107100006E2D6F66660A202020202020202A202253
:1071100063736D615F7265747269657322202D20DF
:10712000736574206D61782E206E756D62657220B6
:107130006F66206368616E6E656C20616363657362
:107140007320617474656D7074730A202020202090
:1071500020202A2022656E637279707422202D20EF
:107160007365742074686520656E637279707469E4
:107170006F6E206F6E2D6F66660A20202020202003
:10718000202A2022686F705F6C696D697422202D3F
:107190002073657420686F70206C696D69740A20B3
:1071A0002020202020202A2022686C22202D2061EF
:1071B0006C69617320666F722022686F705F6C6902
:1071C0006D6974220A202020202020202A20226B92
:1071D000657922202D207365742074686520656EA2
:1071E0006372797074696F6E206B657920696E20A7
:1071F00068657861646563696D616C20666F726D46
:1072000061740A202020202020202A20226D7475FD
:1072100022202D2049507636206D6178696D756D7C
:10722000207472616E736D697373696F6E20756E11
:1072300069740A202020202020202A20226E6964E0
:1072400022202D207365747320746865206E657428
:10725000776F726B206964656E7469666965722008
:10726000286F72207468652050414E204944290AD5
:10727000202020202020202A2022706167652220E3
:107280002D2073657420746865206368616E6E6577
:107290006C207061676520284945454520383032AB
:1072A0002E31352E34290A202020202020202A208B
:1072B0002270616E22202D20616C69617320666FDF
:1072C0007220226E6964220A202020202020202A99
:1072D000202270616E5F696422202D20616C6961DB
:1072E0007320666F7220226E6964220A202020209B
:1072F0002020202A20227068795F6275737922200D
:107300002D207365742062757379206D6F6465201C
:107310006F6E2D6F66660A202020202020202A20F4
:1073200022706F77657222202D20545820706F775D
:10733000657220696E2064426D0A20202020202082
:10734000202A202272657472616E7322202D206DB6
:1073500061782E206E756D626572206F6620726591
:107360007472616E736D697373696F6E730A202036
:1073700020202020202A20227372635F6C656E22F9
:10738000202D20736574732074686520736F757287
:1073900063652061646472657373206C656E6774E5
:1073A0006820696E20627974650A202020202020E0
:1073B000202A2022737461746522202D2073657445
:1073C00020746865206465766963652073746174F0
:1073D00065002873686F7274292061646472657334
:1073E00073006C6F6E672061646472657373007301
:1073F0006F757263652061646472657373206C6578
:107400006E677468006368616E6E656C00667265B5
:107410007175656E6379205B696E20487A5D0070D6
:1074200061676500686F70206C696D6974004D5408
:1074300055006E6574776F726B206964656E746950
:107440006669657200545820706F776572205B69B9
:107450006E2064426D5D006D61782E2072657472DD
:10746000616E736D697373696F6E730043534D4141
:1074700020726574726965730043434120746872B9
:107480006573686F6C64205B696E2064426D5D009B
:10749000656E6372797074696F6E0075736167658C
:1074A0003A202573203C69665F69643E205B2D5D50
:1074B0007B007D006572726F723A20756E61626C3E
:1074C0006520746F207061727365206164647265F9
:1074D00073732E0A4D757374206265206F66206683
:1074E0006F726D6174205B302D39612D66412D46C0
:1074F0005D7B327D283A5B302D39612D66412D460A
:107500005D7B327D292A0A2868657820706169725E
:10751000732064656C696D697465642062792063A9
:107520006F6C6F6E7329006572726F723A20756EA0
:1075300061626C6520746F207365742000737563DD
:10754000636573733A207365742000646F776E000F
:107550006572726F723A20756E61626C6520746F2D
:1075600020736574206C696E6B2025730A00657248
:10757000726F723A20756E61626C6520746F207054
:10758000617273652076616C75652E0A4D75737432
:1075900020626520612031362D62697420756E731A
:1075A00069676E656420696E74656765722028641A
:1075B0006563206F7220686578290020746F200051
:1075C00030782530346C780A000A202020202020D2
:1075D000202020200020746F2025690A0075736127
:1075E00067653A2025730A0075736167653A20253F
:1075F000732068656C700A0075736167653A2025B1
:1076000073203C69665F69643E205B75707C646FC3
:10761000776E5D0A0075736167653A202573203CBB
:1076200069665F69643E20616464205B616E7963B2
:107630006173747C6D756C7469636173747C756E51
:1076400069636173745D203C697076365F61646460
:10765000723E5B2F7072656669785F6C656E5D0A5D
:107660000075736167653A202573203C69665F6920
:10767000643E2064656C203C697076365F616464AA
:10768000723E0A0075736167653A202573203C6974
:10769000665F69643E207374617473205B6C327C36
:1076A000697076365D205B72657365745D0A0020D3
:1076B00020202020202072657365742063616E2075
:1076C0006265206F6E6C7920757365642069662031
:1076D000746865206D6F64756C65206973207370C4
:1076E000656369666965642E004C61796572203254
:1076F0000049507636006661696C65640073756395
:1077000063656564656400202020202020202020FF
:10771000202050726F746F636F6C206F72206465ED
:107720007669636520646F65736E27742070726F6D
:107730007669646520737461746973746963732E08
:10774000005265736574207374617469737469633E
:107750007320666F72206D6F64756C652025733AB7
:10776000202573210A0020202020202020202020F6
:107770005374617469737469637320666F72202532
:10778000730A202020202020202020202020525852
:10779000207061636B657473202575202062797495
:1077A00065732025750A20202020202020202020FD
:1077B00020205458207061636B65747320257520F8
:1077C000284D756C7469636173743A20257529209E
:1077D0002062797465732025750A202020202020DE
:1077E0002020202020205458207375636365656431
:1077F0006564202575206572726F72732025750A85
:1078000000776972656400776972656C65737300EF
:107810004966616365202000204857616464723ABC
:107820002025732000204368616E6E656C3A202528
:1078300068752000204672657175656E63793A201F
:10784000256C75487A200020506167653A202568CC
:10785000752000204E49443A203078256878200071
:1078600020525353493A2025642000205048593A69
:107870002025732000204C696E6B3A202573200070
:107880004C6F6E67204857616464723A2000205440
:10789000582D506F7765723A2025686964426D20D3
:1078A000002053746174653A2025732000206D61B7
:1078B000782E2052657472616E732E3A20257520E1
:1078C000002043534D4120526574726965733A201C
:1078D0002575200050524F4D4953432020004155FB
:1078E000544F41434B20200041434B5F52455120B0
:1078F00020005052454C4F41442020005241574DEA
:107900004F44452020004D41435F4E4F5F534C454F
:10791000455020200043534D412020004155544FF5
:1079200043434120200049515F494E56455254205F
:10793000200052585F53494E474C45202000434891
:10794000414E5F484F502020004F544141202000BD
:107950004C322D5044553A2568752020004D545521
:107960003A256875202000484C3A257520200052A1
:1079700054522020005254525F4144562020003679
:107980004C4F20200049504843202000536F75720F
:1079900063652061646472657373206C656E6774DF
:1079A000683A20256875004C696E6B2074797065A3
:1079B0003A20257300696E65743620616464723AFA
:1079C00020002573202073636F70653A20006C6976
:1079D0006E6B007369746500676C6F62616C007533
:1079E0006E6B6E6F776E00205B616E79636173748E
:1079F0005D002020544E545B25755D0020204450CE
:107A00005200202056414C002020554E4B00696EFC
:107A10006574362067726F75703A20257300756E35
:107A2000002D2D68656C70006572726F723A206966
:107A30006E76616C696420696E74657266616365F7
:107A400020676976656E00616464725F73686F7247
:107A50007400616464725F6C6F6E67006363615F82
:107A60007468726573686F6C6400667265717565C1
:107A70006E63790066726571006572726F723A208A
:107A8000756E61626C6520746F2070617273652021
:107A900076616C75652E0A4D757374206265206180
:107AA0002033322D62697420756E7369676E656468
:107AB00020696E74656765722028646563206F7243
:107AC0002068657829006368616E0063736D615F8B
:107AD0007265747269657300686C00686F705F6CC2
:107AE000696D6974000A4E6F746963653A20736545
:107AF0007474696E6720353620626974206B65790D
:107B00002E000A4E6F746963653A20736574746958
:107B10006E6720363420626974206B65792E000A06
:107B20004E6F746963653A2073657474696E67207B
:107B300031323820626974206B65792E000A4E6FED
:107B4000746963653A2073657474696E67203139AE
:107B50003220626974206B65792E000A4E6F746959
:107B600063653A2073657474696E67203235362018
:107B7000626974206B65792E000A4E6F74696365C3
:107B80003A2073657474696E6720353132206269FA
:107B900074206B65792E006572726F723A20696E7F
:107BA00076616C6964206B65792073697A652E0053
:107BB0006572726F723A20756E61626C6520746FC7
:107BC000207061727365206B6579006572726F72E7
:107BD0003A20756E61626C6520746F207365742045
:107BE000656E6372797074696F6E206B657900736E
:107BF0007563636573733A2073657420656E637291
:107C0000797074696F6E206B6579206F6E20696E74
:107C10007465726661636520006D7475006E6964D9
:107C20000070616E0070616E5F696400706F7765EF
:107C3000720072657472616E73007372635F6C655B
:107C40006E006F6666004F464600534C4545500037
:107C500069646C650049444C4500525800747800D2
:107C6000545800726573657400524553455400734F
:107C700074616E646279005354414E4442590075F8
:107C8000736167653A206966636F6E666967203C59
:107C900069665F69643E20736574207374617465FE
:107CA000205B6F66667C736C6565707C69646C656F
:107CB0007C72787C74787C72657365747C73746193
:107CC0006E6462795D006572726F723A20756E61E2
:107CD000626C6520746F20736574207374617465C1
:107CE00020746F2025730A00737563636573733A9C
:107CF00020736574207374617465206F6620696EEB
:107D0000746572666163652000616E796361737486
:107D100000756E6963617374006572726F723A20E8
:107D2000756E61626C6520746F207061727365207E
:107D30004950763620616464726573732E006572F3
:107D4000726F723A20756E61626C6520746F206A82
:107D50006F696E2049507636206D756C7469636169
:107D600073742067726F7570006572726F723A205B
:107D7000756E61626C6520746F2061646420495087
:107D8000763620616464726573730073756363652E
:107D900073733A2061646465642025732F25642021
:107DA000746F20696E746572666163652000657228
:107DB000726F723A20756E61626C6520746F206C10
:107DC000656176652049507636206D756C746963FF
:107DD0006173742067726F7570006572726F723AAA
:107DE00020756E61626C6520746F2072656D6F76B0
:107DF0006520495076362061646472657373007340
:107E00007563636573733A2072656D6F7665642080
:107E1000257320746F20696E7465726661636520D6
:107E200000737461747300616C6C006C32004D6F90
:107E300064756C6520257320646F65736E277420EC
:107E40006578697374206F7220646F6573206E6F3C
:107E5000742070726F7669646520737461746973DD
:107E6000746963732E0A006572726F723A20756EC0
:107E700061626C6520746F20736574206F70746923
:107E80006F6E00737563636573733A202573736552
:107E900074206F7074696F6E0A0044495341424CFC
:107EA0004544004250534B0041534B004D522D4F1F
:107EB0002D5150534B004D522D4F46444D004D52C5
:107EC0002D46534B0061636B5F726571006774737D
:107ED0000070616E5F636F6F7264006175746F61D3
:107EE000636B006175746F6363610063736D610040
:107EF000656E6372797074006D61635F6E6F5F733E
:107F00006C65657000667764006970686300707204
:107F1000656C6F61640070726F6D69736300706887
:107F2000795F6275737900726177007274725F6154
:107F300064760069715F696E766572740072785F4D
:107F400073696E676C65006368616E5F686F70006F
:107F5000636865636B73756D006F746161006C6954
:107F60006E6B5F636865636B0025377320237061F8
:107F7000636B6574733A202531306C75202F202592
:107F80002D31306C7520202531306C75202F202547
:107F90002D31306C750A002537732020202362793B
:107FA0007465733A202531306C75202F20252D31D2
:107FB000306C7520202531306C75202F20252D3117
:107FC000306C750A00756E6B6E6F776E20696E741B
:107FD000657266616365207370656369666965646F
:107FE000007375636365737366756C6C7920696E75
:107FF000697469616C697A65642052504C206F6EB7
:1080000020696E746572666163652025640A006587
:1080100072726F723A203C646F6461675F69643E9C
:10802000206D75737420626520612076616C6964CF
:1080300020495076362061646472657373006572FE
:10804000726F723A20636F756C64206E6F7420617A
:10805000646420444F444147202825732920746FCD
:1080600020696E7374616E636520282564290A0097
:108070007375636365737366756C6C792061646492
:1080800065642061206E65772052504C20444F4437
:108090004147006572726F723A20636F756C64209D
:1080A0006E6F742066696E642074686520696E73F3
:1080B00074616E636520282564290A006572726FF9
:1080C000723A20636F756C64206E6F742072656DF8
:1080D0006F766520696E7374616E63652028256410
:1080E000290A00737563636573733A2072656D6F57
:1080F00076656420696E7374616E636520282564FB
:10810000290A006572726F723A20636F756C642081
:108110006E6F742066696E6420746865203C696EB9
:108120007374616E63655F69643E00737563636554
:1081300073733A20726573657420747269636B6C33
:10814000652074696D6572206F6620444F44414715
:1081500020282573292066726F6D20696E73746103
:108160006E636520282564290A007375636365734F
:10817000733A2073746F7070656420747269636BF6
:108180006C652074696D6572206F6620444F4441B0
:108190004720282573292066726F6D20696E7374DD
:1081A000616E636520282564290A00737563636521
:1081B00073733A20737461727465642074726963B6
:1081C0006B6C652074696D6572206F6620444F4446
:1081D000414720282573292066726F6D20696E73D0
:1081E00074616E636520282564290A0073756363D2
:1081F0006573733A2073656E64206120444953208F
:108200007769746820534F4C206F7074696F6E0AE1
:1082100000737563636573733A2073656E642061E0
:10822000204449530A005374617469737469637319
:1082300020202020202020202875636173742920AD
:108240005258202F20545820202020202020202049
:108250002020202020202020205258202F20545839
:1082600020286D63617374290044494F0044414FD5
:108270000044414F2D41434B004C65616600526FF5
:10828000757465720052504C206E6F7420696E696F
:108290007469616C697A69656400696E7374616E92
:1082A0006365207461626C653A09005B205D005B68
:1082B000585D00706172656E74207461626C653A1D
:1082C0000900696E7374616E6365205B2564207CB0
:1082D0002049666163653A20256869207C206D6FBE
:1082E000703A202564207C206F63703A202564203A
:1082F0007C206D6872693A202564207C206D72694B
:108300002025645D0A0009646F646167205B257342
:10831000207C20523A202564207C204F503A202592
:1083200073207C2050494F3A202573207C205452E2
:1083300028493D5B25642C25645D2C206B3D25641C
:108340002C20633D2564295D0A000909706172656E
:108350006E74205B616464723A202573207C207205
:10836000616E6B3A2025645D0A006C65616600737E
:108370007563636573733A206F706572617465200D
:10838000696E20696E7374616E63652028256429A7
:108390002061732025730A0064650073756363654B
:1083A00073733A2025736163746976617465642020
:1083B00050494F207472616E736D697373696F6E8B
:1083C000730A00696E697400726D00747269636B80
:1083D0006C650073746F700073746172740064690B
:1083E000730070696F002A2068656C7009090909BB
:1083F000092D2073686F77207573616765002A20E7
:10840000696E6974203C69665F69643E09090909FF
:108410002D20696E697469616C697A652052504CCF
:10842000206F6E2074686520676976656E20696EBE
:1084300074657266616365002A206C656166203C24
:10844000696E7374616E63655F69643E0909092D25
:10845000206F706572617465206173206C65616660
:1084600020696E2074686520696E7374616E63653F
:10847000002A20747269636B6C6520726573657481
:10848000203C696E7374616E63655F69643E0909BF
:108490002D20726573657420746865207472696339
:1084A0006B6C652074696D6572002A207472696353
:1084B0006B6C65207374617274203C696E737461B7
:1084C0006E63655F69643E09092D2073746172747F
:1084D0002074686520747269636B6C652074696DC3
:1084E0006572002A20747269636B6C652073746F07
:1084F00070203C696E7374616E63655F69643E09E8
:10850000092D2073746F702074686520747269631C
:108510006B6C652074696D6572002A20726D203C59
:10852000696E7374616E63655F69643E0909092D44
:108530002064656C6574652074686520676976657C
:108540006E20696E7374616E636520616E64207263
:10855000656C6174656420646F646167002A2072D1
:108560006F6F74203C696E73745F69643E203C6475
:108570006F6461675F69643E09092D20616464204E
:108580006120646F64616720746F2061206E65777D
:10859000206F72206578697374696E6720696E73E5
:1085A00074616E6365002A20726F75746572203C79
:1085B000696E7374616E63655F69643E0909092DB4
:1085C000206F70657261746520617320726F7574BD
:1085D000657220696E2074686520696E7374616EBF
:1085E0006365002A2073656E642064697309090954
:1085F000092D2073656E642061206D756C7469634C
:1086000061737420444953002A2073656E642064AA
:108610006973203C5649445F666C6167733E203C39
:1086200076657273696F6E3E203C696E7374616E1D
:1086300063655F69643E203C646F6461675F696481
:108640003E202D2073656E642061206D756C746909
:108650006361737420444953207769746820534FD1
:108660004C206F7074696F6E002A207365742070DF
:10867000696F203C6F6E2F6F66663E203C696E739B
:1086800074616E63655F69643E092D202864652D01
:108690002961637469766174652050494F20747252
:1086A000616E736D697373696F6E7320696E2044B8
:1086B000494F73002A2073686F7709090909092D4A
:1086C0002073686F7720696E7374616E63652061D3
:1086D0006E6420646F646167207461626C6573000E
:1086E00075736167653A202573205B7B6164642044
:1086F0003C302D31353E203C7072656669783E2FE6
:108700003C7072656669785F6C656E3E203C6C7487
:10871000696D6520696E206D696E3E7C64656C20B4
:108720003C6374783E7D5D0A0020202020202020BC
:108730006064656C602077696C6C206F6E6C79206A
:10874000696E76616C696461746520746865206324
:108750006F6E7465787420666F7220636F6D7072CF
:10876000657373696F6E2E2049742063616E206299
:1087700065002020202020202072656173736967C6
:108780006E65642061667465722035206D696E2E99
:10879000006369647C7072656669782020202020FF
:1087A00020202020202020202020202020202020C9
:1087B00020202020202020202020202020202020B9
:1087C0007C437C6C74696D65002D2D2D2D2D2D2D18
:1087D0002D2D2D2D2D2D2D2D2D2D2D2D2D2D2D2DC9
:1087E0002D2D2D2D2D2D2D2D2D2D2D2D2D2D2D2DB9
:1087F0002D2D2D2D2D2D2D2D2D2D2D2D2D2D2D2DA9
:108800002D2D2D2D00202532757C253339732F25F4
:108810002D33757C25787C2535756D696E0A00577A
:1088200041524E494E473A20636F6E74657874200A
:1088300064697373656D696E6174696F6E206279C6
:10884000206E6F6E2D364C4252206E6F7420737501
:1088500070706F72746564002F004552524F523A27
:10886000207072656669785F6C656E203C203120EF
:108870007C7C207072656669785F6C656E203E2036
:10888000313238004552524F523A20707265666953
:1088900078206D6179206E6F74206265203A3A000D
:1088A0004552524F523A2063616E206E6F742061C0
:1088B000646420636F6E7465787400436F6E7465D2
:1088C000787420257520616C7265616479206D6112
:1088D000726B656420666F722072656D6F76616C75
:1088E0000A0075736167653A202573205B73656EB6
:1088F000647C7365727665725D0A00757361676585
:108900003A2025732073656E64203C616464723E76
:10891000203C706F72743E203C646174613E205B49
:108920003C6E756D3E205B3C64656C617920696EC0
:108930002075733E5D5D0A004572726F723A207554
:108940006E61626C6520746F207061727365206463
:10895000657374696E6174696F6E20706F727400F4
:1089600075736167653A2025732073657276657249
:10897000205B73746172747C73746F705D0A007530
:108980007361676520257320736572766572207345
:1089900074617274203C706F72743E0A004572728A
:1089A0006F723A20696E76616C696420706F7274C0
:1089B00020737065636966696564004572726F72E1
:1089C0003A2073657276657220776173206E6F74DA
:1089D0002072756E6E696E6700537563636573739D
:1089E0003A2073746F70706564205544502073652D
:1089F00072766572006572726F723A20696E766186
:108A00006C696420636F6D6D616E6400557361679E
:108A1000653A0009706D206F66663A2063616C6C80
:108A200020706D5F6F6666282900323032352E3037
:108A3000372D646576656C2D3339312D67313638C5
:108A400037392D4845414400556E636F6D7072652E
:108A5000737365642049507636207061636B65746A
:108A6000004E6F742061204C6F5750414E20284EAD
:108A7000414C5029206672616D6500467261676DD8
:108A8000656E746174696F6E2048656164657220FB
:108A90002866697273742900646174616772616D1C
:108AA0002073697A653A2025750A007461673A2057
:108AB0003078253034780A00467261676D656E74CF
:108AC0006174696F6E2048656164657220287375F2
:108AD0006273657175656E7429006F66667365747F
:108AE0003A2025750A004950484320646973706133
:108AF0007463680054463A2045434E202B2044536B
:108B00004350202B20466C6F77204C6162656C20AF
:108B10002834206279746573290054463A2045430D
:108B20004E202B20466C6F77204C6162656C2028AC
:108B300033206279746573290054463A2045434EC8
:108B4000202B2044534350202831206279746573D0
:108B5000290054463A207472616666696320636C2A
:108B600061737320616E6420666C6F77206C616244
:108B7000656C20656C69646564004E483A20696ED6
:108B80006C696E65004E483A204C4F5750414E5F1D
:108B90004E484300484C494D3A20696E6C696E65F9
:108BA00000484C494D3A203100484C494D3A203656
:108BB0003400484C494D3A203235350053746174C5
:108BC0006566756C20736F7572636520616464728D
:108BD00065737320636F6D7072657373696F6E3A3E
:108BE0002000756E737065636966696564206164F1
:108BF000647265737320283A3A290036342062691A
:108C0000747320696E6C696E650031362062697418
:108C10007320696E6C696E6500656C6964656420BB
:108C200028757365204C3220616464726573732902
:108C30000053746174656C65737320736F75726330
:108C400065206164647265737320636F6D70726513
:108C50007373696F6E3A2000313238206269747321
:108C600020696E6C696E6500537461746566756C1D
:108C70002064657374696E6174696F6E206D756CC4
:108C800074696361737420616464726573732063D3
:108C90006F6D7072657373696F6E3A0020202020CB
:108CA000343820626974732063617272696564206C
:108CB000696E6C696E652028556E69636173742DE9
:108CC0005072656669782D626173656429002020A1
:108CD00020207265736572766564005374617465F3
:108CE0006C6573732064657374696E6174696F6E0B
:108CF000206D756C7469636173742061646472655E
:108D0000737320636F6D7072657373696F6E3A0071
:108D10002020202031323820626974732063617210
:108D20007269656420696E6C696E65002020202080
:108D300034382062697473206361727269656420DB
:108D4000696E6C696E6500202020203332206269D4
:108D50007473206361727269656420696E6C696EF8
:108D600065002020202038206269747320636172BE
:108D70007269656420696E6C696E65005374617414
:108D80006566756C2064657374696E6174696F6E75
:108D9000206164647265737320636F6D70726573B4
:108DA00073696F6E3A200053746174656C657373F8
:108DB0002064657374696E6174696F6E20616464A8
:108DC0007265737320636F6D7072657373696F6E14
:108DD0003A20005343493A20307825782C204443E8
:108DE000493A20307825780A002020207372632DBC
:108DF000706F72743A202535687520206473742D65
:108E0000706F72743A20253568750A002020206C36
:108E1000656E6774683A202568752020636B7375EA
:108E20006D3A20307825303468780A005553422056
:108E3000636F6E66696700736565656473747564F6
:108E4000696F2D7869616F2D6E72663532383430F6
:108E50000052494F542D6F732E6F7267005A544958
:108E60004D45525F555345432066726F6D20256C0A
:108E70007520487A20636C6F636B20776974686F24
:108E80007574206672657175656E637920636F6EA7
:108E900076657273696F6E0A00232D302B2000688F
:108EA0006C4C006566674546470053656E736F728C
:108EB00020636D642068616E646C65720073656E1A
:108EC000736F7200155E01001D5E0100245E0100DB
:108ED0002D5E0100365E01003C5E0100445E010033
:108EE0004D5E0100565E01005F5E0100675E01009D
:108EF000D18901006F5E01000304232F303132332A
:108F0000343536373839414243444546293A110011
:108F1000B0620100B3620100BD620100C8620100DD
:108F200003880100CF620100DB620100E6620100FC
:108F3000EC620100F2620100D1620100B182000026
:108F4000E9860000BD87000025790000018100004E
:108F500000000000FF020000000000000000000010
:108F60000000001AFFFFFF020000000000000000E8
:108F7000000000000002FF020000000000000000EE
:108F8000000000000001FF020000000000000000DF
:108F90000001FF000000FE80000000000000000053
:108FA00000000000000000000000000000000000C1
:108FB00000000000000100000000000000000000B0
:108FC0000000000000000100BDDD0000C7DC000063
:108FD0002BDC0000D5DD00000FDD0000CBDC000045
:108FE00041DE000089DC00005BDC00000040004046
:108FF0000504000000009801FFFF0000FF000000D2
:10900000FFFFFF00FFFFFFFF009000400303090088
:1090100000A0004003030A0000A0014005031A005D
:1090200000B0014005031B00FDEE000041EA000016
:1090300065ED00003BED00002BEB0000F7EA0000BF
:1090400001EB0000C5EC000083ED0000C9EC00005E
:10905000F1ED000091EB000000000100E84300008A
:10906000C5F4000009F1000089F3000069F3000075
:10907000F9F4000005F1000009F4000075F20000A9
:10908000D1F0000015F10000F9F10000000000002F
:10909000D5F100009DF1000045F1000081F10000D4
:1090A00050696E67207669612049434D50763600DD
:1090B00070696E6700436F6E666967757265206ED2
:1090C00065696768626F7220696E666F726D617440
:1090D000696F6E2062617365006E696200436F6E36
:1090E000666967757265206E6574776F726B20694B
:1090F0006E7465726661636573006966636F6E6640
:10910000696700009A7E0100A37E0100A87E01002D
:10911000AF7E0100AC7E0100B67E0100BE7E010084
:10912000467C01004A7C0100557C01005A7C01000C
:10913000607C0100697C0100777C01000966010008
:1091400040000000C57E010017000000CD7E010038
:1091500072000000D17E010070000000DB7E010083
:1091600015000000E37E01001F000000EB7E0100FF
:1091700022000000F07E01002D000000F87E0100BA
:1091800026000000057F01000E000000097F01009D
:10919000410000000E7F010013000000167F010057
:1091A000140000001E7F010045000000277F010021
:1091B0001B0000002B7F01000F000000337F010027
:1091C0003F0000003D7F010038000000477F0100A4
:1091D00036000000507F010044000000597F01006C
:1091E000650000005E7F01006800000072706C2066
:1091F000636F6E66696775726174696F6E20746FF4
:109200006F6C20282772706C2068656C7027206650
:109210006F72206D6F726520696E666F726D61741A
:10922000696F6E290072706C00364C6F5750414E5A
:1092300020636F6E7465787420636F6E66696775FE
:10924000726174696F6E20746F6F6C00366374782E
:109250000073656E642064617461206F76657220AE
:1092600055445020616E64206C697374656E206F84
:109270006E2055445020706F7274730075647000D6
:10928000696E7465726163742077697468206C61BB
:10929000796572656420504D2073756273797374BB
:1092A000656D00706D005072696E747320696E6632
:1092B0006F726D6174696F6E2061626F7574207278
:1092C000756E6E696E6720746872656164732E00D6
:1092D0007073005072696E74732063757272656E7C
:1092E000742052494F545F56455253494F4E0076B1
:1092F000657273696F6E005265626F6F7420746F70
:1093000020626F6F746C6F6164657200626F6F745E
:109310006C6F61646572005265626F6F742074686F
:1093200065206E6F6465007265626F6F7400000186
:1093300001010100C92E01005D2F01000932010069
:109340000000000000030201693701004D380100F0
:109350001B0000000000000095370100613701008C
:1093600039390100413A0100F93B0100BB3B0100E2
:10937000B13B01004858002070020020793F0100F5
:10938000753F0100713F0100EF3F0100E93F01001F
:10939000E13F01000020202020202020202028283C
:1093A00028282820202020202020202020202020A5
:1093B00020202020208810101010101010101010E5
:1093C0001010101010040404040404040404041015
:1093D00010101010101041414141414101010101A3
:1093E000010101010101010101010101010101016D
:1093F0001010101010104242424242420202020279
:10940000020202020202020202020202020202023C
:1094100010101010200000000000000000000000EC
:10942000000000000000000000000000000000003C
:10943000000000000000000000000000000000002C
:10944000000000000000000000000000000000001C
:10945000000000000000000000000000000000000C
:1094600000000000000000000000000000000000FC
:1094700000000000000000000000000000000000EC
:1094800000000000000000000000000000000000DC
:1094900000000000000000000D3F0100ADFA0000D8
:1094A000318E0000C592000081AB00002D3B000012
:1094B000BDCA000021580000C5170000B589000092
:1094C000D9960000BD8E0100AA8E0100B1140000E3
:1094D000B0900100A090010079FD0000D99001003A
:1094E000B590010075010100FA900100DD900100C6
:1094F0006D10010025920100EC910100D91D0100C1
:109500004C920100299201005D2001007C92010033
:1095100051920100F1210100A3920100809201000B
:1095200035240100D0920100A692010071240100AF
:10953000EF920100D3920100912401000C930100ED
:10954000F792010085240100279301001793010081
:109550007B240100DD270100D7270100C52701007A
:0C95600000000000000000005D3B010066
:08956C0080ABFF7F010000004D
:109574000000F2FF000000000000F1FF0000000006
:1095840001000000000000000000FFFF00000000D8
:109594000000000029AB000057AB00006DAB0000D9
:1095A40027AB0000000000000000000000000000E5
:1095B4000000260200000000F85900200600000008
:1095C400000000000000FFFF0000000038560020EB
:1095D400400000000000000000000000FFFFFFFF4B
:1095E4000000000000000000000000000000000077
:1095F4000000000000000000000000000000000067
:10960400000000000A000000000000000300000049
:10961400B8580020A802002000000000B85800201C
:10962400205900208859002000000000000000009C
:109634000000000000000000000000000000000026
:109644000000000000000000000000000000000016
:109654000000000000000000000000000000000006
:08966400000000002C210000B1
:0400000300002529AB
:00000001FF
