:1010000000020020C11F00005D1F0000191F00002A
:101010006D1F00007D1F00008D1F000000000000FC
:10102000000000000000000000000000FD1E0000A5
:101030009D1F000000000000B11E0000AD1F000059
:1010400047DB0000A5ED0000B9E10000FD22000033
:101050001923000047DB000047DB000047DB0000EE
:1010600047DB000081DF000087DF000047DB000076
:1010700047DB000047DB000047DB000047DB0000E8
:1010800047DB000071DC000047DB000047DB0000AD
:1010900047DB000047DB000047DB000047DB0000C8
:1010A00047DB000047DB00008DDF000093DF00001E
:1010B00047DB000047DB00000000000000000000EC
:1010C00047DB000047DB000047DB00003523000062
:1010D00047DB000047DB000047DB000069E700005A
:1010E00047DB000047DB000047DB0000000000009A
:1010F0000000000047DB000000000000512300005A
:1011000038B5114813F0D6F8104B11491C68204629
:1011100012F06CFB0F4A412302F8013B0133DBB2B2
:10112000512BF9D164250B490B48102200F018F817
:1011300042F21071204612F059FB013DF3D10749EC
:10114000204612F053FBFAE735800100FC840100D1
:10115000404B4C00D8020020E04D01000087930373
:10116000F0B587B006460C46154601A9024602A80E
:101170000CF06AFC002804DA274813F09BF807B04B
:10118000F0BD002321462A46184607F001FC04461C
:1011900008B92248F1E70122114687680BF084F96B
:1011A000054628B91E4813F085F8294620460AE06E
:1011B00002AA002102F0E2F9044638B9194813F0F6
:1011C00079F82146284607F089FAD8E7019B8BB1C8
:1011D00000231A461946184606F0FAFE054608B9D5
:1011E0001148E0E7019B42680BB1B3F9FA31538033
:1011F0002C602C460D49234640F20222042005F0C3
:10120000AFFD054608B90A48CDE701233246394605
:10121000084812F0DFFFB2E7E84D0100134E01006D
:101220003F4E0100644E01008A4E01000000FFFFA6
:10123000B14E0100D44E010070B5064B064E9B1B0B
:101240009C080025AC4200D170BD56F82530984767
:101250000135F7E7488601001C86010013B5002020
:101260000DF06CFA014608B900F0C4FC084C2046A9
:1012700011F0A8F8204612F04DF8064B06480094ED
:1012800001224FF4806111F0A9F802B010BD00BF37
:10129000E8020020F94E0100980400207047000089
:1012A0004FF080435722C3F81C25BFF34F8F0549E9
:1012B000054BCA6802F4E0621343CB60BFF34F8F63
:1012C00000BFFDE700ED00E00400FA050346D0E9A9
:1012D000072010B59C69141BA04201DA002010BD44
:1012E000541C0240DC61F9D4586A00EBC20203C905
:1012F00082E803001A896FEA42426FEA52421A8179
:10130000184600F011FC0120E9E7000008B50E4B7B
:1013100053F82130A3B11A79042A0BD103C81A69F2
:1013200082E8030018460C2100F072FA074B0120F6
:10133000186008BD01461846BDE80840FFF7C6BF63
:101340004FF0FF30F5E700BFE8080020DC08002080
:101350002DE9F0411D46294B53F82140284B1B88AD
:101360000380064690462CB985F310884FF0FF3075
:10137000BDE8F0812379042B36D0224B014620466C
:101380001F68FFF7A3FF78B185F310883B79062B20
:1013900002D01D4B1B682BB11C4B4FF080525A6082
:1013A000BFF36F8F0120E3E7B8F1000F02D185F39F
:1013B0001088DDE73B793E61062B14BF052106212D
:1013C000384600F025FA04F11400394600F0E2FA3C
:1013D00023896FEA43436FEA53432381204600F099
:1013E000A3FB85F31088D7E7D0E90001236983E8E0
:1013F00003000C21204600F00BFAF2E7E808002079
:101400006C090020E0080020DC08002000ED00E06E
:10141000F8B50246EFF3108672B6344D2B680BB95F
:1014200000F0E8FB5F6A002F59D0D3E90640A042E4
:1014300055D0601C9861186A044039B9596929B9B6
:10144000611C03D186F310882046F8BD002C4ADBCE
:1014500007EBC40103C982E80300596999B9002C5C
:101460002CDA0421184600F0D3F986F31088204BBB
:101470004FF080525A60BFF36F8F2B681B79042B9B
:10148000CED00124E0E70D46002C55F80C19596127
:101490000CDBD3E907209969511A8842A9BF511C76
:1014A0004FF0FF320240D96107EBC2022B6993E88B
:1014B000030082E803002B79062B02D186F3108803
:1014C000DFE7002328462B610C2100F0A1F96879A1
:1014D00086F310880E28D4D800F0D6F9D1E74FF063
:1014E000FF340029AAD01A61B7E700BFE008002046
:1014F00000ED00E010B50146EFF3108472B6054B25
:101500001B880380044B1868FFF7E0FE84F3108803
:1015100010BD00BF6C090020E008002021230380DB
:10152000FFF7F4BEEFF30583DBB20BB1FFF7F6BFB5
:10153000064B1B881BB2994201D1FFF7DBBFEFF3CB
:10154000108372B60122FFF703BF00BF6C090020B1
:1015500010B4EFF3058212F0FF0203D05DF8044BE4
:10156000FFF7DCBF074B1B881BB2994203D15DF824
:10157000044BFFF7BFBFEFF3108372B65DF8044B67
:10158000FFF7E6BE6C090020104B1B881BB29A4285
:101590002DE9F04106460C46154601D100F02AFB24
:1015A000EFF3108872B60A4B1F680621384600F028
:1015B0002FF996E803003C61434684E803000122CA
:1015C00029462046BDE8F041FFF7C2BE6C09002065
:1015D000E008002038B5EFF3108572B60F4BB0F974
:1015E000002053F822400CB900F004FB2379062BAD
:1015F00004D085F310884FF0FF3038BD03C923694C
:1016000083E8030020460C2100F002F9607985F39D
:10161000108800F039F90120EFE700BFE80800204A
:101620000021FFF7F5BE0121FFF7F2BE08B5EFF389
:10163000108272B6064B1B680BB900F0DBFA586AD1
:1016400010B1D3E90630C01A82F3108808BD00BF7C
:10165000E008002008B5064B4A1E1B68114058627E
:1016600001D000F0C7FAC3E906111A6208BD00BF35
:10167000E008002070B504460846EFF3108672B605
:10168000236833B94FF0FF33236086F310880120BD
:1016900070BD11B986F31088FAE70F4B1D680DB9BC
:1016A00000F0A8FA0321284600F0B2F823680133BD
:1016B0000DD105F10C0323600023EB6086F3108845
:1016C000064B4FF080525A60BFF36F8FDFE7294619
:1016D000204600F05FF9F1E7E008002000ED00E0AF
:1016E00038B50446EFF3108572B6006810B985F37B
:1016F000108838BD431C02D100232360F7E750F85F
:101700000C3923600C2100F083F8236813B94FF0E3
:10171000FF33236085F31088034B4FF080525A60EB
:10172000BFF36F8FE5E700BF00ED00E008B5037978
:101730000B2B04BF0C230371836A1A68934208D0F1
:10174000B0F90610034812F045FD03490D2000F0E2
:1017500089FA08BDFF4E01002E4F010010B5046844
:1017600044B123688B4206D19C4219BF1B68236099
:101770000023036010BD1A461B68994202D09442B0
:10178000F9D1F7E7002AF5D013681B6813600368E6
:10179000994208BF0260EDE770B5174C174E2368F9
:1017A00035683BBB15B12846FFF7C0FF00F0AEFB24
:1017B0002368002BFAD00020114A00211160B3FAEF
:1017C00083F3104A52F823301C680C3C0B23AC42C4
:1017D00023710DD008B1FFF7A9FF0B4BA16AB4F933
:1017E00006201A801F31094A3460022000F0D6FA20
:1017F000204670BD2846DFE798080020E00800205A
:10180000DC0800209C0800206C0900200800061657
:1018100070B50A29037904460D461AD90A2B14D843
:101820004279174B00F10C0153F8220078B100689F
:10183000E06053F82200016043F8221011494FF094
:101840000043D3400A6813430B60257170BDE1600B
:10185000F2E70A2BF9D94079094E04F10C0106EBA5
:101860008000FFF77BFF637956F82320002AECD134
:1018700004494FF00042DA400B6823EA0203E3E731
:101880009C080020980800200B4B1B681A790A2A34
:1018900002D95B7983420DD9EFF30583DBB21BB12B
:1018A000064B01221A607047054B4FF080525A6078
:1018B000BFF36F8F704700BFE0080020DC080020F6
:1018C00000ED00E008B5EFF3108372B6094B0A4A49
:1018D0001B880A4D1BB2002442F82340084A28689E
:1018E00013682146013B1360FFF792FF2C6000F064
:1018F000C9FA00BF6C090020E8080020E0080020B9
:10190000E4080020431E9BB21F2B05D8034B53F85D
:10191000200010B1C06A704700207047E80800201E
:1019200010B5EFF30583DBB27BB9EFF3108472B629
:10193000064B02211868FFF76BFF84F31088044BF5
:101940004FF080525A60BFF36F8F10BDE008002047
:1019500000ED00E0EFF3108072B60B4B1B681A79B4
:101960000A2A07D95A79094B53F8221011B109688C
:1019700043F8221080F31088054B4FF080525A60D4
:10198000BFF36F8F704700BFE00800209C08002065
:1019900000ED00E038B50B790A2B01D900F02AF9E7
:1019A0004C7901F10C020346006818B110F8075C8D
:1019B000A542F8D9C8601A6038BD03460144814287
:1019C00002D90268824201D0C01A70470430F6E79B
:1019D0000F2A2DE9F84F05468A469046994633D896
:1019E00010F003031DBFC3F10402043B5B180B4658
:1019F000A3F1340318BFAD1833F0030324D419F056
:101A0000080F05EB030416D02D60EFF3108B72B6B0
:101A1000274A0126114652F8047FC7B10136212E0C
:101A2000F9D18BF310886FF08A063EE01260043221
:101A3000A242FBD3E9E72A46FAE702212046FFF754
:101A4000E7FE8BF3108830E06FF015062DE036B21C
:101A50002A4641F82640DDE90A01E68000F0C4F993
:101A60000C9B144AE3624FF0FF33C4E90837136854
:101A70002060013319F0010FC4E90377C4E9057749
:101A8000A562C4F830A084F805802771E76113606F
:101A9000D3D10C212046FFF7BBFE19F0040FD0D1A3
:101AA0008BF310884046FFF7EFFE3046BDE8F88F15
:101AB000E8080020E40800200C2808B503D8034BF0
:101AC00053F8200008B900F095F808BD58800100CF
:101AD00010B50346EFF3108472B6028902EA0100E2
:101AE00022EA01021A8184F3108810BD0C4A0346D1
:101AF00010B51068EFF3108472B6028913420CD14E
:101B000003610721FFF784FE84F31088054B4FF033
:101B100080525A60BFF36F8F10BD84F31088FBE7CB
:101B2000E008002000ED00E010B50379048A072BDF
:101B300003D0082B0CD0002408E003891C4005D0FA
:101B40000C21FFF765FE054B01221A60204610BDEF
:101B500003899C43EFD10124F2E700BFDC08002099
:101B600038B5054B1D680446FFF7C0FF21462846DF
:101B7000BDE83840FFF7ACBFE008002010B5EFF338
:101B8000108472B6038902791943072A038A0181F6
:101B900004D0082A13D084F310880FE01942FAD039
:101BA0000C21FFF735FE074B01221A6084F31088E1
:101BB000054B4FF080525A60BFF36F8F10BD8B43BF
:101BC000E9D1EDE7DC08002000ED00E008B5EFF317
:101BD0000583DBB243B9EFF310832BB9044812F04D
:101BE00069FBFFF79DFEFCE70149032000F03AF88E
:101BF0009F4F010008B57146024812F0EBFAFFF75B
:101C0000E5FF00BFB14F010008B5FFF715FB034822
:101C100012F050FBFFF774FA002008BDBA4F010024
:101C20001FB5EFF3108372B6074B029300230193A5
:101C3000064B0093072204234FF4C0610448FFF7CA
:101C4000C7FE00F01FF900BFF94F0100091C00009A
:101C50006E09002008B50DF009FABDE8084010F043
:101C60003FB9704708B50D4B1A680C467AB9012286
:101C70001A60FFF7F6FF2146094812F0ABFA0DF0A3
:101C800049FA0A2012F0B8FA064812F013FBEFF3F3
:101C9000108372B600F092F8FFF702FB700F00207D
:101CA000FE4F01001A50010070B50D460021044698
:101CB000FFF7E0FC0D4E70B9BFF35B8FE288BFF316
:101CC0005B8F338812B21BB29A4204D06DB90121E6
:101CD0002046FFF7CFFC3388BFF35B8FE380BFF371
:101CE0005B8FA3880133A380012070BD6C090020A5
:101CF0000021FFF7D9BF000008B5BFF35B8FC18893
:101D0000BFF35B8F0C4B1B8809B21BB2994201D009
:101D1000FFF770FF8388002BFAD0013B9BB28380D2
:101D200043B9BFF35B8FC380BFF35B8FBDE808404F
:101D3000FFF7D6BC08BD00BF6C0900200C4B0D4A54
:101D400010B540219A600C4CE02283F82220D9770C
:101D50000022A0180132302A80F80013F9D11A6944
:101D600042F010021A615A6942F400725A6110BDC1
:101D700000ED00E00010000000E100E0064BD3F8A9
:101D8000942042F00502C3F894205A6A42F480324B
:101D90005A620020704700BF00ED00E0064B21F0C2
:101DA0001F0142F00102C3F89800C3F89C10002004
:101DB000C3F8A020704700BF00ED00E008B5EFF3C6
:101DC0000581C1F3080119B10548103912F002FA72
:101DD000044BD3F8F030DB0700D500BE08BD00BFD0
:101DE0002750010000ED00E01A4422F0030210B574
:101DF0004FF0773442F8044C540758BF4FF0883402
:101E0000A2F104035CBF42F8084CA2F108034FF0B2
:101E1000807243E902020D4A43F80C2C0020032291
:101E200043E9052043F8201C01220224194643E916
:101E300007246FF0020241F8242D0B2241F8042DF3
:101E4000013A032AFAD1A3F1440010BDC5180000DD
:101E5000054B064A06481968914201D1834201D3D5
:101E6000C01A70470433F6E700000020FEE7FEE7E3
:101E700000020020EFF30880704700000048704720
:101E8000000000200023E1EE103AEFF3148323F06A
:101E9000040383F31488BFF36F8FEFF3108362B6EC
:101EA000024B4FF080525A60BFF36F8F00ED00E09D
:101EB000114910B50C6872B6FFF76EFC62B6A0420D
:101EC00008BF10BD2146BDE8104049B1EFF30982BB
:101ED0001EF0100F08BF22ED108A22E9F04F0A60B1
:101EE0000068B0E8F04F1EF0100F08BFB0EC108A89
:101EF00080F3098870470000E0080020024B4FF093
:101F000080525A60704700BF00ED00E030BF62B6FB
:101F1000BFF36F8F72B670470D4B0E4A0E4968467D
:101F2000904203D8984201D9002102E009468D462B
:101F3000012104207246024202D1EFF3088001E041
:101F4000EFF309802DE9F00F6B4600F087F800BF32
:101F500058010020000004200002002008B50249BA
:101F60000620FFF77FFE00BF3650010008B502498A
:101F70000520FFF777FE00BF4250010008B5024977
:101F80000820FFF76FFE00BF5550010008B5024959
:101F90000920FFF767FE00BF6750010008B502493E
:101FA0000A20FFF75FFE00BF7B50010008B5024921
:101FB0000B20FFF757FE00BF8D50010070477047A0
:101FC0001C4AD2F8883043F4700310B5C2F8883048
:101FD000FFF7F4FF6A46184B1848194693421DD381
:101FE000174B184A184883421BD3184B184A002035
:101FF00093421BD321B1174A17490120FFF7CEFEA8
:10200000FFF7BCFEFFF7DBFF00F03AF9FFF746F9F8
:1020100012F0C0F9BDE81040FFF702BE43F8040B10
:10202000DCE752F8044B43F8044BDCE743F8040BBD
:10203000DEE700BF00ED00E000000020FEE7FEE765
:1020400000020020EC860100D8020020D802002007
:10205000A0530020080006161F0000202DE9F04FB5
:102060009A46564B8FB093469A6B03925A6B0492E2
:10207000D3F82880DA6A05921A6BDB6B0793504B12
:1020800006921A684F4B9A4204460E4602D04E48BA
:1020900012F010F9002E62D04C4812F00BF94C4BA4
:1020A0004C48198809B212F095F800252F464A4885
:1020B00012F000F94146494812F08CF80599484859
:1020C00012F088F80699474812F084F807994648B4
:1020D00012F080F818F4004F03D00399434812F02F
:1020E00079F818F0800F03D00499414812F072F883
:1020F000404812F0DFF84048594612F06BF8002EC5
:1021000029D11BF0080F53D0314B1E8836B2304610
:10211000FFF7F8FB31460246384812F05BF83848C2
:1021200012F0C8F83946374812F054F86946364B71
:10213000C91A03D53548494212F04CF82046826846
:10214000C36801698C4641698E46AD46514691E8A7
:10215000F00F416800682E490720FFF783FDD4E99E
:102160000230D4E90679D4E9001208902069099078
:1021700060690A9019F4007F26480B91CDE90C2381
:102180000CBF04F1200504F1240512F093F8089B1C
:102190000B9900932048DDE90C2312F01BF8DDE9D0
:1021A0000912CDF800903B461C4812F013F87EE768
:1021B000217F1B48103912F00DF8B0E700ED00E068
:1021C00000000020FEE7FEE79B500100B150010037
:1021D0006C090020E05001008A5101009351010078
:1021E000A3510100B3510100C3510100D3510100BB
:1021F000E3510100F3510100F85101000A520100BE
:10220000495201007A52010058010020A2520100F7
:10221000CF520100F45001000F5101004C51010058
:1022200023520100BFF34F8F0549064BCA6802F4E1
:10223000E0621343CB60BFF34F8F00BFFDE700BFE9
:1022400000ED00E00400FA054FF0704393F8E02F32
:10225000062A12D1D3F8E40F10F00F000DD1D3F8F5
:10226000E82F02F0F002302A08D1D3F8EC0F00F08A
:10227000F000B0FA80F0400970470020704700007D
:1022800008B5FFF7E1FF30B1134AD2F8FC3023F074
:102290008073C2F8FC30FFF7D7FF20B14FF08043C6
:1022A0000322C3F8A025FFF7CFFF30B14FF08043E2
:1022B0000022C3F80C21C3F8102100F057F8074B97
:1022C0000122C3F84025FFF739FDFFF7C3FCBDE845
:1022D00008400CF0BFBE00BF00ED00E000E0014090
:1022E000044B1B682BB1044B4FF080525A60BFF374
:1022F0006F8F7047DC08002000ED00E008B5044A4D
:10230000044B10681B689847BDE80840FFF7E8BF1A
:10231000740F0020840F002008B5044A044B506855
:102320005B689847BDE80840FFF7DABF740F0020EC
:10233000840F002008B5044A044B90689B689847B6
:10234000BDE80840FFF7CCBF740F0020840F0020C9
:1023500008B5044A044BD068DB689847BDE80840DC
:10236000FFF7BEBF740F0020840F002070470000ED
:10237000EFF3108172B6094A13680133012B136021
:1023800009D14FF080420020C2F800011360D2F85A
:102390000031002BFBD081F310887047980F00208C
:1023A000094A08B513680BB9FFF724FCEFF3108155
:1023B00072B61368013B13601BB94FF080430122D2
:1023C0005A6081F3108808BD980F0020084A1078E1
:1023D00068B94FF080430121C3F81815C3F8040110
:1023E0009960D3F804110029FBD0012313707047C2
:1023F000940F00200BF031B80346006838B1026832
:10240000904219BF1368036000211960104670479D
:1024100008B500B109B9FFF7EDFB4B68002BFAD006
:10242000EFF3108272B60B6833B903686BB11B68A7
:102430000B60036819600160406882F3108830B156
:10244000BDE808400121FFF799BB0960F3E708BD2B
:1024500010B5EFF3108472B6FFF7CEFF84F3108847
:1024600008B10023036010BD38B58569044685B105
:102470000A4B1868436901330CD011F036F8236910
:102480006A68C11A8A4226BF9B181B1A00236B6018
:10249000206138BD83685B689847F0E7F8840100E5
:1024A0008369084A10B5044610682BB15A68214662
:1024B00011F071F8206110BD2146BDE8104011F007
:1024C00051B800BFF88401008369002210B50446AA
:1024D0005A60A06930B1436823B90368A361636996
:1024E0009847F6E72046BDE81040FFF7D9BF000047
:1024F00070B505460C46EFF3108672B6FFF7B4FFD1
:1025000005F118000368BBB923600460AB69A342FE
:1025100006D10F4B62681868294611F03CF8286113
:1025200086F310880B4B1B682BB10B4B4FF080527E
:102530005A60BFF36F8F70BD61685A68914203D3D0
:10254000891A61601846DDE7521A23605A60DCE799
:10255000F8840100DC08002000ED00E070B50446BE
:102560000D46EFF3108672B6FFF77EFFA36904F104
:1025700018022BB92046FFF793FF86F3108870BD31
:1025800013689D4202D01A461B68F2E72B6813605D
:10259000002BEFD05A6869680A445A60EAE70000E5
:1025A000034B4161C0E9023000238361704700BFE3
:1025B000C924000058B1037843B1013810F8013F35
:1025C0000BB901207047303B092BF7D90020704729
:1025D00038B1054B0A0901F00F019A5C5B5C02708F
:1025E00043700220704700BF8C800100F8B50D4693
:1025F0005700064610B18C18A54201D13846F8BDE7
:10260000304615F8011BFFF7E3FF0236F4E7F8B593
:102610000E465700054610B18C18B44201D1384619
:10262000F8BD284614F8011DFFF7D2FF0235F4E784
:1026300003461A46013311780029FAD1101A70475F
:1026400007B5042201910DEB0201FFF7E0FF03B093
:102650005DF804FB0E4A914230B5034616D80A22B3
:10266000012014468A420ED963B103440A25B1FB06
:10267000F5F405FB1412303203F8012D0A46092A3D
:102680002146F4D830BD62430130EBE70A20EBE786
:10269000FFC99A3BFFF7DEBF38B5064B1B680446FF
:1026A0000D46986811F0B6FB29462046BDE8384033
:1026B0000FF02CBC8402002007B5014601A8FFF7EB
:1026C00087FF022101A8FFF7E7FF03B05DF804FBD5
:1026D00007B501466846FFF7B3FF08216846FFF7D4
:1026E000DBFF03B05DF804FB10B50446FFF7A0FF65
:1026F00001462046BDE81040FFF7CEBFD8B1E1B19A
:10270000002340EA0102D20709D5C2070BD5CA0748
:102710000BD581420BD2421A08461146F7E7400812
:1027200049080133EDE74008EFE74908EFE7091AE8
:10273000EDD100FA03F1084670470146FBE72DE9A9
:10274000F84306460D4614460AB9FFF753FA1146F8
:102750002846FFF7D3FFA042F7D8A84239D8B5FBE7
:10276000F0F1B4FBF0F20025B1FA81F44FF0004E25
:10277000C4F120002EFA04FEC4F15F0C2B462C4657
:102780002F46DB1847EB070811EA0E0F18BF43F07E
:102790000103934278F1000947464FEA44044FEAA7
:1027A0005E0E0FD39B1A68F1000744F00104002C61
:1027B0000BDA3B4300D00134C0F1200333713460A5
:1027C000BDE8F883002CF2D1013801356545D8D138
:1027D000EFE700200446EFE7F8B5048906460F4608
:1027E000154600200DB1B54218D132897168002319
:1027F0000AF0B6FA04F13A030344B3F5803F24BF6C
:10280000013080B2796820443A3000232022083118
:1028100080B20AF0A5FAC04380B2F8BD23462A89E7
:1028200069680AF09DFAAB682D6823449CB2D9E729
:102830002DE9F8430E4681460321304605F046FF58
:10284000044608B9FFF7D6F9022105F03FFF074615
:102850000028F7D0A368032B05D830460021BDE837
:10286000F84305F03BBF014632462046D4F80480C9
:10287000FFF7B2FF0028F0D198F80050892D0FD84B
:10288000842D11D8802D16D098F80010334640F2D0
:102890000122032004F064FA0028DED0BDE8F883AA
:1028A0006335EDB2012DEFD8A368796842464846FA
:1028B00002F07CFEE8E7238979684246484600F04A
:1028C00051F8E1E738B50D46144600211A460323B6
:1028D00006F05EF828B1436800221D705C709A70A3
:1028E000DA7038BD10B5044660B190F90C30032B96
:1028F0000BD10268FFF770FF50B1636840BA58808F
:10290000002010BD6FF00D00FBE76FF04C00F8E702
:102910006FF00100F5E74269013201D010F0E5BD2A
:1029200083685B6818472DE9F041DDF8188015468B
:1029300000220E461F46014608F108031046FFF725
:10294000C1FF044650B1406876BA6DBA8680C58032
:1029500027B142463946083011F055FD2046BDE802
:10296000F081000073B506460C46002A3ED0072BC6
:102970003CD99188D088083B40BA49BA009389B2C3
:1029800002F1080382B28120FFF7CDFF054668B34C
:10299000237EFF2B04F1080214BF04F1180100216B
:1029A00000F0ECFD044610B90146284609E000237A
:1029B0001A461946184605F00BFB054630B9014684
:1029C000204602B0BDE8704005F088BE43680EB1F5
:1029D000B6F9FA615E8006492C602B4640F202226D
:1029E000022004F0BDF901460028DED002B070BD1F
:1029F0000000FFFFF7B5099D0C4611461A464FF639
:102A0000FB739D4207464AD8009500238020FFF7BC
:102A10008AFF002846D022460021466800F0AEFD1D
:102A2000044630B9214811F045FC0025284603B082
:102A3000F0BD43689DF82020DA7167B100231A4683
:102A40001946184605F0C4FA30B34368B7F8FA21BE
:102A50005A8004600446164B1868FFF75CFF032D8C
:102A600089BFB0600836043D0C360023AB42DAB2B1
:102A70000FD11049234640F20222022004F070F9DF
:102A80000028D2D16FF008050021204605F026FE6F
:102A9000CCE7F2540133E9E76FF00B05F4E76FF090
:102AA0001505C3E76FF00B05C0E700BFE252010058
:102AB000FC8401000000FFFF2DE9F0471F46224B78
:102AC0000546186816460C46FFF725FF0221814689
:102AD000284605F0FBFD03218246284605F0F6FD59
:102AE0008046BAF1000F2BD050B3DAF8040008305A
:102AF00003F066FCD8F80410032C01F1080C1CD973
:102B00008B68043CA9EB03020C310B190C469C4268
:102B100002D14FF0FF310AE00134601A013814F895
:102B200001ECC0B28645F2D0A4EB0C0101393B4662
:102B30002846B446BDE8F047604761460022E4E716
:102B40006FF01500BDE8F087FC840100F8B50D4674
:102B50000221164605F0BAFD044608B9FFF74AF807
:102B600047680C49102207F1080011F0ABFB70B167
:102B70003B7AFF2B0BD03B7EFF2B06D1022D04D0DE
:102B8000042D04D1022E18BF00242046F8BD0024D5
:102B9000FBE700BF4681010010B50B4608241B6807
:102BA00033B193F90C20013202D09A681444F6E74D
:102BB0008268A24209D98B6840684968121B9A4210
:102BC00028BF1A46204411F01EFC204610BD70B5E7
:102BD0004FF0FF31054605F079FD002406462DB97A
:102BE0003034AEB173682BB9FFF704F8AB682D68C9
:102BF0001C44F4E7B3F9020004F0EEFA0028F3D025
:102C0000B0F82A31B268283BA41A9C4228BF1C465F
:102C1000204670BDF8B5054610460F4614461E46C0
:102C2000FFF7D5FF294603463A460020FFF74AFE44
:102C30000546F8B1436836BA5E6094F90C305A1C08
:102C400012D0022B05D123687BB193F90C300133EC
:102C50000BD17CB194F90C3001330BD021462846BE
:102C6000FFF79AFF2468F4E72468082614B1AA68DD
:102C7000B24201D82846F8BDA36868686168921B13
:102C80009A4228BF1A46304411F0BDFBA36824685D
:102C90001E44EBE770B5054614460846BDB34FF039
:102CA000FF3105F013FD6268064608320021284610
:102CB00000F064FC044628B901462846BDE870408F
:102CC00005F00CBDCEB173680BB9FEF793FFB3F9F5
:102CD000020004F081FA0023194605461A461846F8
:102CE00005F076F9014608B92046E7E743680DB1DB
:102CF000B5F9FA515D800C600C460549234640F257
:102D00000222022004F02CF801460028ECD070BD0D
:102D10000000FFFF70B50C46024606460121204622
:102D2000FFF714FF054658B1224631460023012023
:102D3000FFF770FF2A462146BDE87040FFF7AABFA3
:102D400070BD70B50C460646002202212046FFF7F2
:102D5000FDFE054658B12246334600210220FFF70A
:102D600059FF2A462146BDE87040FFF793BF70BD6A
:102D700070B50C460246064603212046FFF7E6FEE4
:102D8000054658B12246314600230320FFF742FF93
:102D90002A462146BDE87040FFF77CBF70BD2DE993
:102DA000F0471646044602460F4630460421FFF718
:102DB000CDFE804680B33046FFF709FF224603462A
:102DC00004210020FFF77EFD0546F0B1D0F8049005
:102DD00034464FF0000AA4B194F90C30013310D0FE
:102DE00021462846FFF7D8FE63689F4207D3A268B2
:102DF0001A4497423EBFFB1A083B03EB000A2468C3
:102E0000E9E79AFA8AFAC9F804A042463146284608
:102E1000BDE8F047FFF73EBFBDE8F087002105F0B1
:102E20005DBC000008B50449102211F04BFAB0FA5D
:102E300080F0400908BD00BF3681010010B50A4985
:102E40000822044611F03EFA48B12378FF2B08D13E
:102E5000607800F00F00831E5842584110BD0120D9
:102E6000FCE70020FAE700BF268101002DE9F843C6
:102E70000E46D1E9001405460A4600232ABB5BBA78
:102E8000A380A379FF2B02D119BB3B23A371E37964
:102E900013B94DBB4023E37104F108073F491022E9
:102EA000384611F00FFA04F11809804678BB4846FD
:102EB000FFF7B8FF0246D0B110224146384611F064
:102EC00011FA0123E375344650E090681268034418
:102ED000D4E70B7B023BDBB2022BD6D8304AD35C63
:102EE000A371FF2BD3D1D0E795F8F831D3E749464A
:102EF000284604F048FB03460028E4D000F1100205
:102F000053F8041B47F8041B9342F9D1DBE728462A
:102F100004F06DF94846FFF785FF98B10024284674
:102F200004F06CF9002CCED00321304605F0CEFB26
:102F300028B143681B7803F0FD03852BC3D06FF0E5
:102F40007C0023E03946284604F0F6FA0028E5DB49
:102F5000284490F8304004F01F04103C18BF0124AE
:102F6000DDE705F031FD98B12060044694F90C309E
:102F7000022B02D120680028F3D13146204605F00B
:102F800094FB002807DA831C08BF0020BDE8F88303
:102F90006FF00B00FAE70020F8E700BF4681010060
:102FA0009C80010010B50C460AB9012010BDFFF746
:102FB0005DFF0028F9D02046FFF730FF0020F5E73D
:102FC00038B50B680D46044608B9FEF713FE4A688B
:102FD000B0F8FA115180002263B9B4F82A01904286
:102FE0000CD22946FFF7ADFE28467A21BDE83840CD
:102FF00005F074BB99681B680A44EDE7EFF3108194
:1030000072B6D4F8AC200132C4F8AC202A68BAB940
:10301000D4F8B4201A44C4F8B42081F310882046B0
:1030200004F0C0F880B10D492B4640F20222012085
:1030300003F096FE88B92846BDE83840FFF7EEBE9B
:10304000906812680344E2E7B4F9FA0140F2022200
:10305000294603F07AFE0028EDDD38BD0000FFFFB1
:10306000002370B505460C4642F0400619461A4644
:10307000184604F0ADFF014620B92846BDE870406F
:10308000FFF7CCBE43681E710560EFF3108272B685
:10309000D4F8A8300133C4F8A83082F31088204651
:1030A000BDE87040FFF78CBF2DE9F04390F90C307C
:1030B000013389B00646884624D144680CB9FEF72E
:1030C00099FDB4F9020004F087F8054630462779E7
:1030D00005F07AFC07F03F07014628B9304609B0F1
:1030E000BDE8F043FFF79ABE05F022FB064696F9CD
:1030F0000C30022B09D01621304609B0BDE8F04350
:1031000005F0ECBA00273D46F1E7706855491022FA
:10311000183011F0D7F80028EDD0304605F054FCF7
:1031200004460028DAD043681A7EFF2A3AD125B92E
:1031300004F045F878B92046D1E7014642462846D2
:10314000FFF730FF80B13A462946204609B0BDE876
:10315000F043FFF785BF411E204605F08DFB284652
:1031600004F02BF8054610B909B0BDE8F083B8F1BA
:10317000000F10D0204605F027FC06460028DAD0C4
:1031800001462846FFF772FE30B1B442D3D0304634
:10319000FFF744FECFE726463A4629463046FFF77A
:1031A0005FFFDCE703F11809484604F0C7FA8542DF
:1031B000064605D04846FFF741FE002818BF002606
:1031C0004846FFF72FFE00B9AEB1424621463046D1
:1031D000FFF7E8FE0028C7D0204605F0C1FA002816
:1031E000A9D12149234640F20122022003F0B8FD73
:1031F0000028B9D19FE701AB22462946484602F094
:10320000E7F80028B0DBBDF81C00C0F3041003F0A1
:10321000E3FF054600283FF452AF42462146FFF740
:10322000C1FE0028A0D031469DF81E3005AA3046C8
:1032300004F0CEFE014618B92046FFF7EFFD93E7F4
:1032400043681F710460EFF3108272B6D5F8A430A2
:103250000133C5F8A43082F310882846FFF7B0FE8A
:1032600082E700BF468101000000FFFF2DE9804892
:1032700089B000230593A3F580330693AD4BAE4888
:103280001B88ADF81C300821FEF7E4F905A90220DF
:1032900005F08AF9DFF8A8A240F20523ADF80E3058
:1032A00040F2022901A8FEF7BEF9BDF80610B1F5FB
:1032B000017F0BD8494500F22C8140F2012399424D
:1032C00019D04945EED10298012119E1A1F59F439A
:1032D000403B9BB2152BE5D801229A4012EA0A0224
:1032E00040F01F81152B00F02081142BDAD10298B9
:1032F00001F0B6FFD6E7029E0EB9FEF77BFC4FF059
:10330000FF31304605F0E2F9804680B34368002B78
:10331000F3D0B3F9020003F05FFF05460028ECD0BC
:10332000EFF3108072B6D5F8B8300133C5F8B83075
:103330000022334699681B680A44002BFAD1D5F85D
:10334000BC30D8F808105B1A1344C5F8BC3080F3C1
:10335000108873683BB1B268272A04D91B7803F040
:10336000F003602B05D03046FFF758FD9AE705467D
:10337000EFE7304605F028FB04460028F3D0022290
:10338000282105F043FB00232373034608B9204698
:10339000EAE74768F87920B92146FFF7E9FC74218C
:1033A00077E0B988BE798AB249BA89B20AB93B2EA8
:1033B000EDD19C42A26859D0914256D2204605F0E8
:1033C0008FFB07F1180B5846FFF72CFD70B95846D4
:1033D000FFF734FD08B1002D5FD1584604F0AEF977
:1033E0000546B0FA80F0400900285CD1292E00F093
:1033F0008A803A2E00F08980A6F11102534253418F
:103400009B0023733146022005F037F9002801DCC8
:103410003A2E7CD10121204605F02EFA012747499A
:1034200094F90C00234640F2012203F099FC10B9F4
:103430002046FFF7F3FC87B13A2E03D10121204645
:1034400005F01AFA234640F201223146022003F029
:1034500087FC10B92046FFF7E1FC3A2E7FF422AF3B
:1034600021462846FFF7E4F91CE723460022986826
:10347000024493F90C00022802D01B68002BF6D1FD
:10348000283A91429DD9391D22460020FFF787FC3A
:103490001621204605F022F904E7584604F04EF9BB
:1034A000B0FA80F09FE707F10800FFF7C7FC054678
:1034B0005846FFF7C3FC3DB968B13B7EFF2B3FF494
:1034C00066AF2146032003E00028F6D12146022002
:1034D000FFF720FC5BE7FB79013BDBB2FB71002BC4
:1034E0003FF45AAFB8F1000F03D04146204605F033
:1034F0001FF9204605F057F900283FF4D3AE00210C
:10350000FFF7D2FDCEE602237BE7032379E700270E
:1035100085E76FF0850303A901A80493FEF75AF825
:10352000C0E6029802F0ACFCBCE60298114601F03D
:10353000D9FEB7E66C090020A00F00200000FFFFB5
:10354000EFFB06001FB5094CB4F9000060B9084B49
:10355000CDE90103074B0093042203464FF4707139
:103560000548FEF735FA208004B010BD9C0F0020FE
:10357000FC5201006D320000E00F0020F8B50C464F
:10358000174602232822002105F002FA064608B356
:10359000456805F10800FCB1214604F1100351F81B
:1035A000042B40F8042B9942F9D105F11800C7B15A
:1035B000394607F1100351F8042B40F8042B9942C7
:1035C000F9D1602200232A70FF226B70AB70EB7080
:1035D000AA71EB713046F8BD1022214610F082FE30
:1035E000E3E71022394610F07DFE012385F82730ED
:1035F000E7E70000F8B5044615460E4609B9002075
:10360000F8BDD1F82C71FA04F9D51949082210F047
:1036100059FE38B12378FF2BF1D1637803F00F0303
:10362000022BECD1FB0701D4FEF7E4FA96F8F9017E
:1036300005F1100204F1080109F02AFE10F0FF0064
:10364000DDD0A8762B4604F1100254F8041B43F891
:10365000041B9442F9D1B6F8FA311B0103F4F87354
:1036600043F4806343F006032B830120C8E700BFC7
:10367000268101002DE9F843064604F05FF8044670
:10368000002861D003F0B3FDB4F9FA11002000F076
:1036900093FF054670B1006800F028FD50B12B681B
:1036A000B4F9FA11B3F86420C2F3041291420CD0B9
:1036B000FEF7A0FA002384F82731204602F096FB9B
:1036C0002046BDE8F84303F099BD0433184632465E
:1036D000214600F06BFA3146204603F02DFF00280A
:1036E000E6DB211891F8303003F01F02102A28D0B1
:1036F00003F00702013A012AE2D80133D4F820810D
:1037000081F83030050105F1F406104B1048B3F98B
:10371000009026443146FEF721FF05F1320760197B
:103720000023C0E93D38274444F6CF73A0F8FE30AB
:10373000C0F80071A0F8FC9031460548FEF7D8FEAD
:10374000BEE74EF66028DDE7BDE8F8839C0F002059
:10375000A01300202DE9F3470D46DDE90AE81F46D6
:10376000044608B9FEF746FAD0F82C6116F4805FDB
:1037700003D1042002B0BDE8F08793F80190B9F1BD
:10378000020FF6D192F800C0BCF1880F40F084809F
:10379000F607EED590F854216B4600F5A67104F0BB
:1037A00089FB0828E5D1DDE90002B968FB689A4287
:1037B00008BF8842DDD1BB78012B48D0022B4CD00A
:1037C000002B42D105F118012046FE8803F0B4FE1B
:1037D00000281FFA86F8CCDBB8F5807F18BF76BAD0
:1037E00004EB00021EBFB6B24EF660235E4392F8B1
:1037F00030304FEA001523F01F0343F0100305F1AA
:10380000F40882F83030A0442A4B2B48B3F900A0CA
:1038100018BFA6F56A46414614BF603E47F23056CF
:1038200005F13209FEF79AFE60190023C0E93D3622
:10383000A14444F6CF73A0F8FE30C0F80091A0F880
:10384000FCA041461C48FEF753FEB87892E705F10C
:103850001801204604F004F9F7E7B4F9FA1105F16C
:10386000080000F0A9FE064600283FF47BAF00F0F8
:103870006BFE002000F08AFE28B984F8270120465C
:1038800002F0B4FAE1E73368002B3FF46BAF05F1C7
:103890001800FFF7EFFED8E7B4077FF56AAFBCF179
:1038A000870F7FF466AFCDE90AE802B0BDE8F047C4
:1038B00000F088B89C0F0020A0130020F8B54378D2
:1038C000032B054602D000242046F8BD083001F045
:1038D000A9F804460028F6D06B88AA88ED885BBA60
:1038E00052BA9BB243EA0243AAB23AB36DBAADB23E
:1038F0004EF66022554322699A4209D32361134B45
:103900001868436901331CD00FF0EFFD2844606153
:103910000F4B1048B3F9007004F118063146FEF75A
:103920001DFE0023C4E9063544F6CB7309486384C1
:10393000646227843146FEF7DBFDC5E742F210756D
:10394000D6E783685B689847E0E700BFF88401002A
:103950009C0F0020A0130020F7B515468A78487800
:10396000412A34BF02230323984227D1CC88CB7845
:10397000A7B264BA03F00F06A4B2C3F30013009316
:1039800008312346304606F0D3FF0DB9FEF732F971
:10399000F108F64306F00706012305F12902B340BA
:1039A000505CDBB247B920EA030353544EF6602360
:1039B00003FB04F003B0F0BD0343F6E74FF0FF3024
:1039C000F8E700002DE9F04701F1080906460F4627
:1039D0009046474910224846DDE908A41D4610F0EC
:1039E00071FC00287FD0BAF1000F7CD05CB194F854
:1039F0006630DA0707D50822A91804F1140010F080
:103A000061FC002869D1EB88002B61D05346424607
:103A10003946304600F0F0F9B6F9FA11484600F0A0
:103A200017FC0446002860D000F1140705F10808CF
:103A300008224146384610F045FC38B1B4F86430ED
:103A400003F4C06313B10120BDE8F087AB68636184
:103A5000D8F804307B60ED88264B2748B3F9008006
:103A600004F154073946FEF779FD6DBA002363650A
:103A7000ADB24EF660235D4344F6C973A4F85E30E0
:103A80001D48A5652466A4F85C803946FEF730FD24
:103A9000B4F864206FF0410302F007021341DB0722
:103AA0000CD50EB9FEF7A6F8134804F12401FEF771
:103AB00055FD03222146304600F084F9B4F8643005
:103AC00023F4C06343F48063A4F864300020BBE7B0
:103AD0004CB1204600F016FCF8E7B4F8643003F46B
:103AE000C063002BAFD10420AEE70220ACE700BFDB
:103AF000468101009C0F0020A013002073B5069E94
:103B00001C460BB9FEF776F80025CDE90065FFF7F6
:103B100021FEC31EDBB2012B0AD9E18849BA2B462C
:103B200004F1080289B202B0BDE8704008F05BBB46
:103B3000284602B070BD00002DE9F0411F460B4B36
:103B4000144605460E460A48B3F900801146FEF7B2
:103B500005FD0023C4E900376681E560A4F808800C
:103B600021460348BDE8F041FEF7C2BC9C0F00208F
:103B7000A013002038B5154604461A4691B190F8B6
:103B80006830934204D002311C3010F09BFB58B9CE
:103B9000B4F86410B5F9FA31C1F30411C81A18BFAA
:103BA000012038BD0846FCE70120FAE7F0B50746DA
:103BB00085B015461E460C4609B9FEF71BF8B1F94B
:103BC000FA11002000F0F8FC4DB3D4F82C31DA04DF
:103BD00025D520B30068B4F9FA21B0F86430C3F3F6
:103BE00004139A421BD13146043009F0DCF8B0B11D
:103BF000D4F82C31DB0710D594F8542102AB04F52E
:103C0000A671204604F056F9082806D1002302AA1E
:103C10000F21184608F0E7FA10B905B0F0BD0020F2
:103C2000009033462A462146384602F0B5FEF4E7B6
:103C300070B50446B0F86400C0F304100E4603F0FB
:103C4000CBFA054608B9FDF7D5FF03F0D0FA16B157
:103C5000002384F86730231D184600222946FFF709
:103C6000A5FFD5F8203104F1240244F6C0712046A6
:103C7000FFF762FF284603F0C1FA94F8673001337A
:103C800084F8673070BD2DE9F043B0F8643013F06C
:103C9000070585B00446884679D06A1E012A71D886
:103CA000C3F3041003F098FA44F6C17107462046A6
:103CB00000F0C0FF81460FB9FDF79CFF384603F0C6
:103CC00096FAD7F82061B14556D9B8F1000F02D065
:103CD000002384F86730012D28D194F8673040F232
:103CE000DC51023B4FF4FA704FFA83F95FFA83F824
:103CF0000BF0AEFAA0F5FA73B3F57A7F8446DBD207
:103D0000B8F1110FD8D805FA09F5A5FB0656A5FBA1
:103D1000000100230CFB06114FF47A720FF094FDA2
:103D20004EF66023984228BF1846064640F2FF220E
:103D30000023CDE900234FF080730293FF238DF819
:103D40000C30637C8DF80D30638AADF80E300022A4
:103D50006B463946201DFFF729FF334604F1240244
:103D600044F6C1712046FFF7E7FE94F86730122B46
:103D70009CBF013384F86730384605B0BDE8F04396
:103D800003F03CBA05B0BDE8F043FFF751BF05B002
:103D9000BDE8F08310B50446D0F8E80000EB500110
:103DA00040080BF055FA04F1A402C4F8EC00044BEF
:103DB000204644F6CE71BDE81040FFF7BDBE00BFFF
:103DC00000DD6D00B1F8643023F00703134370B5D4
:103DD0000446A1F864300D46164603F008FA34B1E3
:103DE000D4F8C0301BB13246291D03209847204625
:103DF000BDE8704003F002BA2DE9F84391469846B9
:103E0000054608B9FDF7F6FE01F10807B0F9FA1109
:103E1000384600F01DFA044628B190F8663013F0D9
:103E2000010F08BF0024D5F82C31DA07EAD595F840
:103E3000F901414609F042FA061E09DB54B9B5F909
:103E4000FA110322384600F09BFA0446002842D1BA
:103E5000BDE8F88394F86830B34207D1324608F1E0
:103E6000020104F11C0010F02DFA98B1D5F82C21B4
:103E700041F20203934303D199F80030852B09D016
:103E80001E4804F12401FEF769FB0322214628465F
:103E9000FFF798FF94F86630DB07D9D599F8003022
:103EA000862B23D1B4F8642042F00802A4F86420E1
:103EB000D5F82C1141F202028A4301D1852BC7D0DB
:103EC00084F86860324608F1020104F11C00BDE884
:103ED000F84310F098BA99F80030872B02BFB0F879
:103EE000643023F00803A0F86430D3E7872BDFD0D9
:103EF000B4F8642022F00802D8E700BFA013002025
:103F000038B50446B0F8640000F00703042B12D063
:103F1000062B12D10325C0F3041003F05DF92A46E5
:103F20002146FFF74FFF052D07D120460121BDE8AF
:103F30003840FFF7A8BE0525EDE738BD70B505464A
:103F40000C460622FFF73EFFD5F81C3104F124028F
:103F5000204644F6C771BDE87040FFF7EDBD000094
:103F60002DE9F047054617461E460C4609B9FDF7F0
:103F700041FE0028FBD06BB1D0F82C31D907F6D523
:103F800090F8F901314609F099F9B0F1000802DA28
:103F9000BDE8F0879846B4F8649009F00709B9F1D4
:103FA000020F0FD097F800A0BAF1880F02D13B7929
:103FB0009A0607D443462A4631462046FFF7DAFDE3
:103FC000002851D0002E47D084F868804246B11CAA
:103FD00004F11C0010F017FA3B78882B02D13B79D2
:103FE0005B063CD4284804F12401FEF7B7FA03220B
:103FF00021462846FFF7E6FE3B78882BC8D13A7960
:10400000900602D4B9F1020F0AD1B4F86430110657
:104010005ABF23F008039BB243F00803A4F86430AE
:104020005206B5D4B4F8643003F00703062BAFD1C1
:1040300043462A4631462046FFF79CFD0028A7D07C
:1040400004F124011048FEF789FA2146284603228C
:10405000BDE8F047FFF7B6BE84F86860BCE72146CC
:104060002846FFF76BFFC7E7BAF1880F90D1B9F187
:10407000000F8DD03B795B068AD521462846BDE8E6
:10408000F047FFF75BBF00BFA01300200122FFF73E
:1040900099BEB0F8642002F00703022B10B5044665
:1040A00004D0052B0AD0012B13D010BD90F8673037
:1040B000022B15D9BDE8104000F024B990F8673004
:1040C000022B06D9C2F3041003F086F82146FFF74D
:1040D000DDFFB4F8643013F4C06F01D01B07E4D5E2
:1040E00020460021BDE81040FFF7CDBDB0F86400C8
:1040F00000F007000138012894BF0020012070471C
:10410000CB08C943C05C01F0070101238B40184074
:10411000003818BF0120704730F9081FFDF7FEB9BD
:1041200008B50449102210F0CDF8B0FA80F040092B
:1041300008BD00BF46810100054A106838B1036818
:10414000984219BF1A680260002111601846704732
:10415000B417002090F8661011B96C2210F0C2B8A4
:10416000704770B5044610460E461546FFF7F2FF3D
:104170004CB123462A1D04F1100153F8040B42F8F8
:10418000040B8B42F9D11F2E01D9FDF733FDB5F891
:10419000643023F4F87343EA0611A5F8641070BD87
:1041A00001490248FEF7FCB919410000A0130020A4
:1041B0000148FDF79DBD00BFBC1300200148FDF77D
:1041C0009BBD00BFBC1300202DE9F041154C0646F5
:1041D0000F4604F5D8780025B4F86430C3F304130F
:1041E0009F420CD025B994F86630002B08BF2546B5
:1041F0006C34A045F0D155B92846BDE8F081211DA9
:104200005EB90846FFF78CFF0028EBD025462A460A
:1042100039463046FFF7A5FFEEE7304608F0C3FD0C
:10422000F2E700BF0416002028B16C30064B98421C
:1042300003D3002070470548F8E790F86620002A6D
:10424000F8D16C30F3E700BFB4170020041600204B
:104250002DE9F0418846074608B9FDF7CBFC114C23
:104260000026254694F8663043B96C36B6F5D87FFB
:1042700004F16C04F6D10020BDE8F081B4F864309C
:1042800013F4F87FC3F3041204D0B8F1000F01D087
:104290009045EAD13946201D08F085FD0028E4D07C
:1042A000A819E9E704160020F8B50446B0F8640040
:1042B000C0F3041002F090FFB4F86430D0F81C7121
:1042C0000E4823F0070343F00603A4F8643004F11A
:1042D00024050B4B2946B3F90060FEF73FF9002394
:1042E000C4E9093744F6C773E3852463A6852946E4
:1042F0000248BDE8F840FEF7FBB800BFA01300205D
:104300009C0F002010B590F8663023F0010380F870
:104310006630044600F134011748FEF71FF91648CD
:1043200004F12401FEF71AF9134804F14401FEF7E1
:1043300015F9114804F15401FEF710F90F49086806
:1043400020B10268944206D1FFF7F6FE2046BDE890
:104350001040FFF7FFBE13461268944202D0984205
:10436000F9D1F3E7002BF1D01A6812681A600A68D5
:10437000944208BF0B60E9E7A0130020B4170020A7
:104380002DE9F8438846074608B9FDF733FC02F0EB
:1043900007052B1F022BF8D9FFF716FF00283CD189
:1043A000FFF7CAFE814678B32A4E044694F8663079
:1043B000012B2CD8B4F8643003F4C0633BBB204617
:1043C000FFF7A0FF384622464146FFF7CAFEB4F881
:1043D00064302B43A4F86430012384F8663020460F
:1043E0003368B3B11B68236033681C60346060B904
:1043F000FFF7A2FE81450446D8D133685BB11B6844
:1044000003603368186034600020BDE8F883002042
:10441000E6E72460EAE72060F5E790F86630DA071F
:104420000AD4B0F8642022F00702154343F00103D8
:10443000A0F8645080F866300368002BE5D1054B86
:104440001A682AB1126802601A6810601860DCE706
:104450000060FBE7B4170020F8B50C46054600B134
:1044600009B9FDF7C7FB0A46031D00F1140153F813
:10447000040B42F8040B8B42F9D1B5F864701A4969
:104480002783082220460FF01DFF04F1100638B1E3
:104490002378FF2B1DD1637803F00F03022B18D173
:1044A000C7F3041002F098FE0028DAD0D0F82C31BF
:1044B000D9040ED59A070CD4DB0705F10C01D0D531
:1044C00090F8F901324608F0E3FE002801DBA076FF
:1044D000F8BD95F86820A27605F11C013046BDE8CC
:1044E000F8400FF090BF00BF26810100F8B5154ECF
:1044F000346807460D469CB1B4F86430C3F3041326
:1045000099420BD1211D08F04EFC38B194F8663069
:1045100043F0080384F866300A48F8BD0020FCE741
:10452000FFF752FE024630600028F7D02946384691
:10453000FFF717FE326892F8663043F0080382F8FE
:104540006630E9E7F0130020036810B504468BB12C
:10455000011D0C48FEF702F8206890F8663023F041
:10456000080380F86630FFF7F5FD1422002120468D
:104570000FF0B8FE044B1A68A24204BF00221A6072
:1045800010BD00BFA0130020B817002028B11430C0
:10459000074A904203D3002070470648F8E70368B3
:1045A0001BB193F86630002BF6D11430F1E700BF51
:1045B00004140020F013002010B520B10E4B1C682D
:1045C0002CB9002010E00029F8D1FDF713FB29B128
:1045D000B4F86430C3F304139942F2D128B994F8C3
:1045E00066301B07F1D5044810BD211D08F0DBFB28
:1045F0000028E6D0F3E700BFF013002010B5144CFC
:10460000216879B90020FFF7C1FFA8B921B1084698
:10461000FFF7BCFF014618B90020FFF7B7FF0146BE
:10462000216007E00B68B3F8643003F00703013B37
:10463000012BE7D9084610BD0368B3F8643003F0D6
:104640000703013B012BDED920600146F2E700BFE2
:10465000B817002038B50C46054610B1036803B101
:1046600009B9FDF7C7FA1022002120460FF03AFEE3
:1046700011490968002384F82030A9422A6808D12A
:10468000B2F8643003F00703013B012B94BF002311
:10469000012384F8213004F11001131D143253F862
:1046A000040B41F8040B9342F9D12B68B3F8643042
:1046B000C3F30413638438BDB81700202DE9F84F05
:1046C000054689461F4690463AB11046FFF728FD39
:1046D000044610B97B1E7F2B01D9FDF78BFADFF85A
:1046E000E4B082469BF83420DAB9002C08BF5C465F
:1046F0000AF1010ABAF1080F0BF1400BF2D174B1C3
:104700002168002947D149462846FFF75DFD01464B
:10471000206000283FD1402220460FF0E3FD002416
:104720002DE09BF835209742E2D15846414650F89B
:10473000046B08F04EFB8742DAD8002ECDD0B6F8D5
:104740006420C2F304129145D2D104363046FFF7FB
:10475000E7FCB8B13DB105F1100255F8041B46F86D
:10476000041B9542F9D1174B4FEA8A1A5C4653F85D
:104770000A1091F8662042F0400281F86620204637
:10478000BDE8F88F002DB3D03146284608F00BFB6A
:104790000028ADD0DFE70A4628464946FFF7E1FC8E
:1047A0002046FFB250F8042B92F8663043F04003E5
:1047B00082F8663041463A4608F02AFB84F83570A4
:1047C000DDE700BF0414002010B590F83430044633
:1047D000FBB90068D0B920464022BDE81040002156
:1047E0000FF080BD4033013A04D09C42FAD01968E2
:1047F0008842F7D1074A9342EDD390F8663023F010
:10480000400380F86630FFF7A5FCE4E7024B09227D
:10481000E9E710BD041600200414002028B1403040
:10482000064B984203D3002070470548F8E790F8FC
:104830003420002AF8D14030F3E700BF04160020EE
:1048400004140020054B84468342A3F500728CBFFC
:1048500001200020624588BF002070470416002018
:1048600038B50B4610B1026802B109B9FDF7C2F9BB
:10487000021D00F1140452F8045B41F8045BA242EB
:10488000F9D190F8352083F82020002183F82110F9
:104890000268B2F86440C4F304145C8490F83400F5
:1048A000042803F1100004D1BDE8384010220FF0B5
:1048B00019BD131D143253F8041B40F8041B934216
:1048C000F9D138BD2DE9F0470F469146064600B1B3
:1048D0000AB9FDF78FF91F4D0024A04605F5007AAF
:1048E00095F834305BB13146281D08F072FA8045E6
:1048F00005D295F8353083429CBF80462C46403522
:104900005545EDD134B194F83430042B1DD1E38EEC
:10491000DB071AD4FFF772FE90B9B4B9204602F053
:104920004CFC044618B96FF07100BDE8F087D4F86C
:10493000C030002BF2D03A46314601209847EDE7CF
:104940004946FFF787FE0020EFE749462046FFF77C
:1049500087FFF8E70414002010B5044600F11401A5
:104960001148FDF7FBFD94F8343023F0040384F87C
:1049700034302046FFF728FF0C4BE41AB4F5E07FF3
:1049800010D8A4110A482146FFF7BAFB50B10949D3
:1049900084F0070491F828300122A24023EA0203A0
:1049A00081F8283010BD00BFA0130020041400209F
:1049B000EC130020C41300202DE9F843044600F155
:1049C00014011748FDF7CAFD2368B3F86400C0F36B
:1049D000041002F001FC0546D8B100F1320604F1E2
:1049E00004094946304694F8357008F0F2F905F1AB
:1049F000420887424946404694BF94F835700026E5
:104A000008F0E7F9874209D91EB13146284603F07C
:104A100027F82046BDE8F843FFF79EBF4646F4E777
:104A2000A013002038B5044608B9FDF7E3F80B4998
:104A300008F0B9F978B90948FFF772FB60B123466D
:104A4000064C03F1100518685968224603C2083362
:104A5000AB421446F7D1014838BD00BFC413002053
:104A600038B548B3164908F09EF938B3154D0024FF
:104A700015482146FFF744FBD0B90134082C05F155
:104A80004005F5D10024254610482146FFF738FBA4
:104A900048B90134102CF7D1BDE8384008482C2221
:104AA00000210FF01FBCE0B205F024FF0574F0E711
:104AB0002846FFF751FFE0E7FDF79CF838BD00BF3F
:104AC000C413002004140020EC130020ED13002078
:104AD00008B520B119B191F834305B0701D4FDF766
:104AE00089F8084BC91AB1F5E07F09D8891190F807
:104AF000282081F0070101238B40134380F82830E0
:104B000008BD00BF0414002038B50446084621B192
:104B10000D4BCB1AB3F5E07F14D80B4D2834FFF7BB
:104B20007DFE024608B9104638BD92F834305B0766
:104B300006D5511B89112046FFF7E2FA0028F2D171
:104B40001046ECE70022EEE70414002038B538B137
:104B500000F12C04074DAC4204D30024204638BD9C
:104B6000054CF7E72046FFF7DBFA0028F6D02C3497
:104B7000F1E700BFF0130020C41300202DE9F84333
:104B80001F4613460A4601460020089EFFF796FD81
:104B9000044600283DD090F83430B74243F0040377
:104BA00080F8343001D2FDF725F807EA0605681CC5
:104BB00036D01D4B1868436901332DD00EF095FC9B
:104BC000711C05461CD0194B1948B3F9009004F12B
:104BD00014084146FDF7C2FC0023C4E9053644F63B
:104BE000CC731348E3832462A4F81C904146FDF77C
:104BF0007FFCB21C04D07319013308BF01362E4468
:104C0000FB1C0FD87B19013308BF01373D44C4E9B1
:104C10000E562046BDE8F88383685B689847CFE767
:104C20002E46F4E73D46F2E7F88401009C0F002091
:104C3000A013002010B50A4B9B690246002013B94F
:104C40004FF0FF3010BD5C6820445C898C4204D179
:104C5000002AF7D0DC689442F4D01B68EFE700BF6D
:104C6000A0130020044B18684369013301D00EF0F3
:104C70003CBC83685B681847F884010073B505463F
:104C80000E46FFF7EFFF2B680446B3F86400C0F34D
:104C9000041002F0A1FAAA6B531C1EBF4FF47A73E2
:104CA000121BB2FBF3F2EB6B591C07D09C428FBF77
:104CB00000231B1B4FF47A71B3FBF1F3E98E11F063
:104CC000010407D090F82D41C4F3001484F00104CE
:104CD000E401E4B2890748BF44F04004CDE900464E
:104CE000281D95F8351001F00AFE02B070BD2DE9BF
:104CF000F341D0F82C41B0F9FA6141F20203A34329
:104D00000D4638D100293ED0002427464FF0010837
:104D100005EBD70393F82920FB4303F0070308FAB8
:104D200003F31A420CD0F8B205F0E4FD034638B1A3
:104D3000428A417C007C009407F06CFA0446E8B19A
:104D40000137102FE4D1002739462846FFF7DCFE53
:104D50000746D0B96E69FFF785FF311A28694EF60C
:104D600060232A46B1FBF3F1234689B202B0BDE8C5
:104D7000F04107F074BA14F480542CD00025284672
:104D800002B0BDE8F081FCF735FF3B68B3F8643052
:104D9000C3F304139E42D7D12146FFF76FFF0446A9
:104DA0000028D1D1EAE794F834305B070CD52368AA
:104DB000B3F86430C3F304139E4205D12946FFF7CC
:104DC0005DFF05460028D9D02046FFF727FD0446A1
:104DD0000028E8D1D3E72546F6E7F7B51446D0F822
:104DE0002C2141F20203934305460F4621D014BB08
:104DF0002146FFF77CFF009023463A4600212846D3
:104E000001F000FF11E094B931462846FFF76FFF2B
:104E1000009023463A460021284601F0F3FE304632
:104E2000FFF794FE06460028EDD103B0F0BD002048
:104E3000EEE70026F3E70020DDE738B50546B0F8D9
:104E40006400C0F3041002F0C7F9044608B9FCF787
:104E5000D1FE02F0CCF9D4F82C315B0704D5002246
:104E6000291D2046FFF7B9FF2046BDE8384002F073
:104E7000C5B90000F8B5044602F0B9F90CB9FCF761
:104E8000B9FED4F82C31DA044AD4284F284894F8D3
:104E9000266139460AF0DCF944F6C671054620461B
:104EA000FFF7C8FEFC2E01D9B84203D8D4F82C3144
:104EB0005B0735D5FC2E94BF00220122002120463D
:104EC000FFF78BFFFFF7CEFE94F82631C4F81401EC
:104ED000022B1AD9FC2E1DD8164B1748B3F90070B7
:104EE00004F1C4063146FDF739FB0023C4E931352E
:104EF00044F6C6731048A4F8CE30C4F8D040A4F8E5
:104F0000CC703146FDF7F4FA0AE0B5F57A5F28BFB8
:104F10004FF47A550133DBB284F82631002BDBD114
:104F20002046BDE8F84002F069B900BFC02709007B
:104F3000700503009C0F0020A0130020002280F8C1
:104F40002621D0F82C2142F00402C0F82C21FFF7D2
:104F500091BF73B514460E460546FFF783FE0A302F
:104F6000C4E90E0000212046FFF788FE00230090D0
:104F700032461946284601F045FE02B070BD0000D9
:104F8000F0B5044685B00E4617460021102268464B
:104F90000FF0A8F9D4F82C31D90406D4B4F9FA11D9
:104FA00024480FF017F905B0F0BDDA07FBD594F8E7
:104FB000542102AB04F5A671204602F0F9FF002847
:104FC000F1DB3A463146684607F022FF6946204643
:104FD00002F0B2FA051E2BDA07233A46694620464C
:104FE00002F03CFC051EDEDB0127D4F82C31DB048B
:104FF000D9D51149082230460FF064F938B1337819
:10500000FF2B0DD1737803F00F03022B08D1621927
:1050100092F8303023F01F0343F0100382F8303051
:10502000002FC0D004EB05103230FEF723FBBAE7A7
:105030000027DAE701530100268101002DE9F04144
:105040001F460B4B144605460E460A48B3F900802E
:105050001146FDF783FA0023C4E900376681E56055
:10506000A4F8088021460348BDE8F041FDF740BAA6
:105070009C0F0020A013002010B50A490822044606
:105080000FF020F948B12378FF2B08D1607800F0A9
:105090000F00831E5842584110BD0120FCE700203C
:1050A000FAE700BF2681010008B5044910220FF07D
:1050B00009F9B0FA80F0400908BD00BF468101003F
:1050C000002103F00BBB08B5FFF7C2F828B190F838
:1050D000663013F0010F08BF002008BD044B1868AC
:1050E0004369013301D00EF000BA83685B6818474A
:1050F000F884010038B505685DB195F866301B0786
:1051000007D5FFF721FA00242046FFF787FB044666
:1051100000B938BD23689D42F6D1FFF755FBF3E790
:1051200043074CBFC0F300300120704741F2020337
:1051300083430CBF0120002070472DE9F041069CFD
:10514000064690461F460D46B1B191F8F9310A2B3B
:1051500012D13B4600F1100256F8041B43F8041B21
:105160009642F9D1B5F8FA311B013B830023BB7697
:1051700001273846BDE8F081E4B12046FEF7B6FFCE
:10518000C0B1B4F8643003F00703032B0DD104223F
:1051900021462846FEF716FE41F2883304F1240228
:1051A00044F6C8712046FFF749FF39462046FFF70D
:1051B00053F9DDE73A4629463046FEF71BFA074623
:1051C0000028D5D1D5F82C1111F4805103D04046D8
:1051D000FFF776FFCDE724BB0DB1B5F9FA11022236
:1051E0003046FFF7CDF804460028F0D085B90125F8
:1051F000B8F1000F07D041460320FDF78BFD762163
:10520000404603F06BFA29462046FEF73CFDB0E726
:10521000D5F8C030002BEAD002223146032098474F
:10522000E5E7B4F8643003F00703012B04BF032360
:1052300084F867300025DBE738B5084CFEF7B8FF87
:10524000A16929B10D682046FDF788F92946F8E7DC
:10525000FEF7A6FFBDE83840FEF7B0BFA013002060
:1052600038B5044608B9FCF7C5FC01F0C0FF47F2A9
:105270003053C4F8183104F130000025FEF78AFDE0
:10528000154984F8275184F82851204602F08EFAF7
:105290001249204602F08AFA204611494022FFF7BF
:1052A0006FFED4F82C01FFF73BFF88B14FF47A7101
:1052B000284609F0CDFF04F1E402034644F6C37129
:1052C0002046FFF7BBFE2046BDE8384001F096BF00
:1052D0002046FFF7CFFDF6E7F680010006810100CA
:1052E0002681010038B50D46044608B9FCF782FC5A
:1052F00001F07DFF1E4804F1D401FDF72FF9D4F829
:105300002C01FFF70DFF28B3194804F1E401FDF764
:1053100025F904F132052846FFF7AEFE18B12946FB
:10532000204602F09DFB04F142052846FFF7A4FE4B
:1053300018B12946204602F093FB20460D4902F0A1
:1053400031FB20460C4902F02DFB2046BDE83840D9
:1053500001F054BF064804F1C401FDF7FFF8002D29
:10536000D7D0FD2384F826312046FFF783FDD0E710
:10537000A013002006810100F680010010B504464C
:1053800008B9FCF737FC01F032FF4FF47A73C4F828
:10539000203194F8293143F0010384F829314FF486
:1053A000E163A4F824314FF0FF33C4F81431002333
:1053B00084F82631D4F82C3143F002032046C4F897
:1053C0002C3102F095FD2046BDE8104001F016BFDB
:1053D0002DE9F0470C468CB005460846164699461E
:1053E00001F005FFFEF7E4FE002C40D0B4F9FA11FD
:1053F0002846FFF768FE074600284ED12846FFF7EB
:105400003BFEB846B0B9BA465046FFF707FA8246A7
:1054100078BBB8F1000F6AD098F834305A0766D5D7
:10542000B8F83630DB0762D5D8F80030B3F86480BE
:10543000C8F304182846FFF71FFE00284BD1B8F127
:10544000000F48D0204601F0D9FE404601F0C4FECE
:105450000446FEF7B3FE204601F0C9FEFEF7A8FEA3
:10546000F4B9002E3AD16FF0750700242AE02146E6
:10547000BEE70AF10401284607F0ABFC9AF8353084
:105480009842C1D3B8F1000F05D098F835209A4260
:1054900038BFD046B8E7D046B6E7B0F86480C7E773
:1054A000B4F9FA112846FFF70EFE074600974B465F
:1054B000324621462846FFF740FE002814BF002749
:1054C0006FF07507FEF77AFE204601F097FE38462A
:1054D0000CB0BDE8F087002CC3D0E7E731460320CD
:1054E000FDF718FC7621304603F0F8F8BBE703AA75
:1054F00031462846FFF7E6F9071E2EDB07A8FFF71F
:10550000D3FD58B14FBB07AA05F1100C2868696894
:10551000134603C3083565451A46F7D1BDF82E304A
:105520003CBBBDF92E0001F057FE0446FEF746FED7
:10553000204601F05CFEFEF73BFE3CBB214607A87F
:10554000FFF7C1FD4B4600903246214607A8FFF702
:10555000F4FD40B3ECB9FCF74DFB3EB13146002001
:10556000FDF7D8FB7221304603F0B8F86FF07107F1
:10557000A8E7B4F9FA219A4208D0204601F03EFE8D
:10558000B4F9FA21BDF82E309A42CAD1B4F9FA1111
:10559000D5E7D4F8C030002B94D09DF82C2003A977
:1055A000022098478EE76FF075078BE72DE9F04FE3
:1055B0008B468BB015469946044608B9FCF71AFB92
:1055C00001F015FEFEF7F4FD2B78853B032B46D842
:1055D000DFE813F00400990067027003D4F82C315F
:1055E00098073CD59BF80730FF2B38D16B78B3BBBD
:1055F000B9F1070F33D9A9F1080A05F108070BF132
:105600000803B846564602938EBB0BF10808404685
:10561000FFF74AFD40B9BAF1000F3ED1B4F9FA11D3
:105620004046FFF750FD0646D4F82C3113F4805065
:105630005FD14FF4FA7109F00BFE44F6C6710546CE
:105640002046FFF7F7FA854209D8002E38D02B46BE
:1056500006F1440244F6C5713046FFF7EFFCFEF751
:10566000ADFD20460BB0BDE8F04F01F0C7BDB14520
:10567000F5D398F80130002BF1D098F80020012ADA
:1056800006D102980393FFF70FFD039B0028E6D194
:10569000A6EBC30608EBC308B6E73B78012B09D19C
:1056A000D4F82C31D90405D43B462A465946204625
:1056B000FEF7A2FB7B78AAEBC30A07EBC307AAE7B6
:1056C000FFF70CFDD4F81431A74A93420AD940F6EB
:1056D000B73398420AD92B4604F1C40244F6C67186
:1056E0002046BAE7A0F6B8308342F4D205F6B835C2
:1056F000F1E703F00603062BB1D100224146204614
:10570000FFF76BFBABE70BF1080318460493FFF7B9
:10571000B3FC0028A3D09BF80730FF2B9FD16B78F8
:10572000002B9CD1B9F10F0F99D9D4F82C01C204E8
:1057300006D4EB885BBA9BB242F2283293428ED8F1
:10574000A9F1100305F110060393A9F110023346E5
:105750004FF00008002A40F08B80B8F1000F00F0F5
:105760009E804046FEF7AAF800283FF478AFB8F8CC
:105770000670BBB2002B00F08F807FBABFB24EF62E
:1057800060235F438046B5F80690B4F9FA11049897
:105790001FFA89F3002B00F08A80FEF7A7FE029023
:1057A00000283FF45CAF99FA99F94FF47A731FFA25
:1057B00089F903FB09F902464B46043244F6CD71E0
:1057C000FFF73CFC4F4528BF4F462B790BB184F8BF
:1057D000F831AB689BB193FA83F9D4F81831994545
:1057E0000DD02046614B04F1D40244F6CE71FFF790
:1057F00025FCC4F8189104F13000FEF7CBFAEB68F1
:1058000013B11BBAC4F82031029BABB1D4F82C31D0
:10581000DB0411D594F8303013F0EF0F03D004F10E
:105820003200FDF727FF94F8313013F0EF0F03D06B
:1058300004F14200FDF71EFF039B002B3FD1029BAA
:10584000002B3FF40CAF04F1E40549482946FCF76E
:1058500085FED4F82C31DA047FF501AF2046FFF73E
:105860006DFBBB0803EB43032A4644F6C37137E7DD
:105870009145FFF4F4AE597800293FF4F0AE1F785B
:10588000232F04D1B8F1000F7FF4E9AE9846A2EBC4
:10589000C10203EBC1035DE742F210776FE7FFF748
:1058A00045FC00287FF4DBAE4FF0FF376BE7FEF7D7
:1058B00083FE08B1FFF71EFC0023029385E73378CF
:1058C000052B20D00BD8012B16D0032B43D0737897
:1058D000039AA2EBC302039206EBC306ACE7182BB4
:1058E0001FD0222BF3D1424631462846FEF734F82A
:1058F000874228BF0746EAE733462A4659462046EC
:10590000FEF77AFAE3E77378012BE0D12B78862B48
:10591000DDD173681BBAB3F5A06FD8D3A4F82A31D0
:10592000D5E706F108094846FFF7A6FB0028CED1C7
:105930007268B1781AB9484600F01EFCC7E7B2F1A8
:10594000FF3F18BF10BAB4F9FA31049A00904846E4
:1059500000F09CFBBBE77378042B0BD04FF0FF33B8
:105960009F4228BF1F46B2E747F4FFFF00DD6D00EE
:10597000A01300202B78862BF0D106F1100A504698
:10598000FFF77AFB0028E9D173680693B2680792A3
:105990001BBA92FA82F94B45E0D3D4F82C11F27875
:1059A000C80401D51106D9D4520606D5B27805939C
:1059B00051462046FFF7E4FA059BF2783F2A0AD8C1
:1059C000D4F82C010593FFF7B1FB0028C6D0059B46
:1059D000B8F1000FC2D0B27805927268E2B9914670
:1059E00013E099F8343058070FD599F83530059AF7
:1059F00093420AD1514609F1040007F0EAF9059BE8
:105A0000984202D34846FEF7D7FF4846FEF706FF06
:105A100081460028E5D1A1E7069A013207D0A34AC2
:105A200093429ABF4FF47A7253436FF00103079A7F
:105A3000013208D09D4A91459ABF4FF47A7202FB19
:105A400009F96FF00109CDF800905146059AB4F9B3
:105A5000FA010693FFF792F8824600283FF47EAFE2
:105A6000069BB8F1000F05D0014640460593FFF7AD
:105A70002FF8059B96F90320F178002ABEBFBAF8EB
:105A8000362042F00102AAF83620490642BFBAF891
:105A9000362042F00202AAF836204B4528BF4B467A
:105AA0005EE79BF80730FF2B7FF4D9AD6B78002BB6
:105AB0007FF4D5ADB9F1170F7FF6D1AD2B7AFF2B5F
:105AC0003FF4CDAD0BF108063046FFF7EDFA40B1DB
:105AD00077490D220BF118000EF0F4FB00287FF43B
:105AE000BEAD05F108084146204601F025FD031E24
:105AF0000393FFF6B4ADA9F1180305F1180702935B
:105B00003A469A46BAF1000F0CD13046FFF7CCFA6C
:105B1000A0B1CDF800A0534632462146404600F0E1
:105B200097FF9CE5D145FFF49AAD517800293FF4E9
:105B300096ADAAEBC10A02EBC102E3E7D4F82C212F
:105B4000D30705D4B4F9FA1103223046FEF718FC46
:105B50004FF0000AD146029B1BBBBAF1000F3CD0AC
:105B6000B9F1000F42D02A46CDF80090534659466D
:105B70002046FDF7C3FF054600283FF470AD039FA4
:105B8000274497F83030980640F18780B4F9FA112D
:105B90004046FFF798FA074650BB2846FFF790FAB1
:105BA0005DE53A78012A0AD0212A08BFBA467A78F8
:105BB000029BA3EBC203029307EBC207CBE7D4F827
:105BC0002C01FFF7B3FA30B93B462A465946204626
:105BD000FEF712F9EBE7B946E9E7B9F1000F05D096
:105BE0004B462A4659462046FEF706F90025C6E7E9
:105BF000D4F82C3113F0020F9BF8183014BF4FF07B
:105C0000C0094FF04009FF2B26D194F854A104F5A8
:105C1000A671524608A80EF0F6FBBAF1000F17D095
:105C20002A46514608A800F060FE0028B5D0054677
:105C300040462A46494600F0DBFD80460028ACD0AD
:105C400032460021FDF79AFC064640B94046A5E7DA
:105C500049F020092846EAE749F02009E8E74368C7
:105C6000FF22DA7100231A461946184602F0B0F9ED
:105C7000054608B9304691E74368B4F8FA215A80DE
:105C80004FF47A710660002009F0E2FA07F134025D
:105C9000034644F6C2712846DFE49BF818300095AD
:105CA000A3F1FF014B424B4136E700BF378941006A
:105CB000168101009BF80730FF2B7FF4D0AC6B7886
:105CC000002B7FF4CCACB9F1170F7FF6C8AC2B7A60
:105CD000FF2B3FF4C4AC9BF81830FF2B03D12B797A
:105CE0005A063FF5BCACA9F1180A05F1180843465D
:105CF000574637BBB4F9FA1105F10800FFF7E3F98D
:105D0000064600283FF4ABACBAF1000F25D167B9C5
:105D10002B795B0609D5B6F8643003F00703022B34
:105D200003D031462046FEF709F9D4F82C3113F0A0
:105D300001037FF494AC2A4631462046FEF710F961
:105D40008DE4B945FFF48BAC5A78002A3FF487AC58
:105D5000A7EBC20703EBC203CBE798F80030022B96
:105D600008D0212B0ED098F80130AAEBC30A08EB1B
:105D7000C308C9E743462A4631462046FEF7F0F8F5
:105D80000127F0E7CDE9008643462A4659462046DA
:105D9000FDF7E0FCE7E700BF38B50D46044601F02B
:105DA00026FA3DB12046FFF7C9F82046BDE8384045
:105DB00001F024BA4FF47A71284609F049FAFD231C
:105DC00084F82631D4F82C3123F004030546C4F8B6
:105DD0002C312046FFF74EF82B4604F1E40244F63E
:105DE000C3712046FFF72AF9DFE7000038B5044603
:105DF00001F0FDF9D4F82C01FFF792F938B344F61D
:105E0000C3712046FEF716FFD4F82C31DA0423D5EF
:105E100094F82731022B42F210750AD9033B4FF454
:105E20007A6202FA03F31D444EF660239D4228BFB6
:105E30001D46A8420BD91149204600F095FE94F862
:105E40002731092B0BD9D4F82C31DB040DD4204693
:105E5000BDE8384001F0D2B94FF47A65E9E7013383
:105E6000DBB2022B84F82731EDD82B4604F1E40293
:105E700044F6C3712046FFF7E1F8E8E7F680010039
:105E8000F8B50D460446FEF793F9A5F59F41403954
:105E900010290DD8DFE801F0090918260C2A2E1068
:105EA00010410C454993149732002046FEF7F1F853
:105EB000BDE8F840FEF782B92046FEF721F8F7E783
:105EC0002046FDF767FFF3E74149234640F20222EF
:105ED000022000F045FF0028EAD10921204602F007
:105EE000FDFBE5E72046FFF781FFE1E72046FEF7EF
:105EF000A4FFDDE72046FEF7BDFFD9E7354804F1F2
:105F00002401FCF72BFB94F8343023F0100384F8C1
:105F100034302046FEF758FCCAE72046FEF7F2F977
:105F2000C6E72046FEF79CFDC2E72368B3F864008D
:105F3000C0F3041001F050F905460028B8D0FFF76F
:105F4000CDF80646284601F052F9A36B9E4206D3CF
:105F50002046FEF731FD284601F050F9A8E7E36B33
:105F60009E42F8D3271D394605F1320006F031FF75
:105F700094F8353083429FBF95F8303023F01F03EB
:105F800043F0080385F83030394605F1420006F049
:105F900020FF94F8353083429FBF95F8313023F0CD
:105FA0001F0343F0080385F83130A36B04F114029A
:105FB0009B1B44F6CC712046FFF740F8CBE7204608
:105FC000FFF798F874E72046FDF754FB70E700BF31
:105FD0000000FFFFA013002070B5046806460D46C0
:105FE000FEF7E6F82046FEF7B1FD044698B10D49EC
:105FF00010220EF067F90028F4D023462A4604F157
:10600000100153F8040B42F8040B8B42F9D12369B9
:106010002B6163696B61FEF7D1F8201E346018BFF5
:10602000012070BD4681010070B58AB0044601466A
:106030002822684606F0B4FF0C4B054618684369F1
:106040000133D4E904640DD00DF04FFA241A32461E
:10605000294607484EF66023B4FBF3F30EF0BAF876
:106060000AB070BD83685B689847EFE7F884010069
:106070008053010008B5044910220EF023F9B0FA4C
:1060800080F0400908BD00BF468101002DE9F843BA
:10609000089D894614461F46804688B181B1FFF7A6
:1060A000E9FF0646304B9D429ABF4FF47A735D4339
:1060B0004FF0FF350FB12EB10CBB6FF0150412E09D
:1060C0000126EFE7FEF774F84B46802B204628BFE9
:1060D000802342463946FEF7F1FA044630B96FF0A4
:1060E0000B04FEF76BF82046BDE8F88390F83430D7
:1060F00043F0100380F834301DBB0024F1E7FEF7B5
:1061000057F820463946FEF7F1F904460028E6D054
:10611000164B1860002DF0D0154B061D3146154862
:10612000B3F90070FCF71AFA0023C4E9013544F60C
:10613000CD73E3812461A78131460E48FCF7D8F97D
:10614000DBE70B4B00F1240739460A48B3F900801E
:10615000FCF704FA44F6D073C4E90965E3852463C7
:10616000A4F82C803946E8E737894100B8170020A9
:106170009C0F0020A013002070B505460E46FEF7C8
:1061800017F82DB126B12846FFF774FF044640B139
:10619000FEF734FA08B1FEF7D7F9BDE87040FEF714
:1061A0000DB82046FEF73AFB04460028F5D094F8D7
:1061B0003530B342F5D12946201D06F00AFEB04223
:1061C000EFD3074804F12401FCF7C8F994F8343000
:1061D00023F0100384F834302046FEF7F5FADCE7AC
:1061E000A01300202DE9F04106460F4698461546BB
:1061F00002B10BB9FBF7FEFC106838B92C682046D9
:10620000FEF70CFB0446F0B9286003E0FEF71AFB2A
:106210000028F3D12C682046FEF7B8F9044670B187
:1062200020680028F7D02FB1B0F86430C3F304130E
:106230009F42F0D156BB41462046FEF70BFA201E86
:1062400018BF012018E094F83430002BD2D0206819
:106250000028D4D0042B02D1E38EDB07CFD52FB199
:10626000B0F86430C3F304139F42C8D13EB920464E
:106270004146FEF7F5FA01202C60BDE8F081314679
:10628000043006F090FD0028F1D1B8E73146043023
:1062900006F089FD0028BED0CDE7000030B590F8AB
:1062A00020308BB0044613B1FFF7E4FEF8B194F848
:1062B0002110154B154A1648002918BF1A461146D9
:1062C0000DF088FF04F110052846FFF7D3FE40B912
:1062D00029462822684606F063FE01460D480DF067
:1062E00079FF618C0C480DF075FF0BB030BD214675
:1062F0002822684606F054FE94F8202001460748FC
:106300000DF068FFDEE700BF985301003D57010024
:106310009A530100AC530100B4530100A55301008E
:10632000F8B50F4616461D46044608B9FBF762FC51
:10633000082BFBD84B1E1F2BF8D8FDF739FF204642
:1063400000223946FEF71CF8044620B9FDF736FF57
:106350006FF00B00F8BD2EB125B12A4631461C3036
:106360000EF051F8B4F8643084F8685023F4C06338
:1063700023F0070343F4C063A4F86430FDF71EFF65
:106380000020E7E770B505460E46FDF711FF002433
:106390002046FDF749FF044670B1B4F86430C3F3FA
:1063A00004139E42F4D1211D284606F0FCFC00286F
:1063B000EED02046FDF7A6FFBDE87040FDF7FEBE1B
:1063C00038B50546FDF7F4FE00242046FDF72CFF06
:1063D000044680B194F86630DA07F6D5211D2846C8
:1063E00006F0E1FC0028F0D0B4F864305B0702D07E
:1063F0002046FDF759FFBDE83840FDF7DFBEF8B590
:106400000C6806460D461746FDF7D2FE2046FDF7FE
:106410000BFF044670B194F86630DB07F6D52EB159
:10642000B4F86430C3F304139E42EFD139462046DA
:10643000FEF712F82C60FDF7C1FE2868003818BF7F
:106440000120F8BD10B58AB00146044628226846EE
:1064500006F0A6FD014619480DF0BCFE238B13F48F
:10646000F87FC3F3041102D015480DF0B3FEA17EEE
:106470006A4604F1100006F03AFF014611480DF09B
:10648000A9FE238B1B0702D50F480DF0A3FE238B1B
:106490000E4A0F4803F0070352F823100DF09AFE3E
:1064A000238B0C4A0A48C3F3412352F823100DF002
:1064B00091FE09480DF0FEFE0AB010BD9969010079
:1064C000BD530100C6530100D1530100B08001004B
:1064D000D96A0100A08001003D5701002DE9F04379
:1064E00087B00C46074616460021102202A8DDF8A8
:1064F00038901D460DF0F6FE0CB9FBF77BFB802EA5
:10650000B04628BF4FF080085FFA88F2214602A803
:1065100006F07EFC2749102202A80DF0D3FE0028C9
:1065200044D02549082220460DF0CCFE00283DD05D
:106530002378FF2B3AD0A94538D8FDF739FE2B46F2
:10654000CDF80090424621463846FEF717FB054637
:1065500030B9FDF733FE6FF00B0007B0BDE8F083F4
:1065600038B200F039FE044618B9FDF727FE0020C6
:10657000F3E700F03CFED4F82C31DA045EBFEB8E7A
:1065800043F00103EB8694F82931DB0705D57F2E14
:106590009EBFEB8E43F00203EB86204600F02EFEFA
:1065A000FDF70CFE2046FEF765FCE0E76FF01500F6
:1065B000D3E700BF4681010026810100F8B50546FA
:1065C00017460E4609B9FBF715FBFDF7F1FD002450
:1065D0002046FEF723F9044610B32368002BF2D0BF
:1065E00094F83520BA42F3D12DB1B3F86430C3F337
:1065F00004139D42ECD1211D304606F0EAFBB8425F
:10660000E6D328B200F0E8FD38B1D0F82C315B07B2
:1066100003D505492246FEF79CFC2046FEF7CCF93F
:10662000BDE8F840FDF7CABD068101002DE9F04143
:106630000C6807460E461546FDF7BAFD2046FEF7E4
:10664000EDF8044630B3D4F80080B8F1000FF5D06F
:1066500094F834305B07F1D52FB1B8F86430C3F348
:1066600004139F42EAD194F835302B741022002194
:1066700028460DF037FE94F83520211D284606F0F7
:10668000C7FBB8F86430C3F304136B82A36B6B6170
:10669000E36BAB61FDF792FD201E346018BF012053
:1066A000BDE8F08130B58FB0054610220021684664
:1066B0000DF018FE1E4B18684369013334D00CF0FE
:1066C00014FF2A7C29460446684606F0A1FB2822CE
:1066D000694604A806F064FC2A7C014615480DF0C2
:1066E00079FD698A14480DF075FD69694A1C07D067
:1066F000091B4FF47A731148B1FBF3F10DF06AFDF9
:10670000A9694B1C0BD0A14284BF091B4FF47A73BB
:106710000B488CBFB1FBF3F100210DF05BFD094884
:106720000DF0C8FD0FB030BD83685B689847C8E7BF
:10673000F8840100A5530100BD530100205401005D
:10674000315401003D57010010B50A4908220446A2
:106750000DF0B8FD48B12378FF2B08D1607800F028
:106760000F00831E5842584110BD0120FCE7002055
:10677000FAE700BF2681010038B504461846FCF749
:10678000FDFE054668B14368FF22DA7100231A4610
:106790001946184601F01CFC28B92946284601F084
:1067A000C7FF002038BD43680CB1B4F9FA415C80E2
:1067B0000560F7E710B50446084614B12378FF2BAF
:1067C00001D1FBF717FA182300228721FCF77AF88A
:1067D00068B14368216800221A715A719A71DA719E
:1067E0006268DA609960A168E2685A61196110BD57
:1067F00038B504460D46104614B12378FF2B01D15D
:10680000FBF7F8F9182300228821FCF75BF878B130
:106810004368002225F01F051D71DA719A715A71C3
:1068200021686268DA609960A168E2685A6119615A
:1068300038BD08B5002208238521FCF743F828B1AC
:10684000436800221A715A719A71DA7108BD2DE9F4
:10685000F04180460F4616461D4607981023002239
:106860008621FCF72FF860B1069B446827F03F07AC
:1068700076BA2DBA1BBA84F804806771E680A560E9
:10688000E360BDE8F08110B5002304461046CA1D40
:1068900002F0F802194602F07BF820B14268147049
:1068A0008368DB08537010BD70B506460D46184668
:1068B0000231FFF7E8FF044658B1436882680233AB
:1068C000023A002118460DF00DFD2A4631460DF022
:1068D0009AFD204670BD10B500B109B9FBF78AF9E1
:1068E000BDE810400123FFF7DFBF10B500B109B9C3
:1068F000FBF780F9BDE810400223FFF7D5BF2DE973
:10690000F047884692469946074608B9FBF772F960
:10691000FFF71AFF05460028F8D13B78FF2BF5D08A
:10692000B8F1800FF2D8099A20210320FFF7ABFFBE
:106930000646F0B19DF82030446823F03F039AFAF0
:106940008AFA99FA89F984F80280E370C4F804A0FD
:10695000C4F8089025736573A573E573103410228D
:10696000294620460DF0BEFC42463946204606F038
:106970004FFA3046BDE8F08710B50A4604460821B4
:106980000520FFF780FF28B14368002224BA9A70DF
:10699000DA705C6010BD00002DE9F7430A9D0C46DB
:1069A00016469846074610B10378FF2B01D1FBF736
:1069B00021F90029FBD0B8F1000FF8D0084600F00B
:1069C00016FC36B932463946204600F0DCFD064654
:1069D000B8B11D49102230460DF074FC88B194F80E
:1069E000549104F5A6714A4668460DF00CFDB9F1C4
:1069F000000F06D02A4649466846FFF76CFFE8B10B
:106A0000054638462946FFF7D5FE0746B0B103468E
:106A1000424631462046FFF7AFFE054668B10346C1
:106A20000A4940F20222022000F09AF930B12046D1
:106A300000F0E4FB03B0BDE8F0833D4600212846AA
:106A400001F04CFEF3E700BF468101000000FFFFAC
:106A50002DE9F04786B00C460E9E15469A468046B4
:106A600010B10378FF2B01D1FBF7C4F80029FBD04C
:106A7000002AF9D0084600F0BAFB4146204600F053
:106A80005BFDB0F1000964DBD4F82C71334907F0E9
:106A90000607BA1F5742574128461022FF010DF042
:106AA00011FC28BB2E4B02AD03F1100C186859687D
:106AB0002A4603C2083363451546F7D194F854516A
:106AC00004F5A6712A4668460DF09DFC002D3DD0C8
:106AD000324629466846FFF708FF002839D0A1440E
:106AE00099F830309B0601D447F02007064610E0A5
:106AF0002A4602F1100C02AD106851682B4603C300
:106B0000083262451D46F7D147F04007BAF1000F41
:106B1000D4D1324639464046FFF76AFE0546C0B139
:106B2000034602AA00212046FFF726FE064678B15A
:106B300003460C4940F20222022000F011F940B154
:106B4000204600F05BFB06B0BDE8F0873046CDE79D
:106B50002E460021304601F0C1FDF1E746810100DB
:106B6000068101000000FFFF2DE9F3410E460546B6
:106B700008B9FBF73FF8214B002908BF1E4600F07B
:106B800036FB00223146284600F0FDFC8046A0B1CD
:106B900095F8544105F5A671224668460DF033FC80
:106BA00064B1214600226846FFF795FE044628B9E5
:106BB0000021204601F092FD17E004462046FFF731
:106BC00038FE07460028F3D00346324641462846A1
:106BD000FFF7D2FD044670B10346094940F2022294
:106BE000022000F0BDF80028E2D0284602B0BDE83F
:106BF000F04100F003BB3C46DAE700BFF68001003D
:106C00000000FFFF2DE9F043044685B099463B4B59
:106C10000C9D002A14BF904698460E4600F0E7FAF5
:106C2000D4F82C311B0707D5B4F82A012946FFF701
:106C3000A3FE00285DD005463EB90122414620460C
:106C400000F0A1FC0646002853D094F8547104F5D6
:106C5000A6713A4602A80DF0D6FB3FB12A46394646
:106C600002A8FFF738FE002843D00546D4F82C715F
:106C700017F0100018BF94F8F80117F0200305D0A2
:106C8000D4F818311E4A934228BF134617F0400C1F
:106C900018BFD4F820C1B9F1000F27D1B4F82421CE
:106CA00094F8291111F0020104D017F0800F14BFDD
:106CB000C0218021CDE900C5FFF7C9FD0746C0B15D
:106CC0000346424631462046FFF756FD054678B159
:106CD00003460C4940F20222022000F041F840B184
:106CE000204605B0BDE8F04300F088BA0022D7E79F
:106CF0003D460021284601F0F1FCF1E70681010044
:106D000080EE36000000FFFF00B589B006930A9BB5
:106D1000ADF81C30BDF82C308DF81410ADF81620ED
:106D2000ADF80630024605AB03A901A80293FAF7B5
:106D30002BFCBDF80E2040F205239A4201D0FAF751
:106D400059FF049809B05DF804FB07B501910146AD
:106D50006846ADF80220FAF7FBFB03B05DF804FBD0
:106D60002DE9F04104460F4690461E4601F0E6FB31
:106D70003946204601F081FC054648B13946204697
:106D800001F076FC691E0446304601F075FD24B919
:106D900001F0EEFB2846BDE8F081B4F90800424658
:106DA0003146FFF7D2FF002803DC0521304601F011
:106DB00095FC204601F073FC0446E8E710B50C464C
:106DC000B0F8FA112046FBF765FC0022225410BDF2
:106DD00013B54FF40174B0F9FA010194049C0094C6
:106DE000FFF792FF02B010BD13B540F20324B0F9D3
:106DF000FA010194049C0094FFF786FF02B010BDD5
:106E00001FB500240394ADF80C30436801941B694E
:106E10008DF80410029201A9984704B010BDA0F5A6
:106E20009C70806803681B691847000008B5044916
:106E300010220DF047FAB0FA80F0400908BD00BFFB
:106E40004681010010B50A49082204460DF03AFABD
:106E500048B12378FF2B08D1607800F00F00831E23
:106E60005842584110BD0120FCE70020FAE700BF5E
:106E70002681010070B58568044600F0FFFF2B688D
:106E800001465E6904F5A67208232846B04710F152
:106E9000860F08D0D4F82C31002843F00103C4F841
:106EA0002C3106DC70BD94F85431002BFAD0FAF77F
:106EB000A1FE84F85401F5E7F8B5044608460E46ED
:106EC0001546FFF7B3FF98B95DB104F152050527E8
:106ED0000024314605EB041005F065FF28B120467B
:106EE000F8BD04F132050227F2E70134A742F0D1E0
:106EF0004FF0FF30F4E7000070B506460D4662B172
:106F000001F0C2FA04467CB108480DF0D3F92846D6
:106F10000C21BDE8704001F0E1BB01F079FA0446B4
:106F2000304601F093FAEEE770BD00BF4554010012
:106F3000F8B590F8305006460F46A5B1323005F04E
:106F400048FFB0FA80F464090546644296F831308F
:106F50003BB1394606F1420005F03BFF854238BFA0
:106F600001242046F8BD4FF0FF34EFE70378FF2BF4
:106F700010B5044603D1407800F00F0010BDFFF7B4
:106F800061FF60B9208840BA20F03F000004000C87
:106F90004FF6C06398420CBF05200E20EEE702209A
:106FA000ECE70000D0F8483170B504460D461646AF
:106FB0001BB1BDE87040FFF79FBF7AB908B9FAF777
:106FC00019FED0F85C314BB100F032F8294620466A
:106FD00001F01EFA48B315480DF06CF963682946B4
:106FE0005B6820469847011E15D007DB636A0B4497
:106FF00063620021284601F071FB07E011F1100FD8
:1070000007D1324629462046FFF776FF35B12D6875
:10701000FCE74942EEE7C4F84851F7E72EB1D4F84F
:107020002C3143F40033C4F82C3170BD7954010085
:1070300010B5044608B9FAF7DDFDD0F85C317BB134
:107040001A685968C0F85C2100221A605A6039B188
:107050000122FFF7A7FF2046BDE8104001F0F6B976
:1070600010BD000037B5846841B904F59C7104F582
:10707000987003B0BDE83040FBF7CAB9042902D1CB
:1070800004F5A071F3E7052905D006290DD00229E2
:107090000DD003B030BD134BCDE90034124B684620
:1070A000B3F90010FAF73EFAF3E7104BF4E7636820
:1070B00020469B68984705462046FFF7B9FF002DFC
:1070C000E7D00B4995F90C002B4640F20122FFF75F
:1070D00047FE01460028DCD1284603B0BDE8304019
:1070E00001F0FCBA0000D44F9C0F00200000D54FE7
:1070F0000000FFFF38B5A0F5A0740021A068036868
:107100005B689847D4F82C210346002122F400350F
:10711000002BD4F84801C4F82C51C4F8481106DB00
:10712000626A1A446262BDE8384001F0D7BA13F1CE
:10713000100F07D10146C2F340422046BDE8384057
:10714000FFF7DABE5942EEE7F0B589B01E46876810
:107150000023C0E90333109B43600C4615460FB172
:10716000FAF748FD0F9B8360CDE90507012106A8CA
:10717000FAF780FA0E9B029305AB0193084B00933C
:1071800032463B4629462046FAF722FC0028E7DD36
:10719000012106A8FAF76EFA079809B0F0BD00BF02
:1071A0000D72000090F8F9310B2B9DBF4FF4376042
:1071B000D84000F001000020704706F019BC10B55F
:1071C00000242046FFF7F9FF08B9204610BD4368A8
:1071D000002BF7D00134F5E710B504460020FFF787
:1071E000ECFF18B1B0F9FA31A342F8D110BD20B1CB
:1071F000436813B10C30FAF77BBD704720B1436888
:1072000013B10C30FAF778BD704700002DE9FF414B
:107210000468DFF820810546002640F20523204659
:10722000CDE90066ADF80230FFF7E1FFB8F80030B5
:10723000A4F8FA313B4BC4F83C313B4BC4F8443121
:107240003A4B1B68C4F83431102104F5BC70C4F803
:107250003061FAF7FFF9636820461B689847A86019
:10726000281DFAF73DFAAA68B24204F598774FDB79
:1072700031461C2204F114000DF034F82046FFF7CB
:10728000BDFF41F233263846FBF7E2F805460028F9
:1072900039D102A8FAF7C4F9002804DC48F2010049
:1072A000FAF75EFCEFE7BDF80A30B3F5017F27D0AF
:1072B0000FD840F20222934211D040F203229342AF
:1072C00013D063685B69002BDDD002A92046984784
:1072D000D9E7B342F5D12046FFF7AAFED3E70399D9
:1072E0002A462046FFF75EFECDE763681B690399D7
:1072F000204698476946019002A8FAF76BF9C2E761
:107300006368DB68F3E74368002BBCD09847BAE7B3
:10731000B8F80010064809B20CF05CFF304604B023
:10732000BDE8F0811F6E0000F5700000E00800204D
:10733000B15401006C0900202DE9F8430E460546C2
:10734000FFF755FF33783489112B0CD8062B11D950
:10735000073B0A2B0ED8DFE803F021B5540D7C95CE
:107360000DD3DD0DC700402B0DD0412B00F0DB808D
:107370002C2B1AD0A8687268036831785C6933894D
:10738000A047044629E0012C01D0FAF733FC284637
:10739000FFF708FF7368187001241EE0012CF4D178
:1073A000736895F8F8211A70F6E77388012B1AD0E4
:1073B000022BDFD11C2CE8D1EFF3108172B672687A
:1073C00005F1A40305F1C00053F8044B42F8044B47
:1073D0008342F9D181F310881C242846FFF70EFF61
:1073E0002046BDE8F8831C2CCFD1726805F1140348
:1073F00005F1300153F8040B42F8040B8B42F9D12C
:10740000EAE70F2CC1D995F8304073688CB105F1CB
:107410003202194605F1420052F8044B41F8044B80
:107420008242F9D13289102A03F110034FF010047F
:10743000D3D995F83120002ACFD005F1420205F1C9
:10744000520152F8040B43F8040B8A42F9D110346C
:10745000C3E7002C99D0726805F12F0305F13100C4
:1074600000243189A142B8DD984203D114F1860F7E
:1074700080D0B2E713F8011F0029F2D002F8011BF7
:107480000134EEE70F2C80D9D6F8048005F15207BD
:1074900005F1A20900243389A3429EDDB9459CD0A1
:1074A0003846FFF7C3FC07F1100348B9424657F8C6
:1074B000041B42F8041B9F42F9D1103408F1100854
:1074C0001F46E8E7072C7FF660AFD5F82C217368DC
:1074D000D2077FF54FAF95F8542105F5A6712846E0
:1074E00000F066FD0446C1E77388022B7FF442AFCB
:1074F000022C7FF44AAF7368B5F82A211A806CE732
:10750000012C7FF442AF95F82C317268C3F340032D
:10751000137041E7012C7FF438AF95F82C31726875
:10752000C3F38003F4E7012C7FF42FAFD5F82C319F
:107530007268C3F30023EBE738B50D46044600B18B
:1075400009B9FAF757FBFFF752FE294600222046F9
:10755000FFF7B2FC05462046FFF750FE284638BD2F
:1075600038B50D46044600B109B9FAF743FBFFF7F9
:107570003EFE29462046FFF7DBFC05462046FFF786
:107580003DFE284638BD2DE9F04F8FB017460191DA
:10759000054600B109B9FAF72DFBFFF728FE95F86B
:1075A0003060002E45D016F0070441D1002F43D0A3
:1075B00005F13200FFF746FC0646002839D0802648
:1075C00095F83130002B40D05A073ED1002F36D1EC
:1075D000631C5C4246F040065C4100270198ADF810
:1075E0001470FFF7C3FC05F132084FF0FF3102467B
:1075F00005ABC3460091BA468AF00701012000FAA4
:1076000001F131423ED001995846CDE90223D946D5
:1076100005F0C9FB002875D15846FFF7A7FC029A70
:10762000039B8242197815D111440F31C9B216E07B
:1076300000264FF0FF34C3E780263C46C0E705F143
:107640004200FFF7FFFB0028C2D1002CC5D04FF04D
:1076500000095EE064D20F31101A0844C1B205F18E
:107660003000197010F80A0000F01F0008281EBF33
:107670000131C9B21970B942009888BF50460090D4
:1076800088BF0F460AF10101022903F101030BF142
:10769000100B4FF0010AAFD14FF000094E4605AB79
:1076A0009B5DBB4220D10199404605F092FB0290C0
:1076B00082464046FFF7C6FB00283CD10690834631
:1076C000B5F9FA0107AA06A9FEF7B0FF50BBBBF156
:1076D000000F04D0029B5B4528BF5B469A46D1450C
:1076E0003CBF5FFA8AF90096731C022B08F1100860
:1076F0004FF00106D3D1009B002B06DB05EB0313F3
:1077000003F13209B9F1000F03D105EB041404F1C0
:1077100032092846FFF772FD48460FB0BDE8F08FEA
:10772000014483E7414607A805F053FB584588BF4D
:107730009DF82CB0C4E74FF0400BCBE738B50546B9
:1077400000242046FFF739FD044660B10022294697
:10775000FFF7B2FB013006D1012229462046FFF790
:10776000ABFB0130EDD0204638BDF8B5002506460C
:107770002F462C462046FFF720FD044608B9384620
:10778000F8BD0EB9FAF736FA3146FFF7D1FB431CC4
:1077900007D004EB00103146323005F01AFB854269
:1077A00002D328460546E5E72746FBE72DE9F341E6
:1077B00005466A4690F8F9010E4605F095FD044627
:1077C0002846FFF714FD002C21DDA3B26A466E2186
:1077D0002846FFF715FB10F1860F044611D105F17D
:1077E000520800274FF0FF343146404605F0DBFADF
:1077F00088B12846FFF702FD3C46204602B0BDE8AE
:10780000F0810028EBDA2846FFF7F8FCF5E714F1E1
:10781000860FE4D0F7E7621C05D14046FFF706FB70
:10782000002818BF3C460137052F08F11008DBD1AE
:10783000631C05D12846FFF7E1FC6FF00B04DCE781
:1078400005EB04133146523306F1100251F8040BD4
:1078500043F8040B9142F9D1D5E700002DE9F04738
:107860000D468EB091469846044600B109B9FAF724
:10787000C1F90B78FF2BFAD00846FFF7D7FA00289A
:10788000F5D14749102228460CF01CFD0028EED007
:1078900009F1FF337F2BEAD82046FFF7A8FC08F058
:1078A0001F03072B08BF08F0F808294604F132002F
:1078B00008BF48F0010805F076FAB0B9294604F18E
:1078C000420094F8306005F06EFA074690B99EB118
:1078D00094F83130002B55D02046FFF78FFC6FF025
:1078E0000B0630460EB0BDE8F08700262046FFF7B5
:1078F00085FCF6E70126F9E7824640F2FF220023E5
:10790000CDE903234FF080730593FF238DF81830E2
:107910006B7B8DF8193003A9EB89ADF81A3020463E
:10792000FFF744FF061EE1DB04EB0A0104EB0A1338
:1079300081F830802A46323305F1100052F8046B8A
:1079400043F8046B8242F9D191F8303003F01F0301
:10795000102B12D100230293B4F9FA0107AA02A94D
:10796000FEF764FE88B947B94FF0FF330093B4F9CE
:10797000FA014A462946FEF7B1FD2046FFF73EFCD4
:107980005646AEE74FF0010AB7E7294607A805F0CB
:1079900020FA484528BF47F00107FFB2DCE700BFE7
:1079A000368101002DE9FF478A46044600B109B936
:1079B000FAF720F990F8F9016A4605F095FC051EE2
:1079C00002DA15F1860F2FD12046FFF710FC0027B1
:1079D00004F15208B9464FF0FF36002D13DD404642
:1079E000FFF724FA78B994F8F90102AA414605F0A4
:1079F0007BFC854207D12A46694602A80CF062FC4E
:107A000008B909F101094046514605F0CCF90028B2
:107A100018BF3E460137052F08F11008DDD1731C51
:107A200005D12046FFF7EAFB04B0BDE8F08715F169
:107A3000860F02D0B9F1000FBAD0B9F1010F05D10C
:107A4000ABB26A466F212046FFF7DAF904EB061065
:107A50001022002152300CF045FCE2E7000000004B
:107A60002DE9F04F2DED028B0E4689B0044600B192
:107A700009B9FAF7BFF89FED268B4B7B8DF80D30D7
:107A80004FF08079CB89CDF808904FF0FF0A8DED4B
:107A9000008B8DF80CA0ADF80E30FFF7A8FB04F1B9
:107AA000320504F1300804F1520B01273146284613
:107AB00005F079F9C0B1002188F80010102228469D
:107AC0000CF010FC10355D4508F10108EED11FB136
:107AD00069462046FFF766FF2046FFF78FFB09B097
:107AE000BDEC028BBDE8F08F8DED048BCDF81890C6
:107AF0008DF81CA06B7B8DF81D30EB89ADF81E3026
:107B0000694604A805F04FF980F001000740D9E765
:107B1000FF0200000000000070B50E460546FFF7AA
:107B200066FB33781B2B12D8062B15D9DA1F338945
:107B3000142A11D8DFE802F023102D3F104B5264B5
:107B40007C105910101010101010101095002C2BD4
:107B500000F09980412B76D0A8687268036831786C
:107B60009C693389A047041E2CDD3378052B00F275
:107B7000A480012B26D92846FFF77CF922E0012BAF
:107B800001D0FAF737F873681B7885F8F8310124CB
:107B900018E0102BF5D17288716802F0E00343F011
:107BA0001003120A2846FFF759FE041E09DA14F1E1
:107BB000860F07D1D0E7102BE3D171682846FFF775
:107BC0004FFF10242846FFF719FB204670BD102BED
:107BD000D7D171682846FFF7E9FDE6E7102BD0D131
:107BE00071682846FFF7DEFEEBE77288022AB3D100
:107BF000022BC6D172681288A5F82A211C46E1E73B
:107C0000012BBED17268D5F82C311278012A04D12B
:107C100043F00203C5F82C31B9E75A0703D5002118
:107C20002846FEF7B9F8D5F82C3123F00203F1E726
:107C3000012BA6D1736819784B1E59425941284629
:107C4000FEF7AAF8A3E73389012B9AD17268D5F819
:107C50002C311278012A0CBF43F4807323F4807313
:107C6000D8E77268D5F82C1110780128A8680CBFE5
:107C700041F4803121F48031C5F82C1101688C6900
:107C80001B21A04783E77388012B0FD0022B7FF4C1
:107C900063AFEFF3108472B61C22002105F1A4003B
:107CA0000CF020FB84F3108800248BE71C220021B9
:107CB00005F114000CF016FBF6E7572B82D128468D
:107CC00000F03BF97EE7000030B56A4B044680685F
:107CD00087B0C0E901340368DB689847002877DB88
:107CE000204605F073FEA06803680DF106025D6989
:107CF00028210223A847022801D0F9F77BFFBDF80D
:107D0000063084F8F931204600F017F92046FFF7D5
:107D1000B1F80023CDE904334FF480730022ADF8AD
:107D200004300023CDE9022394F8F921D31E082B57
:107D3000E3D8DFE803F005510579935189930500F5
:107D4000D4F82C31D907D8D594F85431062BD4D196
:107D5000052AB4F82A3106D00B2A40F2DC5239D178
:107D6000934203D9C9E7B3F5A06FC6D1D4F82C313B
:107D7000D90720D594F8542102AB04F5A67120460A
:107D800000F016F98630B8D0D4F82C31DA07B4D523
:107D900094F8F90101A905F091FA8630ADD0D4F834
:107DA0002C31DB07A9D594F8F90104AA02A905F042
:107DB0006FFA8630A1D0304D01232B70402384F818
:107DC000F8312046FDF7DAFA2B78002B95D0002009
:107DD00007B030BD9342C8E7D4F82C31DA078CD510
:107DE00094F85431022B01D0082B86D1B4F82A31F3
:107DF000B3F5A06F81D1A06803680DF103025D693E
:107E000019210123A84786303FF477AF94F8F93160
:107E1000042BABD1A068036804AA5D690321082381
:107E2000A8478630A2D168E7D4F82C31DB077FF56C
:107E300064AF94F85431012B7FF45FAFB4F82A217A
:107E40004FF6FF739A42EDE7D4F82C31DD077FF54A
:107E500054AF94F85431033B022B82E7D4F82C3111
:107E6000D8073FF54AAF94F85431002B3FF47EAF6A
:107E700043E700BF65700000BC17002013B590F801
:107E8000F931043B012B13D8806803680DF1060219
:107E90005C6905210223A047022801D0F9F7AAFE58
:107EA000BDF80630082B0CBF0320022002B010BD25
:107EB0000220FBE730B41D46D0F82C31DB07044626
:107EC00012D590F8F90104280AD1022A08D1A06835
:107ED00003685C692A46A446082330BC0321604736
:107EE0002B4630BC05F07CB96FF0850030BC704784
:107EF0001FB590F8F931052B044616D0082B14D085
:107F0000042B18D10823ADF802300023019303930A
:107F100005238DF804300DF1020302930223ADF81E
:107F20000C30436801A91B699847D4F82C3143F4FD
:107F30008053C4F82C3104B010BD37B504468068B6
:107F400003685D6994F8F931043B072B22D8DFE818
:107F500003F0042104210404210AD4F82C3143F451
:107F60008073C4F82C3102230DF106021121A847B9
:107F7000022801D0F9F73EFE4FF4A063A4F82A319D
:107F8000BDF80630B3F5A06F28BF0023A4F8563122
:107F900003B030BD02230DF106021121A8470028CD
:107FA000ACBFBDF806304FF6FF73A4F82A31EFE7F7
:107FB00010B4D0F82C41E40705D590F8F9015DF82C
:107FC000044B05F023B96FF085005DF8044B704752
:107FD0002DE9F041174603F108020A440E4600213C
:107FE00080461C4608464FF0FF3300F0D1FC0546A2
:107FF000F0B140680022428082804FF40042067057
:108000004470C280B8F1000F05D026B13246414617
:1080100008300CF0F8F95FB154B168684378A342B6
:1080200006D1037808332246394618440CF0EBF9A0
:108030002846BDE8F081000010B5044686B0B0F9CE
:10804000021021480CF0C6F8B4F906101F480CF0D5
:10805000C1F861791E480CF0BDF81E480CF0BAF862
:10806000237933B31A0602D51B480CF0B3F82379F1
:108070005B0602D519480CF0ADF819480CF01AF956
:108080002178C1B16A4604F1080005F030F90146D3
:1080900014480CF09FF8617889B1207808306A465E
:1080A000204405F024F901460F480CF093F806B07F
:1080B00010BD0E48E2E70E480CF0FCF8EBE70D4867
:1080C0000CF0F8F8F3E700BFD1540100DE540100D2
:1080D000E9540100F2540100FA5401000555010071
:1080E0003D5701001455010036550100105501009F
:1080F0002455010046550100002100F0EFBA0000B0
:108100002DE9F043866891B0758C738AADF818300C
:10811000044605F028058846002931D091F90C3035
:10812000013352D14F683B79D90654BF45F0010560
:1081300045F011053F2B9BBF3B787878244B0833E3
:1081400094BFDB1902202A071FD506F11601082269
:1081500096F81EC00CF1010E86F81EE00DF12809FC
:10816000CDE9035CBDF818500090ADF80850ADF8AB
:108170000450484604F0DEF988B94046FFF7BCFFDA
:108180006FF0150011B0BDE8F0833A7812B107F135
:108190000801DDE794F8542104F5A671D8E7D8F872
:1081A0000030CDE90739C0B209903B793F2B8BBF36
:1081B000A3696369013301338CBFA36163613368D1
:1081C00007A91B6830469847DCE76FF04C00D9E7F9
:1081D000F48001002DE9F04F866833689C68002325
:1081E00087B005461A4619463046A047022807467A
:1081F00040F3B080002302461946184600F0C8FB41
:1082000033680446D3F8088048B9034601463A4625
:108210003046C0470024204607B0BDE8F08F4168D3
:108220003A4601AB3046C047071E03DC2046FFF745
:1082300063FFEFE7AB6A0133AB62EB6A3B44EB628F
:10824000D5F82C31D903B9461DD500231A46194655
:108250001846FFF7BDFE0028E8D043689DF80620C9
:108260005A71BDF80420DA800DB1B5F9FA515D807C
:1082700023461A461B68002BFBD110604946204656
:1082800000F02EFCC7E7606804F0DCF981460028A6
:10829000CCD08742CAD3D4F804B06A4604A9584661
:1082A00004F051FA6A46824602A9584604F0FDF9E4
:1082B000BAF1000FBADB0028B8DDC1B25FFA8AF369
:1082C00004AA02A8FFF784FE80460028AED0BAF1C7
:1082D000020F43680AD19DF810209DF811100A4042
:1082E000FF2A02BF1A7962F07F021A719BF8002000
:1082F000D20642BF1A7942F010021A719DF8062088
:108300005A71BDF80420DA800DB1B5F9FA515D80DB
:10831000336804F10C025D69192101233046A84736
:1083200049460022204600F071FB014620B9204654
:10833000FFF7E2FE40467AE783682046A7EB030991
:1083400000F0F6F923461A461B68002BFBD1C2F851
:10835000008093E700287FF75DAF33689C680023B7
:10836000024619463046A04754E700001FB5054CA9
:108370000294079C0194069C0094FEF7E5FE04B06D
:1083800010BD00BFCC80010013B50C4C0823A381A5
:1083900006F0DEFC204605F005FB04F1280006F09F
:1083A00017FE074B00930749019402234FF46072B4
:1083B0000548FFF7DBFF02B010BD00BFC01700206B
:1083C00058550100341A002038180020FFF7DCBF90
:1083D00038B5012105460B48F9F74CF90A4A002344
:1083E00052F83300D90038B9084C0C446560054890
:1083F000F9F776F9204638BD0133102BF0D100246F
:10840000F5E700BF341E0020B81D0020B41D002079
:1084100010B5044608460CB9F9F7ECFB0029FBD06F
:10842000FFF7D6FF70B100230360D4F85C3133B19D
:108430001A461B68002BFBD11060002010BDC4F849
:108440005C01FAE74FF0FF30F8E7000013B508B918
:10845000F9F7D0FB41F23323A0F86231EFF3108437
:1084600072B6B0F9FA31009300F5B47100F5B0734B
:10847000044841F2883200680BF0DAF984F310887E
:1084800002B010BDFC84010010B5044608460CB9CA
:10849000F9F7B0FB0029FBD0FFF79AFF30B1D4F811
:1084A0005C310360C4F85C01002010BD4FF0FF3068
:1084B000FBE70121F9F7DEB810B50A4C0A48FFF7CF
:1084C000F8FF236823B9BDE810400848FFF7F1BF63
:1084D0000548F9F705F90548FFF7EBFF0348F9F7F9
:1084E000FFF8EBE73C1E0020401E0020381E002055
:1084F00070B504460E480D461646FFF7DAFF0D4BE1
:108500001B680BB9F9F776FB0948F9F7E9F864B984
:10851000EBB2042B01D9204670BD074B53F8254020
:10852000002CF8D06368B342F5D02468F8E700BFA8
:10853000401E00203C1E0020441E002010B5094CA7
:108540000948FFF7B6FF236813B90848FFF7B1FFE2
:10855000236805485A1C1CBF01332360BDE8104046
:10856000F9F7BEB83C1E0020401E0020381E002037
:1085700008B50A48FFF79DFF094A13680BB9F9F7D8
:1085800039FB591C05D0013B136013B90548F9F7B5
:10859000A7F8BDE808400148F9F7A2B8401E00203E
:1085A0003C1E0020381E002070B50D46B1F90810A1
:1085B0004B1E9BB21F2B064603D8144B53F8213099
:1085C0000BB9F9F717FB5B6A2BB1C3B2042B06D9C1
:1085D0006FF0150014E00E480BF0FCFDF1E7FFF71B
:1085E0006BFF0C4B53F82620144654B92A600A48F6
:1085F00043F82650F9F774F80848F9F771F820465F
:1086000070BDAC42DDD02468EFE700BFE808002071
:1086100062550100441E0020381E0020401E00202C
:1086200038B5C3B2042B04460D461AD8FFF744FFF1
:108630000C4A52F82430AB420AD11B6842F824306D
:108640000948F9F74DF8BDE838400848F9F748B847
:108650001A461B68002BF3D0AB42F9D11B6813609C
:10866000EEE738BD441E0020381E0020401E0020CA
:108670000A4601460020FFF73BBF70B505460E468F
:10868000FFF75CFF0020044632462946FFF730FF23
:1086900018B9FFF76DFF204670BD0134F4E718B13B
:1086A00042680021FFF724BF704761B190F90C3098
:1086B000032B04D0042B04D06FF001007047FAF7AD
:1086C00011B903F0D7BE6FF01500704718B190F9DB
:1086D0000C308B4200D170470068F7E738B50121B4
:1086E00004461248F8F7C6FF24B9BDE838400F48E1
:1086F000F8F7F6BF204600F0D7F808B9F9F77AFA8C
:10870000637B002BFAD0012B25680BD10023D4E921
:108710000101637300F0D6F81021204600F0D2F872
:108720002C46E1E7013B6373FAE700BF581E0020C7
:1087300003468B4210B5084606D10C680021016043
:10874000FFF7CCFF204610BD31B11A4622B11168A7
:10875000884203D1016811601C46EFE70A46F5E73D
:1087600070B5866804460346002173B98E420AD06C
:10877000204600F0B5F938B9256855B92068294672
:10878000FFF7ACFF2560002070BD9A681B6811449C
:10879000EBE76068D5E9011230440BF034FEAB68BA
:1087A0002D681E44E9E770B5054600266DB12846E0
:1087B00000F00AF9044650B901463046FFF78EFF33
:1087C00021462846FFF78AFF2646304670BD0568D9
:1087D00006600646EAE7000070B5184C034607330A
:1087E000206823F00703002188B142689A420FD322
:1087F000D21A072A124E03440FD8026859B92260D0
:10880000104A9B1B11889BB2994238BF138070BDE0
:1088100001460068E8E70A60F2E79D1B0835B5F5F8
:10882000C05F05D9002121600168C3E90012E7E7B4
:1088300009B92360F8E70B60F6E700BF601E00206F
:10884000681E00205C1E002008B501210748F8F7CB
:1088500011FF074A074B136000214FF4C052C3E9D0
:1088600000120248BDE80840F8F73ABF581E002041
:10887000601E0020681E002038B504460D460948D9
:108880000121F8F7F7FE24B9BDE838400548F8F7AC
:1088900027BF637B2B44FF2B01D9F9F7ABF9637337
:1088A0002468F0E7581E0020054B834206D803F5E4
:1088B000C053834294BF00200120704700207047BE
:1088C000681E002070B5024618B3FFF7EDFF08B32D
:1088D000194D2868002308B190421DD3073121F0BB
:1088E0000701164C5618A41B072C98BF0919C2E99A
:1088F0000001A3B92A6013461A6852B15968194495
:10890000511A072905D811681960D11A52680A440A
:108910005A6070BDF9F76EF903460068DBE75968E5
:108920001A601944511A0729E5D811681960D11A3B
:1089300052680A445A60DFE7601E00206836002053
:108940002DE9F843814610200F4615469846FFF75B
:1089500043FF044648B1CDB12846FFF73DFF064628
:1089600038B910212046FFF7ADFF00242046BDE8AE
:10897000F8831FB12A4639460BF045FD0123C4E9AF
:108980000096A56084F80C806373EFE72E46F5E748
:10899000B2F5C05FF8B505460E4614461F460FD81F
:1089A00001210848F8F766FE22463B463146284634
:1089B000FFF7C6FF04460348F8F792FE2046F8BDCD
:1089C0000024FBE7581E002038B5012104460E485C
:1089D000F8F750FE1CB90C48F8F782FE12E0637BF2
:1089E000012BF8D9D4E9011294F90C302068FFF773
:1089F000A7FF054610B1637B013B63730248F8F79C
:108A00006FFE2C46204638BD581E00202DE9F04749
:108A10000D460446012131489246F8F72BFE35B148
:108A20002CB1D4F80880A84501D3636833B92B482A
:108A3000F8F756FE00263046BDE8F0871020FFF715
:108A4000CBFE06460028F2D0A8453FD0EB1D23F010
:108A500007039D423ED22846FFF7BEFE074620B9D7
:108A600010213046FFF72EFFE1E7A8EB0500FFF7E6
:108A7000B3FE814630B910213046FFF723FF294667
:108A80003846EFE761682A4638460BF0BCFCD4E96B
:108A9000011248462944521B0BF0B5FCD4F808805B
:108AA00060684146FFF70EFFA8EB0503A36023684B
:108AB000C4F80490C6E900370123B56086F80CA01D
:108AC000737306482660F8F70BFEB4E767684FF04B
:108AD0000009E9E7676807EB0509E5E7581E00208C
:108AE000F8B504460D4624480121F8F7C3FD0CB93A
:108AF000F9F780F8D4E901261EB9002AF8D14DB162
:108B000017E0002AF4D01046FFF7CEFE0028EFD081
:108B1000AE4204D11848F8F7E3FD002012E035B961
:108B200031461046FFF7CEFE6560A560F2E7AE4223
:108B300014D22846FFF750FE074620B90E48F8F732
:108B4000CFFD0C20F8BD616811B132460BF05BFC23
:108B5000D4E90101FFF7B6FE6760E6E7E81DF31D03
:108B600020F0070023F007039842DED2311A1044A8
:108B7000FFF7A8FED9E700BF581E00202DE9F041FD
:108B80004FF0000806460446474654B93946424667
:108B90002D480BF01FFB21463046BDE8F041FFF7A2
:108BA0009DBD3946A26829480BF014FB94F90C10BE
:108BB0004B1C052B46D8DFE803F0031B212A333C6E
:108BC00023484FF0FF310BF005FB6068FFF734FAE4
:108BD000A568A168A94206D9606800231022491B34
:108BE000284406F0FFF9A368246801379844CCE7CD
:108BF000184800210BF0EEFA0025EAE7012116489B
:108C00000BF0E8FAD4E9010109F010F8E0E70221DD
:108C100012480BF0DFFA606804F062FA2825D8E702
:108C200003210F480BF0D6FA606803F06FFC0425AF
:108C3000CFE704210B480BF0CDFA606809F0B8FAD1
:108C40000825C6E70848D5E76E560100B95501006A
:108C5000DE550100F2550100065601001E560100C6
:108C60003156010046560100585601001FB51748FD
:108C70000821F8F7EFFC6FF08503039340F205231A
:108C8000ADF80A306846F8F7CEFCBDF8023040F285
:108C90000222934218D007D840F2012293420CD00E
:108CA0000B480BF007FBEDE7A3F20323012BF7D8EA
:108CB00002A96846F8F78EFCE4E706480BF0FAFADA
:108CC0000198FFF75BFFDDE70348F7E76836002010
:108CD000CA5601009B560100B35601001FB5094C4E
:108CE000B4F9000060B9084BCDE90103074B0093CC
:108CF000062203464FF4B8610548F8F769FE208064
:108D000004B010BD683C0020F15601006D8C0000DD
:108D1000A836002030F9081FF8F700BCF0B5234C46
:108D2000B4F9005087B006465DBB4FF0FF330593A2
:108D30001F4B20481D70204B029305AF1F4B009323
:108D400001972B4605224FF48061F8F741FE208001
:108D500050B301213846F8F78DFC194A9B23536024
:108D60001146238813810320FFF71EFC01F092FBBC
:108D700014491548F9F714FC1448802229460BF0D1
:108D8000B1FA3046FEF728FA11490546FEF70EFD06
:108D9000002318460E491A4600F09EFC2846012181
:108DA000FCF7FAFFB4F9000007B0F0BDAC3E0020BC
:108DB000583E0020AE3E0020F95601004D8E0000C6
:108DC000603E0020158D00006C3C0020883C002097
:108DD000E480010038B500F12C05044629460A4814
:108DE000F9F7BCFB4FF4FA614FF47A7006F030FAF1
:108DF000064B20631B88A38603482946F9F778FBB6
:108E00000023238538BD00BF6C3C0020AC3E002011
:108E100038B500F12C05044629460A48F9F79EFBAF
:108E20004EF648614EF6602006F012FA064B2063BB
:108E30001B88A38603482946F9F75AFB002323859C
:108E400038BD00BF6C3C0020AC3E0020F0B50821CE
:108E500087B004467B487C4DF8F7FCFB2046F8F7CA
:108E60003FFC40F20523ADF8123002A8F8F7DBFB17
:108E7000BDF80A3040F606129342F6D8B3F5106FEB
:108E800010D840F20122934200F08E80A3F2032317
:108E9000012BEAD86FF0850304A902A80593F8F71F
:108EA00099FBE2E76FF410621344052BDDD801A2B1
:108EB00052F823F0938F00006B8E00006B8E000041
:108EC000CD8E0000838F0000358F0000039C002CA6
:108ED000CBD02379002BC8D004F12C075B4839464E
:108EE000F9F73CFB2379A669012B08BF0223A3F104
:108EF000020208BF2371022A14D801332371002310
:108F00001A46611D706900F0E7FB4FF4FA632363B2
:108F100040F60413E3862B88A38639464B48F9F7BD
:108F2000E7FAA2E7204601F099F80021304601F067
:108F300035F99AE7039C94F82A30012B95D094F8E0
:108F40002D10002991D194F82C30032B15D8013322
:108F500084F82C3094F82120A06904F1300600F048
:108F6000F3FD31463948F9F7F9FA40F6B83363634F
:108F7000354B1B8823873146D0E7201DFFF748FF7C
:108F800073E703984369002B7FF46FAF01F0AEF8ED
:108F90006BE7039800283FF468AF4369002B3FF468
:108FA00064AF09F01BF860E7039C0CB9F8F722FEE8
:108FB00002212046FFF78AFB4FF0FF31064620468C
:108FC000FFF784FB0146002EF0D010B14368B3F9DF
:108FD0000210606872684378032B0DD8DFE803F055
:108FE00002111C2793885BBA9BB20093043002F1F4
:108FF0001803083200F0FCFB00212046FFF76EFB4F
:1090000033E793885BBA9BB20093043002F11803F4
:10901000083200F047FCEFE793885BBA9BB20093FD
:10902000043002F11803083200F0CEFEE4E7938822
:109030005BBA9BB20093043002F11803083200F0CF
:1090400027FFD9E76C3E0020AC3E00206C3C00209E
:1090500010B5012104460948F8F70CFB08490B78C4
:109060005A1CD2B20A7034B143F080040348F8F7B6
:1090700037FB204610BD03F07F04F7E75C3E00207D
:10908000583E002013B50C4612B11846FFF7E0FF1A
:109090002146022201F0A2F9044600B3114A124B04
:1090A000C0E907234FF4F873C3844FF4807303853A
:1090B000012380F82A3090F82E3043F0030380F823
:1090C0002E300A211423CDE9003100F14001074878
:1090D0000823B0F9000040F6011208F08EFF204688
:1090E00002B010BD010014030A053C00AC3E002094
:1090F00008B5FEF764F801280ED10020FEF75DF8F0
:1091000020B9BDE8084005480BF0D4B8BDE80840D8
:10911000B0F9FA01FFF702BE08BD00BFFD5601001D
:1091200070B500242046FEF748F8044608B92046EA
:1091300070BD04F1520504F1A2060549284603F06A
:1091400032FE0028F3D11035B542F6D1EAE700BF70
:10915000E48001000021FFF7C1BAF8B500230C46F6
:109160001646194614220746FFF712FC054620B999
:109170003846FFF7EFFF2846F8BD436805221A700E
:1091800012225A7000229A70DE702146043304F1D4
:10919000100251F8040B43F8040B9142F9D1EAE7AD
:1091A0002DE9F04F89B00026139F03933E600D46D2
:1091B000144601F085F98246002840F01D814FF0E9
:1091C000000A504609B0BDE8F08F3B6808F101087D
:1091D00043F001033B601FFA88F80134039B4345C9
:1091E000EFD92378082B19D801A252F823F000BF39
:1091F000CB910000159200001D9200001D9200000E
:109200003192000087930000BB9300003B93000065
:10921000959200003B6843F002033B60637808F1DD
:10922000020813FA88F802331FFA88F81C44D5E7BD
:109230003B6843F010033B6095F82E3043F0010388
:1092400085F82E30608940BA80B201F02BF90346D0
:1092500010B901F027F90346AB67E178A9772079C7
:10926000E877627985F82020E3885BBAA5F87E303C
:1092700023895BBAA5F87C30637B85F82130E389CC
:1092800085F841105BBA6B84012383406B6485F8D9
:109290004020C3E73B68B5F9240043F480733B608A
:1092A00095F82E3043F0020385F82E30FDF794FF39
:1092B000814608B9F8F79EFCD0F82C31DA0732D491
:1092C000E3785B06AAD504F11003059306AB03CB44
:1092D0001023A278A061E1614846E118FEF7BEFACA
:1092E0006368B9F9FA01A278B3F1FF3F19BA06D061
:1092F00059459ABF4FF47A734B436FF00103A1684D
:10930000B1F1FF3F91FA81FC07D0DC459ABF4FF4E1
:109310007A7101FB0CF16FF00101009104F1100171
:10932000FDF7DCF87AE790F8542106AB00F5A6715A
:10933000FEF73EFE0028C3DBC5E73B6843F0800331
:109340003B606378132B7FF43AAF94F90320E37802
:10935000002A05DA217D95F8262091427FF42FAF6F
:109360005A0604D5A1782A7891427FF428AF9B064B
:109370007FF554AF04991022201D0AF0A3FF0028A6
:109380003FF44CAF1BE73B6843F020033B6004F124
:109390000409E1784846FCF7EFFE6A8C95F8213025
:1093A00053430093B5F92430129AE1784846002ED1
:1093B00008BF2646FCF76AFE30E73B6843F04003EF
:1093C0003B600EB9002629E706F10409F17848460A
:1093D000FCF7D2FE6A8C6379F17853430093B5F9B8
:1093E0002430129A4846FCF751FE737802331E442B
:1093F0003378052BE8D0E5E72B1DDFF808B00493A0
:10940000B046EBE63789410002064BB20DD5002B82
:109410000FDA884202D2401A803001E009D9401A9E
:109420000F28CCBF002001207047002BF1DA01206B
:109430007047002070470000F8B5074615461E46E5
:10944000084641B9FFF76CFE044638B93846BDE816
:10945000F840FFF77FBEFDF7BFFE0446174B002E16
:1094600008BF1E463DB9012231462046FEF78BF863
:1094700005460028EAD0324629463846FAF77EF8F3
:1094800006460028E2D000231A4619461846FEF781
:109490009FFD054608B93046D9E743680CB1B4F9D9
:1094A000FA415C8006492E602B4640F202220220DF
:1094B000FDF756FC08B92846C9E7F8BDE48001006D
:1094C0000000FFFF2DE9F0430F468BB0044678B152
:1094D00090F82E5015F0020552D000232022194694
:1094E0001846FFF755FA054628B90020FFF732FE67
:1094F0000BB0BDE8F0834668082333701E237370F9
:109500004023F370B370B4F92490002304F10408ED
:10951000029303AA02A94846FDF788F80028E4D080
:10952000414603A803F055FC3F28F2D9684B186860
:109530004369013335D009F0D8FF089A531C1EBF88
:10954000121A4FF47A73B2FBF3F2099B591C1EBF37
:109550001B1A4FF47A71B3FBF1F31BBA002112BA54
:10956000B36006F11003726031737173B173F173FC
:10957000102218460AF0B6FEB278414603F048FCC5
:1095800094F82E30DB0739D50023102219462846DF
:10959000FFF7FEF948B928460BB0BDE8F043FFF7E6
:1095A000D9BD83685B689847C7E742680423137096
:1095B00000250E2395705370A37FD370E37F137142
:1095C00094F820305371A369B3F87E1049BAD18062
:1095D000B3F87C109B6F1B8815735BBA49BA118175
:1095E000538194F821305373638C5BBAD38194F820
:1095F0002E3023F0010384F82E3005460023182274
:1096000019462846FFF7C4F906460028C3D0426829
:109610002378137094F82630537094F82A30022B74
:109620001DBF238D5BBA9BB24FF6FF73538094F836
:10963000743094F82710DB0043EAC113617F0B43B9
:109640001371237F537104F1040C00239371D371C0
:1096500004F1140E08326546634603CB734510606F
:1096600051609C4602F10802F6D1042301229B219D
:109670003046F9F727F908B930468DE7024600234E
:10968000916812680B44002AFAD1C7B13978FF39C2
:1096900018BF0121EFF3108672B60E4A89B991699D
:1096A00001319161D1691944D16186F31088009527
:1096B000B4F924103B460022FFF7BEFE18E73946F6
:1096C000E8E7116901311161516919445161ECE711
:1096D000F8840100883C00202DE9F74F06460D462E
:1096E0009A46904612B133BBF8F784FA13464146C6
:1096F00004224046FFF74CF9044620B903B0BDE808
:10970000F04FFFF727BD436840F201221A600023A3
:10971000022219462046FFF73BF90746D8B14368B5
:1097200000241C705C70224604239B21F9F7CAF8C0
:1097300078BB3846E2E70024A14658F8297097F82C
:1097400000B0BBF1070F1FD1002315221946204698
:10975000FFF71EF908B92046D0E743684FF013021F
:1097600083F800B05A70BA789A70FA78DA70191DD6
:109770003A1D07F1140452F804CB41F804CBA2427D
:10978000F9D13A7D1A75044609F10109CA45D4D1C7
:10979000BDE703469A681B681444002BFAD1DDB17B
:1097A0002978FF3918BF0121EFF3108772B60F4BEC
:1097B000A1B99A6B01329A63DA6B2244DA6387F3B8
:1097C000108806B10436002200962B461146FFF79A
:1097D00033FE03B0BDE8F08F2946E5E71A6B01328E
:1097E0001A635A6B22445A63E9E700BF883C0020A1
:1097F000F0B585B00746BDF828501646C3B11978B4
:10980000FF3918BF0121EFF3108072B6224C89B9DD
:10981000A26A0132A262E26A2A44E26280F31088FC
:10982000052D1AD91B781D4CFF2B18D100230FE0F2
:109830001946E8E7226A01322262626A2A446262B9
:10984000ECE751B1022A08D0154808F003FC0123C7
:10985000617894F82A20002BF3D005B0F0BD63782E
:10986000002BFAD003AAAB1FCDE9006200209BB207
:10987000BA1C21460390FFF793FC0028EDD094F822
:109880002E30314643F00103204684F82E3005B0D7
:10989000BDE8F040FFF716BE883C0020C83D002020
:1098A000083E00202DE9F04F87B017460022BDF892
:1098B0004080039205460E461BB11B78FF3B18BF44
:1098C0000123EFF3108172B69D4AFBB9936801330F
:1098D0009360D3684344D36081F31088B8F11B0FC1
:1098E0006ED9287803A900F033FBA8F11C08039C6B
:1098F0001FFA88F8002800F086806A884FF6FF7308
:109900009A420AD1204600F0F1FB59E01368013376
:109910001360536843445360DEE72B79C3F3C203FB
:1099200084F87430002000F0BDFDA0672EB9FFF769
:10993000F7FB064628B9F8F75DF93046FDF74CFC11
:10994000F7E7B0F9FA21039805F1080100F008FDE6
:10995000039C04F10409002304AA394648460493F1
:1099600000F01EFBDDE9031210B90AB90846CAE788
:109970006B7884F826302B79D80903F0070384F834
:10998000270063776B885BBAD3820023059305AB0E
:10999000CDE9007305F1180243460120FFF700FCF2
:1099A00008B90398AFE7059B13F010050BD1039896
:1099B00000F09CFB2B462A4639462846FFF78CFED2
:1099C00007B0BDE8F08F49463046FDF7C9FD0028D5
:1099D000E7DB4846FFF7FEF994F82020E37F019289
:1099E000A27F58480092012202FA03F304F14001D9
:1099F000B0F9000040F6011208F0FFFA0499484659
:109A000000F0CCFBDCE7002CDAD004F104091022D2
:109A100005F1080148460AF055FC82460028CFD1DE
:109A20002B7994F87420C3F3C2039A42C8D16E789C
:109A300094F826B030465946FFF7E6FC30B394F868
:109A40002A30012B1CD1330618D5FF2E1ABF013640
:109A5000F0B2504684F8260004F1400008F0FAFA0B
:109A600094F82A30012B1CD16A884FF6FF739A4272
:109A700004F1400012D008F0FFFAA1E77F2EE5E7DD
:109A800084F82660484600F06BFBE9E7314658460B
:109A9000FFF7BAFC0028E3D004F1400008F0DAFA3E
:109AA0008EE7002304AA39464846049300F078FA6A
:109AB000049B30B9002B83D004F1400008F0DCFA9D
:109AC00001E0002BF8D1049900293FF434AF6B88F2
:109AD0005BBACB82484600F061FB049B1A7952B90D
:109AE0006B884FF6FF7293427FF46AAF228D9A42E1
:109AF0003FF466AFD0E7626993427FF461AF5A7D6D
:109B00006B799A4202D04846FFF764F9049B6A7960
:109B10005A752B790399DA0903F007036377002359
:109B200084F82720059305ABCDE9007305F11802F1
:109B300043460120FFF734FB00287FF441AF30E7B4
:109B4000883C0020AC3E00202DE9F04F0E468FB03F
:109B500093460446002800F0828090F82A30012BBA
:109B60007DD019B94669002E79D00536271D3846B3
:109B7000FDF7FBFD8146002871D03946FDF7F0FC6A
:109B8000B0F1000A6BDB002304939846B4F924106B
:109B900005AB04AA0020FCF725FBD0B909EB0A119C
:109BA0000390802232314046FFF7D7FA81460028E1
:109BB00055D094F900202578002A54DA039B10220E
:109BC0003946FEF7E5FE00284CD14846FFF7C2FAB9
:109BD00045E00023062219464046FEF7D9FE054619
:109BE00008B94046F2E7436806221A7004225A7008
:109BF00000229A70DA701A7183F805B09DF814305B
:109C0000FF2B07D19DF8153003F00F030E2B16D054
:109C1000A846BBE73C49082205A80AF053FB0028E8
:109C2000F6D03A49102205A80AF04CFB0028EFD0E4
:109C30003749102205A80AF045FB0028E8D033492F
:109C4000102209A80AF03EFB0028E1D028469DF822
:109C5000342005A9FFF781FA05460028D8D10FB0B6
:109C6000BDE8F08F81460023042219464846FEF7DE
:109C70008FFE80460028A8D0ED09436822781A702C
:109C8000AD0165F07F055D7094F82B20DA7000253A
:109C90009D70022204239B21F8F714FE0028A0D017
:109CA00003462A4699681B680A44002BFAD1337888
:109CB000EFF3108572B6FF2B164B1CD1996D013155
:109CC0009965D96D1144D96585F31088009733469D
:109CD0000022B4F92410FFF7AFFB94F92B2094F87D
:109CE0002B30002A0EDAFF2B1ABF0133DBB2002320
:109CF00084F82B30B3E7196D01311965596D1144A2
:109D00005965E1E77F2BEFE72681010046810100DD
:109D100036810100883C0020F7B50E461746044600
:109D2000002841D090F90050ED0F14BF18230823EC
:109D300003229B210020F8F7C5FD002834D043689A
:109D400022781A71002D31D080225A7103F1080156
:109D5000221D04F1140552F804CB41F804CBAA42A9
:109D6000F9D100259F71DD7103469A681B6815447F
:109D7000002BFAD1E6B13378FF3B18BF0123EFF394
:109D8000108172B60F4AABB9936F01339367D36FEB
:109D90002B44D36781F31088231D0093B4F924105A
:109DA00033460022FFF748FB03B0F0BD5D71D8E7F2
:109DB0003346E4E7136F01331367536F2B44536744
:109DC000E8E700BF883C00202DE9F04385B0054658
:109DD000BDF8304016461BB11B78FF3B18BF01236E
:109DE000EFF3108172B6294A002B3BD1936C0133FB
:109DF0009364D36C2344D36481F31088072C42D935
:109E00006B785A0601D5172C3DD9A94619F8040BD1
:109E100000F0BAF80746002835D06B785B0600F1F1
:109E2000040826D4083C97F82A20022AA3B22AD094
:109E30000022039203AACDE9006239464A46022075
:109E4000FFF7AEF9F8B195F90130002B04DAEA78A2
:109E500031463846FFF760FF404605B0BDE8F043A5
:109E6000FEF7B8BF136C01331364536C234453647F
:109E7000C2E71022494640460AF024FA18B905F113
:109E80001409183CCFE705B0BDE8F083883C0020FA
:109E900070B50446BDF81010002B40D01878FF387C
:109EA00018BF0120EFF3108572B6224A002838D17E
:109EB000906E01309066D06E0844D06685F31088AD
:109EC000002B35D01B78FF2B32D0072930D994F9DD
:109ED0000130002BB4BF18230823994228D12078E1
:109EE00000F052F8054618B394F90130002B00F148
:109EF000040605DA1022211D30460AF0E3F9B8B94C
:109F0000E37823B1A27895F82B309A4210D101233F
:109F100085F82D303046BDE87040FEF779BF184611
:109F2000C0E7106E01301066506E08445066C5E7F9
:109F300070BD00BF883C002090F82A20022A02D180
:109F4000403008F07FB80149FFF7BCBAE480010057
:109F500000230B600B4B5A786AB90B600B6873B126
:109F60004FF480721870DA670120002258705A612D
:109F7000C3F88C3070471A788242EFD10B60002012
:109F8000704700BFC83D0020044B0246587819783E
:109F900018B191420CBF184600207047C83D002000
:109FA0002DE9F0472B4F002680460D4614461660DB
:109FB0004FF0010AB9463B79002B39D1BAF1000FB5
:109FC00000D027604FF0000A4036C02E07F140074E
:109FD000F1D12368002B36D00022C3F818801A6014
:109FE000D8F81030002B31D01A461B68002BFBD15B
:109FF00023681360236801221A7129465A1D05F14E
:10A00000100051F8045B42F8045B8142F9D14FF62D
:10A01000FF72DA82104803F12C01F8F79FFA2368E7
:10A020000022DA6240F60412DA869B6301200BE01C
:10A03000BB694345C8D12946781D02F0B4FE00280B
:10A04000C2D04E4426600020BDE8F0872368C8F8DF
:10A050001030CFE7083D00206C3C002037B50446A7
:10A0600008B9F7F7C7FD85692B69834213D1002131
:10A070000846FCF781F822686AB1E88B697FB5F978
:10A08000203011FB00F10A3189B200910021053224
:10A090000846FBF7FBFF2B69A3420ED123682B6117
:10A0A00004F12C010948F8F759FA40220021204612
:10A0B0000AF018F9012003B030BD1A461B68002BC6
:10A0C000EED0A342F9D123681360E9E76C3C00208D
:10A0D00038B50446006920B10568FFF7BFFF284680
:10A0E000F9E74FF6FF73A38438BD000010B50446AE
:10A0F0000430FFF7EDFF04F1400007F0A3FF04F187
:10A1000030010748F8F72AFA04F180010448F8F70B
:10A1100025FA9022002120460AF0E4F8012010BD23
:10A120006C3C0020416910B5044680310A48F8F7BC
:10A1300015FA6169084841F28833C1F8843040F665
:10A140000513A1F88A30054B1B88A1F88830BDE8BB
:10A1500010408031F8F7CCB96C3C0020AC3E0020B8
:10A1600010B5037E01330376036904462BB1FFF774
:10A17000AFFF00210846FBF7FFFFA28C4FF6FF73ED
:10A180009A4209D004F13C00A38407F063FF204603
:10A19000BDE81040FFF7C6BF10BD00002DE9F04F2D
:10A1A000044685B00D4681B30B7973B3012301F1E9
:10A1B0002C060B7164483146F8F7D0F9637FE28BC7
:10A1C0006148013B53434FF47A7253432B6340F68B
:10A1D0000413EB865D4B1B88AB863146F8F788F994
:10A1E0002669AE4211D100210846FBF7C5FFE28B7C
:10A1F000637F13FB02F30A339BB200930021B4F98F
:10A200002030721D0846FBF741FFD4F810B0A38C34
:10A210000293BBF1000F05D1204605B0BDE8F04F19
:10A22000FFF79EBF4FF0010A00234FF0000921699C
:10A230002361C84691B109F101090A460025554537
:10A2400003DA12680135002AF9D10E465746114645
:10A25000002D58DC002FEDDD00294FD1B8F1000FA3
:10A2600001D0C8F80030B9F1010F4FEA4A0ADCDC2E
:10A270002369D98A4FF6FF729142CDD09B451DD0FC
:10A28000606990F87430023B012B07D800220BF173
:10A290000501FFF759FC2046FEF79CFD002108460A
:10A2A000FBF76AFFE18B637F22694B430093002138
:10A2B000B4F9203005320846FBF7E8FE63699B6F6E
:10A2C00000215B6820469847029BA084834203D00C
:10A2D00004F13C0007F0BEFE206970B36369A28CF4
:10A2E000B3F87C10C38AB2FBF1F2B3FBF1F39A42EC
:10A2F000056801D8FFF7B2FE2846EEE77DB90A46A9
:10A30000013F096804E007B149B932463668013DAA
:10A31000B8F1000F0FD0C8F80020904698E76269A6
:10A320000391926F304692689047002803994FF04E
:10A330000003E4DCE9E72261EFE72369002B3FF447
:10A340006BAF05B0BDE8F08F6C3C0020AC3E002048
:10A35000022380F8263000214069FFF7B3B80000DF
:10A36000F8B50D461746044608B143780BB9F7F720
:10A3700041FC1046FCF730FF221D06462B4605F136
:10A38000100E944618685968154603C5083373457E
:10A390002A46F7D10E4B0F4AA262C4E915344FF496
:10A3A0004573E3830C4B236200232377A38540F698
:10A3B0000613A461A784E463638736B1D6F82C3111
:10A3C0009B0702D46046FFF7C3FF0120F8BD00BF22
:10A3D000399F0000FFFF00F00A053C00264BB3F94F
:10A3E00000302DE9F34180460C46174623B900257D
:10A3F000284602B0BDE8F0810D780023FF2D0193BF
:10A4000022D14B7803F00F030E2BF0D12046FDF73D
:10A4100095F906460028EAD001A94046FFF798FDC5
:10A420000028E4D00020019D00F03CF84FF4807338
:10A4300085F87470EB67A867B6F9FA2121462846BB
:10A44000FFF78EFFAD61D3E70C490822204609F0E3
:10A4500039FF60B10A491022204609F033FF30B1BC
:10A4600008491022204609F02DFF0028CED10435DE
:10A47000EDB2012DCAD9BAE7AC3E00202681010019
:10A480004681010036810100002380F826303C30EF
:10A4900007F0E0BD08B500F077F8014B186008BD83
:10A4A000B0420020054B1B680BB900F06DB81A884C
:10A4B00082420CBF18460020704700BFB042002007
:10A4C00070B505460024A34203D81B1B58425841CF
:10A4D00070BD107818B90134A4B20132F3E7A61C9C
:10A4E0009E42F2D80438042809D8DFE800F00316A9
:10A4F0001D081100012D15D150780E2812D1507869
:10A5000010FA86F6B4B29C42DFD202300244DAE797
:10A51000012D07D150781E28F0E7022D02D1507886
:10A520001228ECD90020D3E7022DFBD191F874005A
:10A530005478012814BF042014208442DEE77047B9
:10A54000036961B983B1D98A4369B3F87C000844CF
:10A550004FF6FF7380B2884238BF18467047002B11
:10A56000F2D14FF48070F2E74FF6FF707047C28A65
:10A57000CB8A9A4203D38CBF0120002070474FF052
:10A58000FF3070477047000000487047000200200D
:10A590000021FEF7A3B800001FB50A4CB4F9000073
:10A5A00000280CDC084B094A02930023009208485B
:10A5B000019303224FF47071F7F70AFA208004B078
:10A5C00010BD00BFB446002031570100A5A6000011
:10A5D000F442002010B503460446064940F2012229
:10A5E0000220FCF7BDFB20B92046BDE81040FFF774
:10A5F000CFBF10BD0000FFFF10B590F90C30013344
:10A60000044601D0F7F7F6FA4368B3F90200FCF705
:10A61000E3FD40F20222B0F9FA012146FCF795FB76
:10A62000002804DC2046BDE81040FFF7B1BF10BD94
:10A630002DE9F04188461F46044608B9F7F7DAFAD3
:10A64000002AFBD0066800235EB9B2F856210AB191
:10A650009A420AD33A4620460021BDE8F041FFF76E
:10A66000CBBFB16836680B44EEE7B8F5006F17D280
:10A6700000F0D6FA054628B90C212046BDE8F04185
:10A68000FEF72CB80460A0F8048000F0D1FA2E8107
:10A69000E8803A4629462046BDE8F04100F0D3B9AB
:10A6A0007A21EAE780B588B000230593A3F58033CB
:10A6B0000693604B60481B88ADF81C300821F6F704
:10A6C000C9FF05A90120FDF76FFF40F20523ADF892
:10A6D0000E3040F202266FF0850701A8F6F7A3FFBF
:10A6E000BDF80630B3F5017F1DD8B34200F2958066
:10A6F00040F20122934221D0B342EED1029D1DB31C
:10A70000AB68072B20D92B68F3B193F90C30022BDF
:10A710001AD12846FEF758F90446A8B14368002B21
:10A720004CD1F7F767FA40F2252293427BD040F2F2
:10A7300026229342D1D100F0BDFACEE7029D2846F1
:10A74000FEF742F9044618B92846FFF721FFC4E78F
:10A750000121FDF7BBFF08B182680AB92046F4E782
:10A7600043681B78412B15D1FEF72EF905460028CA
:10A77000F4D001221146FEF749F901460028EDD038
:10A780002046FDF7D5FF022300222B731146FFF769
:10A7900021FFA2E703F0D802C02A09D003F0E003AA
:10A7A000602BDBD100221146204601F099F994E795
:10A7B00000221146204600F00AFA8EE7B3F90200A3
:10A7C000FCF70AFD256880464FF0000965B9B8F12D
:10A7D000000FC3D0D8F82C31DB0509D52A4629460D
:10A7E000204601F08BFB78E7AB682D689944EDE7D4
:10A7F00001231A4629462846FEF7CAF80028ADD09C
:10A80000236803604368206041221A7049462B4642
:10A8100042462046FFF70CFF5FE703A901A8049713
:10A82000F6F7D8FE59E700220299104600F00BF91E
:10A8300053E700BF6C090020B442002008B5084B64
:10A8400018684369013306D008F04FFE4EF66023C6
:10A85000B0FBF3F008BD83685B689847F6E700BF7C
:10A86000F884010038B50C4C142303FB0044054662
:10A87000638A23B9637C23F01003637438BDFFF748
:10A88000DDFF064B53F82530834202D80023638254
:10A89000F0E71B1A6382F1E7FC460020BC4600206B
:10A8A0002DE9F041012180461048114CF6F7E2FEF7
:10A8B00000252F462E46F0B2FFF7D4FF237C53B17C
:10A8C0004146204602F085FA237C834203D8A84201
:10A8D00084BF274605460136102E04F11404EAD140
:10A8E0000248F6F7FDFE3846BDE8F081B846002084
:10A8F000FC4600200F2838B5054613D801210A4828
:10A900000A4CF6F7B7FE2846FFF7ACFF142303FB0B
:10A9100005440548237C1BB1F6F7E2FE204638BD0E
:10A92000F6F7DEFE0020FAE7B8460020FC460020DD
:10A930000F28F8B506460F4614461D4632D87AB39E
:10A9400001211948F6F796FE184B142202FB063334
:10A950009DF818205D82802C28BF8024002D0CBF1C
:10A96000002202F0010246EA0212394618461C741F
:10A970005A741C4602F017FA014640B910222046CC
:10A9800009F0B0FC227C3946204602F041FAFFF77C
:10A9900055FF074B0544044843F82650F6F7A0FE40
:10A9A0002046F8BD0024FBE7B8460020FC46002006
:10A9B000BC4600202DE9F04180460D4616461C4657
:10A9C0000DB1B44202D32046BDE8F081AB6869689E
:10A9D000371B9F4228BF1F4608EB0400BAB23C4415
:10A9E00009F011FDA4B22D68EAE7F8B50E4601782A
:10A9F000934228BF134601F10802024405461F4650
:10AA0000083010F8073CFDF7E3FA044678B14268D5
:10AA10002B6813606B6853600021084601233A4697
:10AA2000FDF7B6FF014628B92046FDF757FE002482
:10AA30002046F8BDB38842685BBA1380F3885BBADE
:10AA400053802060F4E72DE9F74F0C4609B9F7F77A
:10AA5000D1F80A6813680027002B51D1824201D037
:10AA60000028F4D15368002BF1D0B3F90200FCF7B1
:10AA7000B3FB2589D4F800B0002D45D1A38890F808
:10AA80005661DBF80400DB1B06FA83F6043E26F071
:10AA90000706F61AB6B23A46331D2146FFF7A5FF60
:10AAA0000746002800F08A8003687A6858680378AF
:10AAB00063F03F0300F8043B137943F01003137174
:10AAC000DBF8001032462B46FFF774FF2A46064695
:10AAD00029463846FFF790FD002E6FD02389019458
:10AAE0001E44268140F225236846ADF80230F6F771
:10AAF00001FD002862D003B0BDE8F04FF6F72ABF91
:10AB000099681B680F44A7E7BD4257D2B0F8569129
:10AB1000DBF80400A9F1050929F007091FFA89F9F2
:10AB200009F10503C5F105029BB23A442146FFF73E
:10AB30005CFF8046002841D003685A689246002195
:10AB40001AF8053B63F01F031370A388DB1B2B442B
:10AB5000DB101371DBF8006076B38D4201D1002366
:10AB600014E0B368CA1892B2954222D2691A89B227
:10AB70005B1A4B4528BF4B469B4673685A4619449F
:10AB8000504609F040FC36681FFA8BF34A463146BE
:10AB90005046FFF70FFF0544AF4281BFD8F80420AD
:10ABA000137943F010031371002206461146404604
:10ABB00090E736681146CFE73346E7E72068002183
:10ABC000FDF78CFD0023236003B0BDE8F08F4368E0
:10ABD000197801F0F801C0292DE9F0410446174623
:10ABE0001CD0E02915D11D79ED002668D6F8048027
:10ABF00001213046FDF740FE3B462A4621464046AD
:10AC000000F00EFA10B1414600F024FA002130465F
:10AC100000E00021BDE8F041FDF760BD0025E4E75C
:10AC200002480368002B18BF0020704740480020EE
:10AC3000024B1888013080B2188070473C480020D1
:10AC40004269013201D008F050BC83685B68184744
:10AC50000021FDF743BD000007B5074B07481B88DF
:10AC6000074A084900681BB20093074B08F0E0FD53
:10AC700003B05DF804FB00BF6C090020FC840100F8
:10AC8000C0C62D004C48002020020020002203688E
:10AC90000BB9038370471968C3E900220160F6E726
:10ACA00010B508B9F6F7A6FFFFF7F0FF002303621F
:10ACB00010BD0000F8B50C4B0C4C18680C4FFFF79A
:10ACC000BFFF04250646206A40B1E369F31ABB4280
:10ACD00004D9FFF7BDFF2046FFF7E2FF013D04F175
:10ACE0002404F0D1F8BD00BFFC8401005C480020C2
:10ACF000C0C62D002DE9F04F16468BB002460993D1
:10AD000012F8083B05920833C31804934B681A786D
:10AD100002F0F802C02A04460D4602D186B1F6F7C9
:10AD200069FFE02AFBD11A79B6EBC20FF7D15A1DA1
:10AD300000928A683EB1042A07D9A2F1050B13E0FC
:10AD40001A1D00928A68032A08D82846FFF780FF58
:10AD50004FF0FF3420460BB0BDE8F08F0099097822
:10AD60004129EAD0A2F1040BBBF1000FEDD01A8803
:10AD700052BAC2F30A0203925B885BBAADF81E3086
:10AD80009BB20893FFF796FF2378019363780293B1
:10AD90009E4B9F4C1868FFF753FF4FF0000806903A
:10ADA0004746C246236AA146002B00F0C880E38ACA
:10ADB000089A934240F0C680238B039A9A4240F04F
:10ADC000C180237D019A9A4240F0BC80637D029A43
:10ADD0009A4240F0B780019A0599201D09F072FA55
:10ADE000002840F0AF80029A049904F10C0009F0A9
:10ADF00069FA002840F0A680854B242202FB0A3322
:10AE0000069ADA61FFF728FF5446DFF804C22420CF
:10AE1000604300EB0C0706EB0B033A8B93420BD914
:10AE2000386AFFF715FF2846FFF712FF3846FFF78D
:10AE300037FF8DE7C846B5E7B1B25CF800804A1E1F
:10AE40005A44434692B25BBB4A1E12FA8BF292B24C
:10AE5000DFF8C49101921FFA8BFA39F833204FEAD8
:10AE6000C30E7ABBDFF8B491019ACE444CF800E0EF
:10AE7000AEF80410AEF8062049F833807B8BDFF87B
:10AE8000908153447B837EB3242303FB0488009981
:10AE9000D8F8203058685A46304409F0B4FA1FE018
:10AEA000B3F804E0724509D3B3F80690494505D8D4
:10AEB000714540F09F804A4540F09C8076450FD018
:10AEC0001B68C0E70133342BC7D1242303FB04C321
:10AED0004FF0FF34186AFFF7BBFE3846FFF7E0FE7D
:10AEE0002846FFF7B5FE35E7009B1B7803F0E0022C
:10AEF000602A1ED16B681B7803F0D803C02B04D0E6
:10AF0000242303FB0483186A8BE7012204212846CB
:10AF1000FDF77CFD0028F3D032463946284600F084
:10AF2000DFFD242303FB04831B6A002B7FF412AF95
:10AF30000EE7412B02BF009B01330093A4E7002FD3
:10AF400008BF2746B8F1000F09D0E269D8F81C30D5
:10AF50009B1A6FF00042934234BFA146C1460AF1EA
:10AF6000010ABAF1040F04F124047FF463AF57B966
:10AF7000D9F8200000283FF4D2AEFFF769FE48461A
:10AF8000FFF78EFE4F46099B039AB3FA83F3002125
:10AF90005B095B000846FDF7FBFC386200283FF4C4
:10AFA000D4AE436813B100221A605A60039B3B83FE
:10AFB000069BFB61019A0599381D09F024FA029A53
:10AFC000049907F10C0009F01EFA019B3B75029BE6
:10AFD0007B75BDF81E30FB8200237B83FFF73CFEB0
:10AFE0000B4B0C4AFB1A9C10002B02FB04F4BFF61F
:10AFF0000CAFAAE6242303FB04C36FF00104186A14
:10B00000FFF726FE3846FFF74BFEA3E6FC8401005F
:10B010005C480020398EE338F2480020EC480020DC
:10B02000F8B51F4604460D461646FFF763FE831C1F
:10B0300005D13B46324629462046FFF75BFE0028F5
:10B04000A3BF034B242202FB00300020F8BD00BF49
:10B050005C48002038B50D46044608B9F6F7CAFD2D
:10B060000029FBD0428B038B9A422ED1437D017D78
:10B0700000F10C020430FCF7ABFF236A40B918461C
:10B08000FFF7E6FD2046FFF70BFE4FF0FF3038BD1F
:10B090004268B5F9021051802979117169795171AD
:10B0A000B5F90610D18033B11A4611461268002A4C
:10B0B000FBD108601846002220621146FFF78AFA89
:10B0C0002046FFF7EDFD0120E1E70020DFE700006B
:10B0D0003C280FD8282806D8002818BF11280CBFF4
:10B0E000012000207047064B2938C0B2C34003F04E
:10B0F00001007047A0F1870358425841704700BFD4
:10B100000D000800024A13680360536843607047EB
:10B110002681010008B508B9F6F76CFDBDE80840C6
:10B12000B0F90200FCF758B81022002109F0DAB893
:10B130000021FDF7D3BA000010B50A4908220446E1
:10B1400009F0C0F848B12378FF2B08D1607800F0EF
:10B150000F00831E5842584110BD0120FCE700201B
:10B16000FAE700BF268101002DE9F34188461A491C
:10B1700003460868496815466A4603C2184623B361
:10B180005E7C16F0100625D11C7C802C20D0402C33
:10B1900020D9E708F91F781CC7F10F022944404461
:10B1A00009F090F8B0B93D4418F8073015F8080CCC
:10B1B00004F00704584004F108030DEB030414F8ED
:10B1C000083C1840B0FA80F0400902B0BDE8F081B8
:10B1D0000120FAE70020F8E73557010010B50446D2
:10B1E000084611468368934203D90022FDF70EFCFE
:10B1F00020B101462046FDF79BFA012010BD70B535
:10B2000005460E46144622B11046FFF73FFD0023C7
:10B2100023623046FFF78CFF2846BDE87040FFF7F9
:10B2200087BF00002DE9F04F8B4687B01C46924641
:10B230000AB9F6F7DFFC0368002B00F023815E6893
:10B24000BF496023237006F10807002363701022B2
:10B25000384609F037F8002840F091804FF0000997
:10B26000337EFF2B00F0188206F118052846FFF701
:10B2700017FB8046002800F00F82437CDB0640F17C
:10B280000B82294601F0A5FD3F2840F20582B9F165
:10B29000000F40F0068298F81130180700F00C8279
:10B2A000637863F07F0363700023A3700325336822
:10B2B0007278307823F4704323F0FF031109020100
:10B2C000002B7AD10A43D2B22378002A69D143F005
:10B2D00018032370B2791046FFF7FAFE002800F039
:10B2E0009480237843F004032370F379402B00F01B
:10B2F0009080FF2B00F09180012B40F0928023780A
:10B3000043F0010323708E491022384608F0DAFF1B
:10B31000002840F08A80637843F040036370337EF6
:10B32000FF2B40F05581637843F008026270728B06
:10B330006719002A40F01C81F269002A40F0188148
:10B34000328C002A40F01481727E022A40F0DF80A5
:10B35000326A002A40F0DB80B28C002A40F0D780AD
:10B3600096F82620002A40F0D28043F00B03637049
:10B3700096F827303B700135ADB2284683E0384659
:10B38000FFF78EFA814600283FF468AF437CDA0667
:10B390007FF564AF394601F01CFD3F287FF65EAFB4
:10B3A0005EE743F010032370337871781B016A1C49
:10B3B00043EA1113635595B28CE702F030006B1C21
:10B3C00008439BB218D1227842F0080222703268FA
:10B3D0003178C2F30322891042EA81126255326841
:10B3E00012BAC2F30B22E2549D1C326801339BB2A5
:10B3F00012BAE254ADB26DE70A43625532680235C3
:10B40000C2F30322E254ABB2E9E76B1C62559DB272
:10B410006BE7237843F0020374E7237843F00303D8
:10B4200070E76A1C635595B26DE7B9F1000F0FD153
:10B430003846FFF781FEB8B9631907F1100257F8D3
:10B44000041B43F8041B9742F9D11035ADB266E7EF
:10B45000637843F04003637099F8112011071EBF11
:10B46000A37843EA0213A370002200235046CDE9DB
:10B470000223FBF7BCFEDAF82C31DA0706D450467B
:10B48000FBF7BCFE002007B0BDE8F08F9AF854210E
:10B4900002AB0AF5A6715046FCF78AFD0028EEDBE8
:10B4A0005046FBF7ABFE32690092DDE9020271699A
:10B4B000009B94F801C0914208BF834209D002AAC0
:10B4C00039464846CDF804C0FFF74EFEDDF804C00B
:10B4D00010B14CF0300321E7009BB3F17F4F04EB38
:10B4E00005012AB20AD1B08AFE2807D14CF0200308
:10B4F0006370F38A6353023295B210E74CF0100385
:10B50000637033690B6073694B600832F4E7718CC8
:10B510002AB2B9B996F82410A1B943F00A036370AE
:10B52000737E3B700135ABB2B6F82510E15214FAC8
:10B5300085F596F82730AB70043295B21DE700BF51
:10B540004681010096F82210002940F0998043F0CE
:10B5500009036370737E3B700135ABB2D6F82310DC
:10B56000E15014FA85F596F827302B710632E4E79E
:10B57000B38BADF80830F38BADF80A30338CADF8EF
:10B580000C3002A8738CADF80E30FFF789F9002853
:10B5900076D0437CDB0673D5027CF37E9A426FD172
:10B5A000637843F004036370437C13F00F031EBF02
:10B5B000A2781343A370737E3B706B1C9BB2B27E68
:10B5C000E254AB1C9BB2726AE2500635ADB2D4E6CF
:10B5D000B8F1000F05D106F11800FFF7ADFD002806
:10B5E0004ED09BF80130002B4AD0B8F1000F0BD0A1
:10B5F000637843F00403637098F8113013F00F037D
:10B600001EBFA2781343A3709BF800109BF8012083
:10B61000083102AB59445046FCF7CAFC0028FFF63B
:10B6200031AFDDE90213D6F82090726A67789A424A
:10B6300008BF894506D002AA06F118014046FFF767
:10B6400093FD18B147F00307677096E6B9F17F4F95
:10B6500004EB05012BB20AD1B28CFE2A07D147F0C8
:10B6600002076770F28C625302339DB285E647F0A1
:10B6700001076770326A0A60726A4A600833F4E749
:10B6800006F118032C44283653F8042B44F8042BF5
:10B69000B342F9D1103599E7B9F1000F0AD04FF054
:10B6A000000899F811301D077FF4FAADB8F1000FCA
:10B6B0007FF4F1AD4FF000080225F8E52DE9F843DD
:10B6C00090F901301446002B064688464FF02702B9
:10B6D0004FF0000104F10100B4BF0325022508F07A
:10B6E00001FE60232370337803F01803082B3DD04C
:10B6F000102B4CD09BB9735D1A091B01711942F0D4
:10B700006002DBB2637022704A7802F00F021343CA
:10B7100063708A78A270EB1C0435F35CE3703378B5
:10B720005F075CBF735DA371337803F0030358BFF9
:10B730000135022B34D0032B34D0012B01D0735DA3
:10B740000135E371777817F040032DD038064ABFF2
:10B75000B0780020000917F0300726D0FFF7CAF8AC
:10B76000074610BB00252846BDE8F883735D9B099A
:10B770009B0043F060032370735D721903F00F03A5
:10B7800063705278A270AB1C0335F35CC6E7735D3F
:10B790001A0942F060021B01227063700135BEE796
:10B7A0004023CEE7FF23CCE71F464046FFF7B2FC1D
:10B7B000737803F07003402B81467CD048D8202B4F
:10B7C00057D00FD8711904F10800002B49D10B464E
:10B7D00001F1100253F8041B40F8041B9342F9D105
:10B7E000103501E0302B57D0737859070DD51A0664
:10B7F0004ABFB078002000F00F0013F00B0F04D008
:10B80000FFF778F807460028ACD0737803F00F03F1
:10B810000C2BA8D801A252F823F000BF2BB90000CE
:10B8200043B9000059B900008BB9000067B70000A8
:10B83000B1B90000CFB9000009BA00002BB900006F
:10B8400039BA00005DBA000081BA00009BBA00005E
:10B85000602B41D0702B55D0502BC5D187BBF6F74C
:10B86000C9F9FFF74FFC735923614B6863610835D1
:10B87000BAE704F10800FFF745FC4FF0FF32002360
:10B88000E2746FF0010223746374A374227563750C
:10B89000735BE3820235A7E7414604F1100311F818
:10B8A000082BFCF785FB0028FFF65CAF04F10800CD
:10B8B000FFF728FC98E704F10800FFF735FC93E751
:10B8C0007359236172193946536863613A7C04F1F4
:10B8D000080001F09DFACAE7002FC0D04FF0FF32F8
:10B8E0000023E2746FF0010223746374A374227561
:10B8F0006375735BE3823A7C394604F1080001F01A
:10B9000087FAC7E7002FAAD0414604F1100311F8C7
:10B91000082BFCF74DFB0028FFF624AF3A7C394694
:10B9200004F1080001F074FA5EE72E44183406F1C1
:10B93000100356F8042B44F8042B9E42F9D110351D
:10B9400011E704F11800FFF7DDFB73592362721948
:10B9500053686362083506E704F11800FFF7D2FB6D
:10B960004FF0FF32002384F823206FF0010284F8A7
:10B97000203084F8213084F8223084F8242084F8A0
:10B980002530735BE3840235EDE698F8001098F8F3
:10B990000120083104F1200341444846FCF708FB2C
:10B9A0000028FFF6DFAE04F11800FFF7ABFBDAE684
:10B9B000002F3FF454AF735923627219394653680C
:10B9C00063623A7C04F1180001F022FAC2E74FF0FA
:10B9D000FF32002384F823206FF0010284F8203026
:10B9E00084F8213084F8223084F8242084F825302B
:10B9F000735BE384002F3FF432AF3A7C394604F1A5
:10BA0000180001F005FABEE798F8001098F8012038
:10BA1000083104F1200341444846FCF7C9FA0028E4
:10BA2000FFF6A0AE002F3FF41AAF3A7C394604F17E
:10BA3000180001F0EDF996E604F11800FFF774FB29
:10BA4000FF232376735D63766B1CF218F358C4F8FA
:10BA50002330137984F82730063584E604F1180082
:10BA6000FFF762FBFF232376735D63766B1CF2188E
:10BA7000F35AA4F82530937884F82730043572E619
:10BA800004F11800FFF750FBFF23237602236376AF
:10BA9000735D84F82730013565E6002F3FF4DFAE93
:10BAA00004F1180097F81080FFF73EFB3A7C402A1B
:10BAB00088BF40224FF0FF0388BF3A742376735D3E
:10BAC00063762E4439467378A376E27604F11C003F
:10BAD00001F09EF973686362063587F8108042E6CC
:10BAE0002DE9F04F89B00F460592064608B9F6F7E2
:10BAF00081F88368012B0BD821B10846FFF7C6F8FF
:10BB000000233B62304609B0BDE8F04FFFF710BBA1
:10BB10004368039391B10D6A002DE8D0AB68272BE1
:10BB200017D828212846FCF7DBFF78B13A4629468A
:10BB3000304609B0BDE8F04FFFF761BB0223282271
:10BB40000846FCF725FF05460028DBD0AB68272B0D
:10BB5000CDD94FF0FF313046FCF7B8FD01900028F9
:10BB6000C5D04068FFF7D6FA019B6A685968039808
:10BB7000FFF7A4FD83460028D8D0B3688342D5D30D
:10BB8000039B1B785B0740F18881062302932824DE
:10BB9000039B13F80B3003F0F803E82B04D0F02BD1
:10BBA00000F0F580E02B16D1D6F8048018F80B30A1
:10BBB000012203F00E0902FA09F240F255110A427D
:10BBC00031D1B9F10E0F00F09080B3685B45ADD371
:10BBD000029B002BDCD1B168002F00F06081B7F828
:10BBE0001880AB682144A1EB0B01A8F128088B4217
:10BBF0001FFA88F89AD3B268686898FA98F893455B
:10BC0000A0F8048006D27168A2EB0B0259442044CC
:10BC100008F0F9FB002F00F054817B8B1C44A4EB4F
:10BC20000B047C836EE713F0010308BF08EB0B02E3
:10BC30000BF1010A0CBF927818F80A20A11C1144DC
:10BC400004910498A96881421AD369680819B9F166
:10BC5000080F3FF66BAF01A454F829F09BBC00001D
:10BC60002DBB0000DFBC00002DBB000097BC000016
:10BC70002DBB0000D3BC00002DBB0000D9BC0000D0
:10BC800004992846CDE90632FCF72AFFDDE90632A1
:10BC90000028DAD04AE74FF02C09029C01F8049002
:10BCA00003BB18F80A1001700BF1020A0293931FEC
:10BCB0000AF1010ADB08437008EB0A010230069220
:10BCC00008F0A1FB069A12EB0A0B3FF42FAF049C7D
:10BCD0007BE74FF03C09E0E74FF08709DDE74FF0E5
:10BCE0002B09DAE76B68C31AE0E74FF0FF31304603
:10BCF000FCF7ECFC024600283FF418AFAB6804F1F7
:10BD0000280A53450BF1010B31D351686B6804913C
:10BD100003EB0409084608EB0B030693FFF7FAF957
:10BD2000069B04994A461846FFF7C8FC00283FF4D2
:10BD3000FDAE6B68029929225A5418F80B3013F0A3
:10BD400004031EBF6A6809F106039B1A0293834429
:10BD5000A4B2AFB13B8B283B1B1B9CB264BAA9F8C1
:10BD60000440BBF1000F3FF4E1AE54462DE70490D0
:10BD700051462846FCF7B4FE049A0028C5D0D5E603
:10BD8000B368283B1C44A4EB0B04A4B2E6E70BF118
:10BD900001030393AB68D6F8048004F108094B450E
:10BDA00018F80BA021D369680AF0030E0BF101000B
:10BDB000BEF1020F18F800C001EB04020BF1020300
:10BDC00048D0BEF1030F54D0BEF1010F14D001F8DA
:10BDD00004C008EB0B0018F803305370C37893705D
:10BDE00000790BF10503D07014E049462846FCF7B2
:10BDF00077FE0028D7D099E682F800C018F8033003
:10BE000053700BF10403C3449BF80300A0F580506A
:10BE100040BA50801AF0040F7FF488AE18F803007F
:10BE20009071984403F1020B98F80130D3717FB3FD
:10BE30003B8B1B1B9BB25BBA9380029A11238B54E2
:10BE4000BBF1000F3FF472AEB3685B45FFF46EAE1A
:10BE50004C46C0E6ACF5805C9CFA9CFC21F804C022
:10BE600018F8033093700BF10403C3449BF80300EC
:10BE7000B9E74FEA1C100CF00F0CA0F57560ACF59B
:10BE8000756C40BA9CFA9CFC1080A2F802C0C1E715
:10BE9000B3680833A3EB0B03CCE728249BE62839CF
:10BEA0002144A1EB0B011FFA81F8284614FA81F115
:10BEB000FCF716FE00283FF49EAE2846FFF738F93F
:10BEC00020E6019BB34216D0334601991A461B68FF
:10BED00099420DD10B68136029460B460968002969
:10BEE000FBD1019A1A602846059AFEF773FB09E612
:10BEF000002BEAD1F0E7019B1E68EDE72DE9F04F3A
:10BF000087B0044640680392FFF704F90090206868
:10BF100000230546019325B96368029324BBF5F716
:10BF200069FEAB68019A2D681A440192F3E7CDB916
:10BF300023609A68186816441D46C0B1027B90F9C8
:10BF40000C30042A13D827FA03F3DB070FD5FCF7CC
:10BF50003BFD03460028EAD1204607B0BDE8F04F7C
:10BF6000FFF7E6B82B60E4E72E461527E5E7002E3D
:10BF7000D5D001230021F2180846FCF709FD8046C0
:10BF80000028E9D0D0F80490009A02994B46204648
:10BF9000FFF748F985B218B94046FFF7C9F8DBE763
:10BFA00023685B689B7904931846FFF791F8049B1C
:10BFB000B0B929464046FCF793FD21682046FCF7BE
:10BFC000B7FB0268C8F80020C0F800800028C3D082
:10BFD000DDE90021039B07B0BDE8F04FFEF728BB69
:10BFE00022681768002FD7D0292B00F0B98006D817
:10BFF0006BB1112B56D0FF264FF0000AD8E03C2B36
:10C0000005D04CD8A3F12B02D2B2012AF3D879681B
:10C01000BA6891F801B0012A0BF1010B4FEACB0B82
:10C020007FF67DAF5A45FFF47AAFABF1020292B2D0
:10C03000FF2AE0D82C2B0E7809EB050A00F0C78008
:10C0400000F2BF80002B40F0C080E0208AF80000A2
:10C0500030460493FFF73CF8002800F0BE80049BB4
:10C060002C2B05D14B885BBA9BB2072B00F2B58015
:10C070009AF8003043F001038AF800300120431C95
:10C080000AF8002002310AEB03000592049308F03D
:10C09000BAF9DDE9043203EB020A5A4681E0872B44
:10C0A000B5D0A8E7BB68072B09EB05017FF637AFD2
:10C0B00078680288438852BA6FF00F0692B209F886
:10C0C00005604FF2B00E22F00F065BBA76459BB2C8
:10C0D0001FFA86FC1FD123F00F0666451BD103EB28
:10C0E0000213A3F57023F326A3F52B6309F805606B
:10C0F00002224B7083798B541144C3794B7002F147
:10C10000020A394608222046FFF768F800283FF463
:10C1100043AFFF264CE003F47F46B6F5704F09D1DC
:10C12000F1220A7002784A7042788A70DBB2CB70D2
:10C130000422DFE702F47F43B3F5704F06D1F22308
:10C140000B704A7083788B70C378F0E703784B707C
:10C1500043788B708378CB70C3780B710522C9E765
:10C160007B689E79BB68272B09EB05027FF6D7AE6B
:10C170006FF01F0309F805303046FEF7A9FFE0B164
:10C18000E12309F805304FF0010A02EB0A03029996
:10C19000009A3846FFF746F800283FF4FDAE824487
:10C1A000282239462046FFF719F800283FF4F4AE5C
:10C1B0000AEB050295B23346F5E656704FF0020AD7
:10C1C000E3E73C2B07D1E62040E7E2203EE7E4200E
:10C1D00009F805003CE7E820FAE70B788AF8013017
:10C1E000FF2602204BE770B506460C461546102187
:10C1F0001A462120FAF747FB58B14368002264BA77
:10C200009E705A711A71DA70DC80296899606968C9
:10C21000D96070BD2DE9F8438946C1080646174626
:10C220000831089A22209846FAF72DFB054698B166
:10C230004468A67084F803900021826821717FBA57
:10C240006171E7800834083A204608F04BF832461E
:10C250004146204600F0DCFD2846BDE8F88370B575
:10C2600004460E46154618211A462320FAF70BFB02
:10C2700078B1436862BA5A802A689A606A68DA605C
:10C28000AA681A61240CEA685A6164BA76BA9C807A
:10C29000DE8070BD0021FCF721BAF8B5058907469C
:10C2A0000E461446002054B900237968082200F095
:10C2B00057FD96F90C30022B0FD00020F8BDBC4280
:10C2C000F2D0B442F0D02B462289616800F048FDDC
:10C2D000A36824682B449DB2E5E743191133B3F5F5
:10C2E000803F24BF013080B27168284411300023A0
:10C2F0002022083180B200F033FD4FF6FF739842E0
:10C300001CBFC04380B2D9E780B5574D574888B0AD
:10C310000023CDE90535564B1B88ADF81C3040F2A3
:10C320000523ADF80E3008216FF085030493F5F76F
:10C3300091F905A90420FCF737F940F2022601A87B
:10C34000F5F771F9BDF80630B34250D00DD840F280
:10C3500001229342F3D1029F3846FCF735FB044695
:10C3600060B93846FFF796FFE9E7A3F20323012BF4
:10C37000E5D803A901A8F5F72DF9E0E70221FCF7BC
:10C38000A5F9074608B9F5F735FC206830B190F9F2
:10C390000C30042B02D18368082B07D0042208211B
:10C3A0002046FCF733FB08B92046DBE70023237364
:10C3B000D0F80480B8F80630002BF5D02246394674
:10C3C000FFF76BFF4FF6FF739842EDD1B8F80210FC
:10C3D00049BA234640F2012289B20420FAF7C0FC90
:10C3E0000028ACD121460420F6F794FCDCE7DDF808
:10C3F0000880404698F90C70FCF7E6FA044608B944
:10C400004046AFE70068A0460028BCD090F90C3049
:10C41000042B1ED1FCF7D8FA0028C5D04268C8F812
:10C4200000000023816800680B440028FAD15BBA41
:10C4300093807B1C04BF236893F90C7040F20222A6
:10C44000234629463846FAF78BFC00287FF477AF5D
:10C45000AAE7FCF7B9FA03460028A5D0C8F80000FF
:10C4600000689846D0E700BF0000FFFF8C4A00201C
:10C470006C09002010B5044668B161B190F90C3028
:10C48000042B0BD10268FFF708FF50B1636840BA74
:10C49000D880002010BD6FF00D00FBE76FF04C005E
:10C4A000F8E76FF00100F5E738B514460D4601B125
:10C4B0000AB9F5F79FFB042308220021FCF768FA6C
:10C4C00038B1436800226DBA64BA1D805C809A71ED
:10C4D000DA7138BD1FB5094CB4F9000060B9084BDA
:10C4E000CDE90103074B0093052203464FF4E071A9
:10C4F0000548F5F76DFA208004B010BD8C4C002083
:10C500003E57010009C30000CC4A002010B5044684
:10C5100001784278054807F05DFE6188044849BA11
:10C52000BDE8104089B207F055BE00BF4257010078
:10C530005D5701002DE9F04104469DF8248080F804
:10C54000008010200F461E469DF82810069B607044
:10C55000154602B10FB11BB116B90020BDE8F0813C
:10C5600018F0050F39D0C5BB002BF6D0A1709DF88F
:10C570002020E270022B9DF82120227133D0082B5D
:10C58000EBD11C236370221D06F1080313F8011D73
:10C5900002F8011FB342F9D1002D4ED00D23BDF892
:10C5A0001C10BDF82020914233D1227842F0400285
:10C5B0002270022D36D0082DCFD1627862F03F0272
:10C5C000627007F108021C4412F8011D04F8011BF7
:10C5D000BA42F9D103F10800C0E7A170002BC6D11F
:10C5E000B5B90320BAE716491A46304607F06AFE85
:10C5F00018B928F0200884F8008018236370737835
:10C6000063713378A3710DB90720A7E70723C6E745
:10C6100003239DF81C10E1545A1C9DF81D10A154D1
:10C620000233C6E7627862F07F0262707A78E25481
:10C63000981C23443A785A7090E70D208EE700BF8B
:10C64000F48001000178024601F00700022828D09A
:10C6500098B1537803F00C03082B12D00C2B13D095
:10C6600001F0400003431ED10320527812F0C002B3
:10C670000CD1002B08BF0020704711F04003F3D00D
:10C68000704707200123F0E70D20FBE74B0658BF5A
:10C690000230802A01D102307047C02A03D108300D
:10C6A0007047032070470020EAE770B5034601B1E8
:10C6B0000AB9F5F79FFA407800F00C00082820D15D
:10C6C0001878440618D40724587810F0C00027D0F2
:10C6D0001D786D0607D4402820D01E5D1670651C9D
:10C6E00002345D5D5570802820D11A5D4A701C446B
:10C6F000022063780B7013E0D878107018795070AE
:10C70000E1E70C2809D11878400601D40D24DBE7B5
:10C71000D878107018795070F8E710B16FF01500E4
:10C7200070BD18784606F9D40324CDE7C028F5D1AA
:10C73000234401F1080213F8010B02F8010D8A42AB
:10C74000F9D10820ECE708B501B10AB9F5F752FABA
:10C75000437803F00C03082B09D1C37813700379D5
:10C76000537043794B7083790B70022008BD0C2BFA
:10C770000ED1C378137010F8043F537001F1080311
:10C7800010F8012F03F8012D8B42F9D10820EDE7B5
:10C790003BB9037813F0400F14BF6FF01500002071
:10C7A000E4E76FF01500E1E707B503688DF80710BF
:10C7B000DB690DF107020221984703B05DF804FB25
:10C7C000036800221B6A0221184700000B78032B24
:10C7D00005D0072B00D02BB90368DB6A1847034B41
:10C7E0000362F9E76FF01500704700BF6003400176
:10C7F00010B50446FFF7D8FF002805DB2046FFF7F9
:10C80000DFFF0B30FAD0002010BD036810B5DB69E4
:10C810000022012104469847002808DB23680022F3
:10C820001B6A0121204698470B30F7D0002010BD2D
:10C83000036810B4DC680023A4465DF8044B60472D
:10C84000002370B50D468377012104461646FFF795
:10C85000CFFF08B1F5F7CEF9A36932462946204645
:10C860005B68BDE87040184703689B6B184710B5BC
:10C8700090F82930032B04460DD8013380F8293075
:10C880000121FFF7B5FF08B1F5F7B4F9204601F033
:10C8900066F8032010BD0021FFF7E6FF20460022C6
:10C8A0000221FFF7CDFF0220F4E70368DB6B184796
:10C8B00038B500210446FFF79BFF054638B92368C9
:10C8C000216B5B6820469847204601F048F82846CF
:10C8D00038BD036813F0010008BFC3F38000704740
:10C8E00073B590F82E60731E04460D46042B36D89F
:10C8F000DFE813F005004C0064009500F2004D1EC7
:10C90000062D2CD8DFE805F00A2D2B2B042B350043
:10C91000FFF7CEFF00284FD0012611E0002120466E
:10C92000FFF766FF05460028F8D1236820469B687C
:10C930009847032809DDA36920461B68984702260B
:10C94000304684F82E6002B070BD2A46114620465B
:10C95000FFF76EFF2046FFF758FF0028DCD0F5F701
:10C9600049F900212046FFF743FF02460028F8D18D
:10C97000ECE70021FFF718FF0028CDDB2046FFF78A
:10C980001FFF0B30FAD002252E46D9E705290FD01C
:10C9900007D84D1E012DE2D800221146FFF748FFAF
:10C9A000CDE70629DBD1FFF730FF0028B4D0C6E77A
:10C9B000FFF77EFF0028C2D10326C1E7022906D86F
:10C9C0000029CCD000221146FFF732FFF4E70429FA
:10C9D000C5D103681B68DE0718D4980716D402F087
:10C9E00013FC94F82B10638C01405943514B186889
:10C9F00006F0FCFE94F82B30627F591CB2EB510F0D
:10CA000082BF5B0043F0010384F82B3023680022CF
:10CA1000DB691146204698471030F7D0B4E739B1AA
:10CA20004D1E012D9BD800221146FFF701FF87E71D
:10CA3000036801AA1B6A9847002890DB9DF8041040
:10CA400003298CD8DFE801F0070224322068FFF7C1
:10CA500040FF002883D00023206884F82A30FFF7A5
:10CA600038FF08B9A37F23B901AA2046FFF7E8FEE3
:10CA700065E720460121FFF7F7FE2046FFF7C5FED8
:10CA800000287FF46CAF204600F072FF052657E7C0
:10CA90002068FFF71EFF00283FF461AF002384F8F1
:10CAA0002A302046FFF7E3FE064649E723681B6865
:10CAB000D90702D501AA0321D7E79A07FAD494F837
:10CAC0002A305A1C84F82A2094F82C209A42F1D952
:10CAD000204600F044FF6FE7022926D00329E0D06A
:10CAE00001297FF43CAF03681D6815F004057FF44D
:10CAF00036AF032201A9FFF79BFE0028C6D09DF8A0
:10CB000004309B07C2D5204600F03CFF9DF804602E
:10CB100094F829308DF801302946C6F300162046D6
:10CB2000FFF7A2FE6A4631469FE700221146FFF753
:10CB30007FFEABE7FC84010008B590F82E20013A97
:10CB4000012A02D96FF00F0008BD09B90020FBE7E8
:10CB50004A6812780163C2F34012017F8277002293
:10CB600080F8292080F82A2001228A40013A80F8A2
:10CB70002B200521FFF7B4FE0328E7D0E2E70123CD
:10CB80002DE9F34180F82E3003685B69044688463E
:10CB900017469847051E70DB3B68E3607B6823619E
:10CBA000B8F80030A3822323A38440F20353A38365
:10CBB0000423A38523681B681A0759BF0521022295
:10CBC0001A21002213F47C3004F10C06E18484F86D
:10CBD000282001D1F5F70EF85F0461D490FAA0F196
:10CBE00003F4E047B1FA81F10122B7F5804F02FA70
:10CBF00001F155D0B1F5804F43DCD8044CD403F497
:10CC00004053A3F500514B424B41934084F82F30E1
:10CC1000236820469B6998470B30F9D004F1140231
:10CC200000212046FFF741FE324601212046FFF752
:10CC30003CFE04F1240202212046FFF736FE94F860
:10CC40002F308DF80030E38CADF8023094F82830A6
:10CC50008DF80430694694F82D308DF80530204663
:10CC6000FFF7B4FD23686FF045015B6A20469847E3
:10CC70002046FFF7CAFD0028FAD1284602B0BDE8D9
:10CC8000F08103F47043B3F5004F07D0B0F5003FD7
:10CC90000CBF06230023B9E71346B7E70423B5E723
:10CCA0000323B3E7F8B590F82E707B1E012B0546E1
:10CCB0000E462AD8012F13D031462846FFF786FDAD
:10CCC000041E14DA2846FFF77BFD0B30FAD0012F43
:10CCD0000BD12846FFF799FD044630B1F4F78AFFDF
:10CCE0000021FFF761FD041EE6DA2046F8BD7388D7
:10CCF000EB84337985F82830737985F82D303378D3
:10CD0000072B18BF85F82F30DCE76FF00F04ECE736
:10CD100008B590F82E30012B09D0022B04D1062142
:10CD2000FFF7DEFD012805D06FF00F0008BD6FF0A2
:10CD30007700FBE70020F9E708B590F82E30012BCB
:10CD400004D0022B09D06FF00F0008BD0721FFF7B8
:10CD5000C7FD0228F7D10020F7E76FF07700F4E76E
:10CD600070B5AAB1DC0705D511F8014B013A204492
:10CD700092B2013356080024B4420AD31A44D307AE
:10CD800003D511F8163000EB0320030C08D180B254
:10CD900070BD31F814506DBA10FA85F00134EBE72C
:10CDA00013FA80F0F1E730B5426805680C684B680B
:10CDB0009A4208BFA5420AD18468C268CB688868D5
:10CDC0009A4208BF84420CBF0120002030BD0020E1
:10CDD000FCE710B590B1B9B1884217D0431E0139B4
:10CDE000002013F8012F11F8014FA24207D0624032
:10CDF000B2FA82F2183852FA80F0C0B210BD083090
:10CE0000C0B28028EDD1F9E70846F7E78020F5E7C2
:10CE1000802A28BF8022F8B5D50814462A4606463F
:10CE20000F4607F0F0FA63070DD0C4F10804735DF4
:10CE300004EBC504FF22A24023EA02037355795D87
:10CE40000A4013437355F8BD024610F8013F23B161
:10CE50008B42F9D100230370901C0378002B08BF8C
:10CE60000020704710B51446FFF7EEFF18B1BDE87B
:10CE7000104006F07FBE204610BD00002DE9F74FA0
:10CE80000F460192054618B111B1531E272B04D944
:10CE90000025284603B0BDE8F08F1022002107F0DE
:10CEA00021FA3B783A2B2DD17B783A2BF0D107F140
:10CEB00001080024A2462646A146019BA8EB0702D2
:10CEC0009A4221D3BAF1000F08D0A21C102ADFD851
:10CED000631CDBB2310A2955EE54D4B2B9F1000F0C
:10CEE00044D02C44A4EB090305F1100205F1110014
:10CEF0000026811A8B42CCDB14F8011D02F8011DBB
:10CF00002670F6E7B846D4E798F800B019485946B5
:10CF100007F0F0F980B91848594607F0EBF968B105
:10CF2000154BC31A43EA0616B6F5803FB0D24FF050
:10CF3000010A08F10108C0E70E4BF2E7BBF13A0F16
:10CF4000A6D1BAF1000F05D1B9F1000FA0D105EBC0
:10CF50000409EEE7A21C102A9AD8631CDBB2310A3E
:10CF600029558246EE54D4B20646E2E7102C8FD102
:10CF70008FE700BF815701007057010038B50C469C
:10CF8000054650B149B1084607F04BFA2146024622
:10CF90002846BDE83840FFF771BF002038BD0000CB
:10CFA0002DE9F0478C468AB0074620B9002738465D
:10CFB0000AB0BDE8F0870029F8D000264FF0FF3016
:10CFC0003546034634463CF81610002938D1591C22
:10CFD00013BF013433B2012424B20136082EF2D13A
:10CFE0005E1C39D0411C03D0AC42DCBF03462C464A
:10CFF000022CACBF18464FF0FF30DFF8E0804FF056
:10D00000000E6B4669464FF03A0970452BD103F884
:10D01000019B00EB040EBEF1070FF6DD451C05D0A9
:10D020000444082C04BF3A2003F8010B002003F845
:10D03000010B5B1A9342B9D8384607F0DCF9B6E722
:10D04000591CCAD0411C04D0A54202DB4FF0FF336B
:10D05000C3E725461846F9E7461C02D003462C468E
:10D06000C6E72C46C9E7BEF1000F01D003F8019BCB
:10D070001CF81E600CEB4E050F2E6D7818D94FEA88
:10D08000161A06F00F0618F80AA018F806605E7067
:10D090002E0983F800A018F806609E70033305F08F
:10D0A0000F050EF1010E18F8055003F8015BB2E709
:10D0B00066B118F806A01E4606F802AB4FEA151A2C
:10D0C00018F80AA083F801A03346E8E70F2D82BFC5
:10D0D0002E0918F8066003F8016BE0E7815701009C
:10D0E00010B5017801F0F003602B8AB0044603D03C
:10D0F0001B48090907F06EF822786378110101F0E6
:10D10000300041EA1311C2F3810240EA1313C9B29D
:10D11000144807F05FF82168134809BAC1F31301F6
:10D1200007F058F8A188E379A279104849BA89B282
:10D1300007F050F8282204F108016846FFF730FF95
:10D1400001460B4807F046F8282204F1180168460A
:10D15000FFF726FF0146074807F03CF80AB010BD6C
:10D1600092570100AF570100E0570100F557010049
:10D17000225801003658010038B5054604F0D7FFA3
:10D18000044605F11000F4F7ABFA204638BDF8B5B7
:10D1900004460D46164600F1100732462946204641
:10D1A00004F08CFF00B1F8BD01213846F4F762FAB3
:10D1B000F3E70346A3F130020846D1B2092901D8AA
:10D1C00010467047A3F14102052A02D8A3F13700A7
:10D1D0007047A3F16102052A98BFA3F15700704779
:10D1E000042808B507D1082A0BD1086818604868D8
:10D1F0005860104608BD0146034806F0EBFFF4F7FF
:10D20000F9FC6FF01500F5E74F580100042810B540
:10D21000144634D10022042C5A701A701CD0082CE9
:10D2200004D0022C1FD06FF0150010BD0A7882F0D8
:10D2300002021A704A785A708A789A70CA78DA703C
:10D240000A791A714A795A718A799A71CA79DA71A6
:10D25000002BE8D00820E8E70A7882F002021A7072
:10D260004A785A700222FF240020DC70FE24987055
:10D270001C715871885C987111444A78E7E701463F
:10D28000024806F0A7FFF4F7B5FC00BF4F580100B5
:10D29000042808B505D00146074806F09BFFF4F7BF
:10D2A000A9FC0B6813604B685360137883F002038A
:10D2B0001370082008BD00BF94580100042808B569
:10D2C00008D14B78012B0BD0022B0CBF08206FF03C
:10D2D000150008BD0146034806F07CFFF4F78AFC00
:10D2E0000220F6E7D65801006FF0850070472DE95F
:10D2F000F84380460E4615460AB110B909B1F4F755
:10D3000079FC00242C702F4606F1FF39B44202D17B
:10D310002846BDE8F88318F804103846F5F758F9A0
:10D320000744A14514BF3A23002307F8013B013409
:10D33000ECE72DE9F84F07460D4609B9F4F75AFC1A
:10D3400018B900263046BDE8F88F0378002BF8D0D6
:10D350000346984613F8016F002EFAD12C464FF081
:10D36000010AB8450CD2BAF1000FEAD1631E9D4202
:10D37000E8D21A78297803F8011905F8012BF6E7A5
:10D38000C3464FF0FF311BF80109FFF712FFB0F160
:10D39000FF3F814606D1BAF1000FD2D14FF0010A0A
:10D3A000D846DEE75F4510D818F8010C0021A8F137
:10D3B000020BFFF7FEFE234649EA001903F8019B22
:10D3C00001361C464FF0000AEAE70020F3E773B588
:10D3D0000A460C462321054606F084FF684601F004
:10D3E00031FE6946002241F2055311F8010B03EBAF
:10D3F00043130344B2FBF4F004FB102001322E5C13
:10D40000082A86EA03062E54EFD1002341F2055282
:10D410009C4201D102B070BDE95C02EB42120A44A9
:10D42000B3FBF4F104FB11310133685C50406854E4
:10D43000EEE770B504460E461546FFF7C8FF2378A1
:10D440000121B1FBF6F171436B40C1F10101237081
:10D45000635C83EA1523635470BD38B50C460546FA
:10D4600008212046FFF7B3FF2A7BA3795340A3711D
:10D470006A7BE3795340E371237823F0010343F09F
:10D480000203237038BD70B5044601F0BDFE0023D1
:10D49000638422460123A07723742323638252F8F6
:10D4A000123B9D692046AC460223BDE87040062130
:10D4B00060471B2910B511D81B2911D8DFE801F0EE
:10D4C0003110131B25252D101010101010101010E6
:10D4D00010501010101010371047104128293BD061
:10D4E0006FF0850010E0012B01D8F4F783FB838AED
:10D4F0001380022008E0072BF7D9D0F8163013600C
:10D50000D0F81A305360082010BD022BEDD1418CA9
:10D51000490748BF08231380EBE7022BE5D1438A74
:10D52000F9E7022BE1D1C37F13800120ECE7012B47
:10D53000DBD1438C13F0200F14BF012300231370A1
:10D54000F3E7012BD1D1438C13F0020FF4E7012B49
:10D55000CBD190F91030F2E7022BC6D10423DAE7E1
:10D56000012BC2D96623D6E710B50C46062C11460E
:10D570001A4607D8062C0BD8DFE804F00D0A171F4F
:10D580002B2B3E00192C4ED01B2C43D0172C38D0FF
:10D590006FF0850008E0022A01D0F4F72BFB0B881E
:10D5A000FF2BFAD8C377022010BD022AF5D800233A
:10D5B0008382143006F027FFF5E7082AEDD8002310
:10D5C000C0F81630C0F81A30163006F01CFF0820DC
:10D5D000EAE7022AE1D10B88022B04D0082B07D0FE
:10D5E0006FF06900E0E7438C23F004034384DAE73B
:10D5F000438C43F00403F9E7022ACED10B8843821F
:10D60000D1E70A78438C12B143F02003EEE723F010
:10D610002003EBE70A78438C12B143F00203E5E7FD
:10D6200023F00203E2E7012BB7D191F90030037434
:10D630001046B9E7C26E436842F00102C26600219B
:10D64000184737B51C4650F8283F29B922B99B68BE
:10D6500003B0BDE830401847DD6801ABA84734B1DE
:10D660009DF80430AE3B23809DF80530A37003B0D5
:10D6700030BD283812B1537880F87430012380F817
:10D68000753002294FF0040380F8763005D0032965
:10D6900002D16FF00F03036770476FF07503FAE76D
:10D6A000012380F84D30022380F84E307047032963
:10D6B000A0F128000BD0042904D001290BD0436825
:10D6C00000211847C36E43F00203C366F7E7C36E39
:10D6D00043F00403F9E7C36E43F00803F5E7006F76
:10D6E0007047422970B414460DD0572912D01A2918
:10D6F00013D190F85630022B14BF0223012313706C
:10D70000002070BC704790F97430002B08DB237048
:10D710000120F6E790F85730F9E770BCFFF7C9BE73
:10D720006FF08500EDE72DE9F041044600F1280790
:10D730004FF001080026EFF3108372B6E56EE6663F
:10D74000EFF3108362B6EB0603D504213846FFF7EA
:10D75000C7F8E80703D503213846FFF7C1F8A90742
:10D7600003D500213846FFF7BBF86A0703D501212E
:10D770003846FFF7B5F82B0714D502213846FFF7D6
:10D78000AFF84FF00008E26E002AD4D194F875305B
:10D79000F3B16368B8F1000F0BD141462046BDE8F4
:10D7A000F0411847002D14BF4FF0000808F00108A1
:10D7B000E9E794F8761084F875202046984794F8A5
:10D7C0007630032B04D03846BDE8F041FFF7A0BA0D
:10D7D000BDE8F08110B504462830FFF7ADF9002808
:10D7E000A4BF032384F87630206710BD37B5044604
:10D7F00000F116052946F4F7FDFD237F03F07F03B2
:10D800002375637F63752A4604F1140104F128002F
:10D81000FFF7B5F900281BDB2046FFF734FEB4F80C
:10D820004E30ADF806300DF10602022300212046ED
:10D8300094F95550FFF798FE064A01231721204618
:10D84000FFF792FE20466368A584052198470020D3
:10D8500003B030BD568101000629F7B504460E46D7
:10D8600015461F4600F1280007D806290BD8DFE827
:10D8700001F0310A131C0A0A2700142965D01A295D
:10D8800051D0102938D03B462A463146204603B0B5
:10D89000BDE8F040FFF768BEA36A0021DB6B984744
:10D8A0000028F0DB2B88A387EDE7A36A0121DB6B5F
:10D8B00098470028E7DB2B6863636B68A363E2E7A4
:10D8C000A36A0221DB6B98470028DCDB2B88A4F8D5
:10D8D0004C30D8E71388ADF8023094F850308DF80A
:10D8E0000430072294F855308DF8002069468DF8F1
:10D8F0000530FFF7D7F9C6E707238DF80030B4F8F5
:10D900004E30B2F90050ADF80230694694F850300C
:10D910008DF804308DF80550FFF7C4F9002800DBBE
:10D92000A58403B0F0BD1378012B04D0022B07D0DF
:10D930006FF08500F5E703B0BDE8F040FFF7FCB9F4
:10D9400003B0BDE8F040FFF7E3B91178A36A4900DE
:10D950009B6B01F0FE0103B0BDE8F0401847436C3B
:10D9600043F0100328380021C366436818470000BD
:10D97000034B028C00F13401186805F00CBE00BFA7
:10D98000FC840100064B10B5A0F1280400F134011D
:10D99000186805F0E7FDE36E23F00103E36610BDB0
:10D9A000FC840100054B0360054B0364054B0363D6
:10D9B000054BC0E919300020704700BF58810100B5
:10D9C00074810100AFD6000035D6000050B1EFF3EE
:10D9D000108272B6054B19680160186082F31088D6
:10D9E000002070476FF01500704700BF904C00207A
:10D9F00010B9024B1868704700687047904C0020BF
:10DA000073B50D46064608B9F4F7F4F8082903D9AA
:10DA10000024204602B070BD0A4B1C68002CF7D0D1
:10DA200069462046F9F7CAF9684606F0FAFC8542CD
:10DA300006D12A466946304606F069FC0028E8D03F
:10DA40002468EBE7904C00202DE9F8430023814641
:10DA50000D460B6014461AB96FF01500BDE8F88347
:10DA6000104606F0DEFC25210746204606F042FC63
:10DA70000646D0B100F10108404606F0D2FC01464E
:10DA80004046FFF7BDFF28608046304606F0C9FCDF
:10DA90003F1AB8F1000FDFD03A4621464846FFF75B
:10DAA000EDF90028D8D00020D8E7FFF7A1FF2860C3
:10DAB000FFF79EFF0028EFD02E60EDE7014B1868BE
:10DAC00006F056BA840200207047000030B50346C5
:10DAD000EFF3108472B6094A094D10680144A94257
:10DAE00005D8084DA94202D31160421C03D10C2273
:10DAF0001A604FF0FF3084F3108830BD28020020F8
:10DB000000000420A05300201946104604F018BA63
:10DB10001946104604F0FAB9132303604FF0FF30A2
:10DB20007047132303604FF0FF30704713230360E7
:10DB30004FF0FF30704702294FF0000303608CBFA5
:10DB4000002001207047F4F731BA00000C2907D8F3
:10DB500041F21903CB40DB0706D44FF0FF3070478A
:10DB600040F20C639942F8D110F0200F00F01F0032
:10DB7000044B00F5E07008BF4FF0A04343F82010BD
:10DB80000020704700030050024B0122C3F8042517
:10DB9000704700BF00D000400F4B70B501220F4C02
:10DBA000C3F8042301441A604FF400550022884250
:10DBB00005D10122C3F808235A6070BD20BFD3F8F5
:10DBC0000061002EFAD0D3F8086500F8016BC3F8A5
:10DBD0000021C4F88051EAE700D0004000E100E0F5
:10DBE00000234FF440311A0102F180420133092B26
:10DBF000C2F80819F7D1FEE708B5F4F7E7FB064BC2
:10DC000001225A6005494FF4003008600021C3F832
:10DC100008151A6008BD00BF0010014000E100E0D7
:10DC2000014BD3F80405704700100140064B196002
:10DC3000064B1A60064B20F07F404FF48032C3F849
:10DC40004005C3F804237047A04C00209C4C0020E2
:10DC500000100140024B4FF48032C3F80823704794
:10DC600000100140014B01221A6070470010014072
:10DC700010B5134CD4F84031012B0BD10023C4F85C
:10DC800040314FF480330F4AC4F808330E4B10680C
:10DC90001B689847D4F80431012B07D100230B4AA5
:10DCA000C4F804310A4B10681B689847094B1B687D
:10DCB0002BB1094B4FF080525A60BFF36F8F10BDEC
:10DCC000001001409C4C0020A04C0020944C0020EF
:10DCD000984C0020DC08002000ED00E0F8B5204E54
:10DCE00006EBC00305461F790024A74209D81D4B47
:10DCF0001B682BB11C4B4FF080525A60BFF36F8FE3
:10DD0000F8BD56F835C00CEB8403D3F84011012957
:10DD100023D100221548C3F840210C2303FB05033F
:10DD20001A7A42FA04FE1EF0010F16D093F809E0A9
:10DD30004EFA04FE1EF0010F08D1A14022EA0102B2
:10DD40001A724FF48033A340CCF808330C236B4392
:10DD5000C2182146C358506898470134C5E700BF30
:10DD60008C810100DC08002000ED00E0A44C0020C4
:10DD7000032808B501D9F3F73DFF0A2008BD0000CC
:10DD8000032808B501D9F3F735FF092996BF0248E2
:10DD90000020C84008BD00BF0024F4000328F0B5EF
:10DDA00002D94FF0FF30F0BD1F4D0C2444432E1913
:10DDB0002A5173601D4BC60053F8304003EBC0007E
:10DDC000012540796560C4F808050020C4F8040501
:10DDD000E560174DA9421AD19919C4F810050879C0
:10DDE00000210D46884218D86AB133449A7993F9D4
:10DDF0000630002B07DB0123510902F01F0293407C
:10DE00000C4A42F82130012323600020CBE7013087
:10DE10000A284FEA5505DDD1C3E701F1500701316A
:10DE200044F82750DEE700BFA44C00208C8101009D
:10DE30000024F40000E100E0134B03EBC00210B536
:10DE400012798A421DDD53F830204FF480338B4025
:10DE5000C2F80833D2F80042012303FA01F124EAA0
:10DE600001040A4BC2F800420C2202FB0030037A84
:10DE700023EA01030372437A23EA01034372002079
:10DE800010BD4FF0FF30FBE78C810100A44C002057
:10DE9000064B03EBC00253F83030127903EB8203D8
:10DEA00001221A64D3F84005704700BF8C8101003D
:10DEB0002DE9F84FDFF8A48008EBC00A05469AF870
:10DEC00004308B42164642DDFFF7E2FF8419EFF380
:10DED000108772B61F4B58F835B00C2202FB053381
:10DEE0004FF001091A7A09FA01F002431A725A7ABC
:10DEF0000BEB810822EA00025A720023C8F8404561
:10DF0000C8F84031D8F840314FF480338B40CBF81B
:10DF100004332846FFF7BCFF9AF805200E4B53F850
:10DF20002230241A1C40A6420CD2D8F840314BB9FA
:10DF3000CBF804902846FFF7ABFF4844C8F84005EB
:10DF4000CBF8009087F310880020BDE8F88F4FF0E1
:10DF5000FF30FAE7A44C00207C8101008C81010095
:10DF6000024B53F8303001221A6070478C81010057
:10DF7000024B53F8303001221A6170478C81010046
:10DF80000020FFF7ABBE0120FFF7A8BE0220FFF77D
:10DF9000A5BE0320FFF7A2BE70B50C46154601468C
:10DFA000002840F093804B4A4B4EC2E90053C6F81C
:10DFB0006C052DB12C20FFF7C9FD2C23C6F81435B4
:10DFC00003212B20FFF7C2FD434B2B22C3F80C2566
:10DFD000B4F5614F4FF0FF32C3F80825C3F81025A0
:10DFE00052D020D8B4F5615F47D011D8B4F5965F10
:10DFF00041D008D8B4F5966F2FD0B4F5166F37D04E
:10E000006FF0850070BDB4F5165FF9D1334A26E094
:10E01000B4F5E14F34D0B4F5164F33D0B4F5964F84
:10E02000EED12F4A1BE02F4A944233D00AD8B4F5E0
:10E03000E13F2BD0B4F5613F2AD0B4F5963FDFD154
:10E04000294A0CE0B4F5612F27D0284A944226D003
:10E05000B4F5E12FD4D1264A01E04FF49E22C3F853
:10E0600024251D4B0822C3F80025DDB90020C9E78F
:10E070004FF41D22F3E71F4AF1E74FF46C12EEE76D
:10E080001D4AECE71D4AEAE71D4AE8E71D4AE6E7B4
:10E090001D4AE4E74FF08062E1E71C4ADFE74FF0FA
:10E0A0008052DCE701211A4AC3F83815C3F8342539
:10E0B0001022C3F80423D3F8002242F02002C3F850
:10E0C00000221960134B04221A60CFE76FF0120090
:10E0D00098E700BFD84C00200020004000502700E7
:10E0E00000A04E0090D0030000903A0140420F0083
:10E0F00000705F0700B0130000F0750000509D0035
:10E1000000F0EB0000E0D70100B0AF0300D0BE0E7E
:10E11000D44C002000E100E008B508B1F3F76AFD37
:10E12000024B01225A60C3F8000508BD00200040E0
:10E130002DE9F0410D4688B0164608B1F3F75AFDB7
:10E140001C4CD4F800352BB111F0005723D16B468D
:10E15000B74202D308B0BDE8F081A6EB0708B8F1DA
:10E16000200F28BF4FF0200842461846E91906F054
:10E170004AF90022C4F820210122C4F844050346CC
:10E18000C4F84885A260D4F82021002AFBD00122DF
:10E19000E2604744DCE70123C4F82001C4F84415D9
:10E1A000C4F84825A360D4F82031002BFBD001230C
:10E1B000E360CFE70020004008B50D4BD3F81021F5
:10E1C0005AB10022C3F81021D3F83C352BB1094BCA
:10E1D00009491A68097858689047084B1B682BB1A1
:10E1E000074B4FF080525A60BFF36F8F08BD00BFDE
:10E1F00000200040D84C0020D44C0020DC08002037
:10E2000000ED00E00129F0B504460ED1012A4FF0DF
:10E21000000507BF1030A57604F1700084F87A502D
:10E22000046002724172436003E0881E012801D934
:10E230000020F0BD04F11C050126012A14BF05F1E0
:10E2400060072F46384697F809C0BCF1000F07D188
:10E25000BE720136082E05D00C350028EDD0DFE760
:10E260000020F6E70028DBD1E2E7017A0368827A32
:10E27000012907D12AB9D3F8D0304FF48062C3F80E
:10E2800004237047002AFCD1D3F8D0304FF40002A9
:10E29000F5E7017A0368827A012907D12AB9D3F810
:10E2A000D0304FF48062C3F808237047002AFCD1B5
:10E2B000D3F8D0304FF40002F5E7D0F8D030012287
:10E2C0005A6570470268837AD2F8D02010B40BB92F
:10E2D000C2F85C31047A0121994014B94C3342F8F8
:10E2E00023405DF8044BC2F86C14FFF7BEBF38B58D
:10E2F000D0F8D030D3F8002104466AB10022C3F828
:10E3000000210421436880F8D4209847D4F8D03005
:10E310000122C3F8042338BDD3F85821002AFAD0CB
:10E32000D3F80054EA0502D5436806219847AB05A7
:10E3300003D56368072120469847D4F8D0300022DF
:10E34000C3F8582140F60172C3F800244FF480024C
:10E35000DFE70000F8B5867A04680F461546A6BBCD
:10E360008B0701D0F3F746FC017AD4F8D0300129AD
:10E3700015D16AB994F8D420022A09D1196504F19B
:10E380001000A3689847042384F8D4302846F8BDC9
:10E390000122C3F80076C3F804565A60F6E7C3F8C2
:10E3A0000077C3F8042794F8D410012908D119651F
:10E3B000032384F8D43004F17000A3689847E5E79C
:10E3C0000229E3D10122DA64E0E7017AD4F8D030FF
:10E3D0001422012902FB063214D1C2F8007603EBA5
:10E3E0008603C2F804560C4A8220C2F81C0C5960FD
:10E3F000D3F808110029FBD00021C3F80811C2F896
:10E400001C1CC3E706F59476C2F80077C2F80457DF
:10E41000012243F82620B9E700700240027A08B5CD
:10E4200003680AB1F3F7E6FB0A4AD3F8D030822139
:10E43000C2F81C1C817A03EB810301219962D3F895
:10E4400030110029FBD00021C3F83011C2F81C1C88
:10E4500008BD00BF0070024008B5837A0BB9F3F71E
:10E46000C9FB0039027A18BF012103F0070343EA10
:10E470000123511E4A424A4143EAC2130268D2F8BC
:10E48000D020C2F8183508BDFFF7E6BF38B50446FE
:10E4900021B101292DD06FF0850038BD012B01D0AD
:10E4A000F3F7A8FB2168A57A1278007AD1F8D0108A
:10E4B000AB4082B148B9D1F814251343C1F81435E3
:10E4C0002046FFF7FFFE0120E7E7D1F810251343B0
:10E4D000C1F81035F4E7DB4328B9D1F8142513400F
:10E4E000C1F81435EFE7D1F810251340C1F8103505
:10E4F000E9E7012BD4D11178FFF7AEFFE3E701295B
:10E5000008B50ED1012B01D0F3F774FB1278D0F8C7
:10E51000D0101AB1C1F80435012008BDC1F8042596
:10E52000FAE76FF08500F8E7032908B504D004295D
:10E5300002D06FF0850008BD012B01D0F3F75AFB24
:10E5400013700120F7E7012908B504D002291CD077
:10E550006FF0850008BD012B01D0F3F74BFB03687A
:10E56000D3F8D010837A007A50B903F5887301EBA1
:10E5700083014B68003B18BF012313700120E9E7BA
:10E5800003F5847351F82330F4E7042BE5D10368D5
:10E59000817A007AD3F8D03030B901F5947153F80C
:10E5A000213013600420D5E7142000FB0133D3F899
:10E5B0000836F6E7F8B5837A0468027A0546002B38
:10E5C0005BD194F8D410002A4AD1032907D184F8EA
:10E5D000D4200821A368C9B22846984733E0D4F86C
:10E5E000D030D3F85C1199B3C3F85C21D3F800277D
:10E5F000D3F880641670D3F88414C9B25170D3F87C
:10E600008804D3F88C7440EA07205080D3F8900433
:10E61000D3F8947440EA07209080D3F89804D3F894
:10E620009C7416F0800F40EA0720D0800CBF0222B5
:10E630000122052908BF002284F8D420D3F88434AD
:10E64000DBB2052BC5D12846BDE8F840FFF70DBE6B
:10E65000D3F8282182B3C3F82811FFF7DFFEB8E70B
:10E66000042902D184F8D430B3E7D4F8D020D2F80A
:10E67000281109B3C2F82831ABE7012AD4F8D060D9
:10E680000ED1D6F86C149A40114215D00023C6F86A
:10E690006C24C6F860314FF08073C6F8043398E7F5
:10E6A000D6F86C24103301279F403A4204D0FFF77C
:10E6B000B5FEC6F86C748CE74FF0FF318AE70000B6
:10E6C0004FF0805310B5D3F80431B3F1413F01D17D
:10E6D000F3F790FA174AD0F8D03049F27531032495
:10E6E000C2F8001CC2F8144DC2F8001C0121C3F886
:10E6F0000015D3F800140905FBD5D3F8001421F454
:10E700000061C3F8001449F275340021C2F8004CCE
:10E71000C2F8141DC2F8004C0122C3F8002502F112
:10E72000A07280F8D410C3F80023034B80225A60F3
:10E7300010BD00BF00E0064000E100E008B508B1F0
:10E74000F3F758FA004808BDE04C0020034B044A98
:10E750001A60044AC3F8D020704700BFE04C002084
:10E76000AC810100007002402DE9F041444CD4F826
:10E77000D030D3F80021A2B1D3F80023D00710D5B0
:10E780000121C3F808136368204698473D4B1B6876
:10E790002BB13D4B4FF080525A60BFF36F8FBDE8F5
:10E7A000F081D3F858215AB1D3F80023510207D58C
:10E7B0004FF48002C3F80823314863680121E4E77D
:10E7C000D3F85C2152B1D3F800331A0206D52F4892
:10E7D000A368012198472D48FFF75BFDD4F8D0309E
:10E7E000D3F82821C2B1D3F800335B0514D594F8CF
:10E7F000D410012905D12648A36898472448FFF77B
:10E8000048FD94F8D430022B06D12048A36801219A
:10E8100098471F48FFF73DFDD4F8D030D3F860216A
:10E82000002AB3D0D3F86C24002AAFD00022C3F85A
:10E830006021D3F86C840C260127B8F1000FA5D015
:10E8400098FAA8F5B5FA85F5102D10DDA5F11000A0
:10E850007043231893F8793023B17030A3680121F5
:10E860002044984707FA05F528EA0508E5E706FB7E
:10E8700005F023185B7E002BF4D01030EEE700BFCC
:10E88000E04C0020DC08002000ED00E0504D0020AE
:10E89000F04C002011F15C0F10DB0A4BD3F86C2612
:10E8A00022F47F42C3F86C26D3F86C265C318908C9
:10E8B00042EA0122C3F86C26002070476FF0150071
:10E8C000704700BF0010004000207047014B1878CF
:10E8D00002387047504E00200A4BD3F86C260229AC
:10E8E00002F00702C3F86C2605D001F0FD010129F2
:10E8F0000CBF03210021D3F86C261143C3F86C161A
:10E900000020704700100040032906D8DFE801F01E
:10E9100002070D11084B12881A8000207047074922
:10E9200013680B6053684B60F7E7054B12881A8039
:10E93000F3E76FF085007047C64D0020BE4D002004
:10E94000BC4D0020084631B9044B1278197862F3A7
:10E950000411197070476FF0850070472C02002079
:10E96000022911D80A4A0B48525C4B1C9B0003F049
:10E97000040343EAC203027803F00C0322F00C0202
:10E9800013430370002070476FF08500704700BF8D
:10E99000DC8101002C020020002ADFBF064BB2FA06
:10E9A00082F219785209DDBF62F34101002019702B
:10E9B0006FF08500704700BF2C02002038B591F938
:10E9C000052002F12803DBB2302B30D8194BD3F8E5
:10E9D000500508B1F3F70EF9897805256FF0310479
:10E9E00011FB0541012AC3F8081503DDC3F80C2506
:10E9F000002038BD002A02DBC3F80C05F8E7111D22
:10EA000001DBFC22F2E712F1080F01DBF822EDE74F
:10EA100012F10C0F01DBF422E8E712F1100F01DB19
:10EA2000F022E3E71432ACBFEC22D822DEE76FF02D
:10EA30001500DEE700100040F8B5224D224E287880
:10EA4000D6F85045C0B20346032932D8DFE801F0BA
:10EA5000021A212B30B1052812D0D6F85035003BD0
:10EA600018BF012322B12878052808BF032111709F
:10EA70009BB92B70144B4FF44022C3F8002210E0D6
:10EA80000023EFE7621E5142514131B9DBB22B70D6
:10EA900007E024F00801042902D16FF00A00F8BD54
:10EAA00028700020FBE7011F012994BF00210121EC
:10EAB0000AB9F3F79FF8031F58425841107000231A
:10EAC000E3E700BFC84D00200010004008B5D1B9F1
:10EAD000114B1868114B1B7813F0100F104B0CBF23
:10EAE000022212225A700F4AD278DA700E4AC2F805
:10EAF000043501231360032183689847BDE808406B
:10EB00000120FFF735BA012901BF044A137823F029
:10EB100001031370F2E700BFB84D00202C02002063
:10EB2000C94D0020504E00200010004008B5064B93
:10EB3000D3F8FC2F012A04D10022C3F8FC2FF3F7ED
:10EB40002FFC002008BD00BF0010004038B508466B
:10EB500010490C78A51E954218D88BB1214411F8A4
:10EB6000014C3F2C98BFA200A4F15D0464B294BF95
:10EB7000D2B2FF22502CA8BF5024523C5A701C70B5
:10EB800005492A4605F03FFC284638BD6FF068006D
:10EB9000FBE700BF504E0020514E0020044BD3F83D
:10EBA000502522B10022C3F8102101221A617047BA
:10EBB0000010004008B5FFF7F1FF034AD2F85035C6
:10EBC000002BFBD108BD00BF0010004008B5032991
:10EBD0002DD8DFE801F002172B42264B1B78DA070D
:10EBE00045D413F0020F244A0CBF4FF440234FF4D6
:10EBF000C723C2F8003201231360204ADBB213702E
:10EC0000002008BD1D4B1A7812B11B78032B2ED1A2
:10EC1000FFF7D0FF184B1A4AC3F804254FF44022DF
:10EC2000C3F8002201225A600323E6E70AB9F2F78B
:10EC3000E1FF13782BB9114B1A7812B11B78032B13
:10EC400015D1FFF7B7FF0C4B4FF44022C3F8002259
:10EC50000C4AC3F804250023CFE7FFF7ABFF064BB0
:10EC60004FF40062C3F8002201225A60F3E76FF00C
:10EC70000F00C6E72C02002000100040C84D002005
:10EC8000504E0020CE4D002070B50C4609B9F2F769
:10EC9000B1FF094E0025A26832B1681C616830449A
:10ECA00005F0B1FBA3681D442468002CF3D1024B8E
:10ECB00002351D70204670BDCE4D00201D4B10B595
:10ECC00000221D4C1A70D4F8FC3F23B9F3F750FB17
:10ECD0000123C4F8FC3FFFF761FF0F23C4F8103590
:10ECE000164BC4F814357F23C4F81835A723C4F88D
:10ECF00060360020124BC4F84406C4F8483640F28F
:10ED00000223C4F834350F4BC4F83835C4F83C0539
:10ED1000D4F8503643F00103C4F850364FF4402382
:10ED2000C4F80032084B02221A60084BC4F80433BE
:10ED300010BD00BFC84D00200010004008000006B4
:10ED4000FF0700FF2110010000E100E0084006007D
:10ED50000F4B10B500241C700E4B1C700E4B05227F
:10ED60001A7002225A709C700C4A23464FF22441BA
:10ED70000120FFF713F8A04201DAF2F73BFF012070
:10ED8000FFF7F6F8064B2046C3F8FC4F10BD00BF56
:10ED9000504E0020CE4D0020C94D0020CDEA00008D
:10EDA000001000407D4BF0B51C687D4BD3F8382136
:10EDB00089B052B10021C3F838117A4B1A78012A70
:10EDC00052D1A368022120469847754BD3F84421BD
:10EDD00062B10022C3F84421724B1A78012A05D08F
:10EDE00004221A700521A368204698476C4BD3F87B
:10EDF00048216AB10022C3F848216A4BA2681978F9
:10EE000001294FF005011970204608BF04219047E1
:10EE1000634BD3F80C21002A00F09280614D00274B
:10EE2000C3F80C712A78022AD6B200F0A380032E10
:10EE30001FD0012E40F0AF805B4A5C4B19781378ED
:10EE4000132943F001031370314634BF0C222822EA
:10EE50003046FFF72DF83046FFF782F8A3682F7091
:10EE60000421204698476BE01B78032BADD1A368A3
:10EE7000A9E7D3F80034002B79D04FF6FF7301AA2D
:10EE800004A94B48ADF80C30FDF75DFC06A9064619
:10EE900002AA4748FDF709FC464B5F78790710D175
:10EEA000022801D008280CD14348022202A905F00B
:10EEB00009FA002831D04048022203A905F002FADD
:10EEC00058B3022201A903A805F0FCF928B13A4879
:10EED000022201A905F0F6F908BB022E17D1374826
:10EEE000324604A905F0EEF9B8B13548324604A916
:10EEF00005F0E8F9B0FA80F040092B4B1B7813F0CD
:10EF000008010ED000232B70A3680321A9E7082E67
:10EF100005D12C48324604A9EAE70120EDE700209C
:10EF2000EBE7D0B117F0200715D00C220120FEF737
:10EF3000BFFF0120FFF714F8FFF730FE02232B700C
:10EF4000214B1B682BB1214B4FF080525A60BFF30D
:10EF50006F8F09B0F0BD2F70D6E7BA0703D55B07F6
:10EF600001D42870D0E70E4B01229A60E8E7A3682D
:10EF7000012176E72F70FFF711FE0B4A137801216C
:10EF800043F00103137008460C22FEF791FF0120A5
:10EF9000FEF7E6FFD4E7F2F72DFE00BFB84D0020E4
:10EFA00000100040C84D00202C020020CE4D002053
:10EFB000514E0020504E0020BC4D0020C64D002078
:10EFC000F4800100BE4D0020DC08002000ED00E0D0
:10EFD000024B0360024B1860704700BFE0810100E4
:10EFE000B84D00202DE9F0471446814618460E46DC
:10EFF0001F46F3F76DFB002C08BF1024002506F117
:10F00000FF3AB54201D1BDE8F0870D48F3F76CFB3C
:10F0100005F1010819F80500F3F74EFBB8FBF4F30E
:10F0200004FB13830BB1AA4508D10A2005F0E4F8CC
:10F03000AA4503D008EB0700F3F74AFB4546E0E793
:10F04000FA660100024A034603CA18605960704715
:10F050006000001008B500F008F8FEF7CDFDFEF7DF
:10F0600093FDBDE80840FFF771BB704710B5032161
:10F070004FF0A0441A20FEF769FD4FF08063C4F8FA
:10F08000083503211E20FEF761FD4FF08043C4F8D0
:10F09000083503210620FEF759FD4023C4F8083542
:10F0A00010BD2DE9F84306460C46FEF761FE00F15F
:10F0B000FF38C14600254D4510D129463046FEF7A0
:10F0C0005FFEA042074616D2B5B1691E3046FEF774
:10F0D00057FEC7EB440484420ED90EE005EB090746
:10F0E0007F0839463046FEF74BFE84423CBF7D1C0C
:10F0F0004F46B946DFE702D83846BDE8F8834545B4
:10F10000FAD2A0EB0408691C3046FEF739FE8044B1
:10F11000A045E1E72DE9F04F2C4A2D492D48DFF8B5
:10F12000D080DFF8D0A08BB005F054F8F2F790FE55
:10F130000546F2F7A3FE0446F2F79CFEC5F5007300
:10F14000CDE900402A4624484FF4007105F042F80A
:10F1500025EAE57508F180094FF4007758F8044F67
:10F1600024B32079F2F7A8FC266B22791B4B314699
:10F170000A2A88BF53468346A06A0993F2F71DFC0A
:10F180002268B4F906100692A26A099BCDE904022E
:10F190003744361A0396226B0292627901920093E9
:10F1A000E26A0F485B46354405F014F8C845D5D1EE
:10F1B0000C4B0D487A1BCDE90252CDE900370B4AC2
:10F1C000194605F007F80BB0BDE8F08FF4640100B4
:10F1D00032590100375901008759010030590100A7
:10F1E000D7590100195A01001F5A01001B5A01008A
:10F1F000E80800202E590100024B01380022186057
:10F200005A607047D84E0020084909480B68094ADF
:10F2100010B54C68584302FB0400A3FB02320133D3
:10F2200040EB0200C1E9003010BD00BFD84E002005
:10F230002DF451582D7F954C07B504210DEB01009D
:10F24000FEF7AAFC0198FFF7D7FF03B05DF804FBB7
:10F25000884270B5064601D3F2F7CCFC0D1A691E40
:10F26000B5FA85F32942C3F11F0209D10124944064
:10F27000013CFFF7C9FF20408542FAD9304470BDF8
:10F280001F2A04D0C3F1200301249C40F0E74FF073
:10F29000FF34EEE72DE9F04F91B0804604914FF036
:10F2A000FF3116461C46F9F711FA0221074640467F
:10F2B000F9F70CFA032105464046F9F707FA8046AC
:10F2C00025B96FF0150011B0BDE8F08F0028F8D017
:10F2D000D5F8049045687FB37B68B3F90270B3F941
:10F2E00006A0E36DD8F8082008339B1A1BB20393DD
:10F2F0002B78812BE5D1AB88B4F8AC205BBA9BB2FC
:10F300009A42DED194F82430FF2B09F1080B16D174
:10F31000ED8828226DBA594606A8FDF741FEADB228
:10F3200099F807309FB90093D8F8081039482B4650
:10F3300006AA04F04FFF25E0DFF8FCA0D1E704F1B6
:10F3400024015846FDF72FFD0028E1D1B9E73249E5
:10F3500005930822584604F0B5FF059B48B199F87B
:10F360000820FF2ADFD199F8092002F00F02022AB3
:10F37000D9D1CDE900532948D8F808103B4606AA50
:10F3800004F028FF039B002B37D02548194604F0D2
:10F3900021FF1AF5004F03D02248514604F01AFF0E
:10F3A000BEB14FF47A722048B6FBF2F102FB116253
:10F3B00004F010FFD4E912329B1942F10002C4E9B3
:10F3C0001232236DB342636D88BF2665B34238BFE6
:10F3D0006665C5F3C50104F16000ED43435C05F0CB
:10F3E00007050122AA4013420DD0236C0F480133B8
:10F3F000236404F05FFF002065E7049B002BC8DB5B
:10F400000B481946C3E713434354E36B09480133E0
:10F41000E363EEE7745A0100268101004B5A0100B4
:10F42000995A0100C75A0100D55A0100435A0100F8
:10F43000AF5A01004A5A01000080FFFF836B826DC2
:10F440000133934213B504463AD24EF64873D0F8CE
:10F45000A420C383264B27481B8800681BB2009357
:10F4600004F10C0104F11C0304F0E2F9A36B04F1B4
:10F470006000C3F3C501DB4303F0070301229A4098
:10F48000435C23EA02034354A36B5A1CA263E26D5C
:10F49000019294F8AE20009204F12401B4F8AC205B
:10F4A000D4F8A8009BB2F3F7A5FA0146E8B110F131
:10F4B0000C0F14D1104802B0BDE8104004F0FABEA1
:10F4C0004EF64973C383C36B13B9D0F8A020C1E7CC
:10F4D000426D0A4BD20C5A4308BF1A46BAE7084895
:10F4E00002B0BDE8104004F075BE02B010BD00BF10
:10F4F0006C090020FC840100E252010040420F0030
:10F50000E85A01002DE9F04FB3B00F46AE4E00218E
:10F510008046B02206A804F0E5FE812307933388D5
:10F52000ADF820304FF0FF331A9303210423CDE9C7
:10F530001C13A64BD7F800A0CDE92E330125532389
:10F54000ADF8C4302C464FF47A7BA84500F3B48064
:10F55000ACB151469E4804F03DFE9E4804F03AFE90
:10F560009D4804F0A7FE9D4804F034FE9C4804F03A
:10F57000A1FE9C4804F09EFE9B4804F09BFE9B4B22
:10F580001D686B69013300F00981284603F0ADFF67
:10F59000BDF8C430584082B2022131A8ADF8C42071
:10F5A000FDF747FF002C40F09C8006A90320F8F7E8
:10F5B000FBFF06A8FFF742FF4EF648744EF6497768
:10F5C00004A8F2F730F8BDF81230A34200F0EB8047
:10F5D000BB4212D040F20122934240F0E8801D99D4
:10F5E000834A059806ABF3F767FA05980021F9F707
:10F5F00075F8159A1C9B9A42E2D309A9284603F094
:10F60000B1FFDDE91454DDF8588013997948234699
:10F610002A4604F0DFFDB8F1000F03D076484146DA
:10F6200004F0D8FD25B12B1B64225343B3FBF5F541
:10F630007248294604F0CEFD1A9F7B1C1BD004EBB8
:10F6400008020023DDE9180104F0FEF81B9D4FF4C9
:10F650007A72B5FBF2FCB0FBF2F302FB1C5502FB25
:10F6600013000090B7FBF2F1CDE901C5644802FB3D
:10F67000117204F0AFFD06A90320F8F7D1FFB4FA28
:10F6800084F4640940F20125F1F7D0FF48B304A8DF
:10F69000F1F7C6FF002840F39080BDF81230AB426E
:10F6A00040F08B80059890F90C30032B40F085805A
:10F6B0000021F9F713F8E7E757F8259099F80020AB
:10F6C0002D2A4FEA850310D04A4630A90FA8CDF85D
:10F6D0004C90FEF7B9F9044670B34A48494604F025
:10F6E00079FD204633B0BDE8F08F99F80120692AF2
:10F6F00005F1010922D005D8572A3ED0632A0FD040
:10F70000012419E0732A25D0742AF9D10135A845BE
:10F7100033DD57F8250004F02DFA8DF8C6000BE014
:10F72000C84539DD3B44586804F024FA1C90002891
:10F7300008BF44F001044D46013506E7C84508DD21
:10F740003B44586804F016FA4FF47A7358432F90EC
:10F75000F1E74D460135A845D8DD57F8250004F0FE
:10F7600009FA4FF6FB73984205D9274804F0A2FD29
:10F770004FF0FF34B5E71D90DEE70135A845BFDD4A
:10F7800057F8250004F0F6F90BFB00F02E90002846
:10F7900008BF44F00104CFE74D46B1E7AB68284607
:10F7A0005B689847F4E606A8FFF748FE21E7318832
:10F7B00004A809B2F1F7B6FE1BE7318804A809B224
:10F7C000F1F7B0FE60E700BF6C09002040420F0077
:10F7D0002B5B0100665B0100A25B0100CB5B0100BB
:10F7E000195C0100805C0100CC5C0100FC8401001C
:10F7F00095F20000735D0100BF5D0100D05D010066
:10F80000E35D0100F35A0100055B010010B5D0E98A
:10F8100000120446094804F0DDFCD4E9001208484F
:10F8200004F0D8FCD4E90012064804F0D3FCD4E973
:10F8300000120548BDE8104004F0CCBC185E010081
:10F840003A5E01006C5E0100925E010010B5D0E9E5
:10F8500000120446094804F0BDFCD4E9001208482F
:10F8600004F0B8FCD4E90012064804F0B3FCD4E973
:10F8700000120548BDE8104004F0ACBC185E010061
:10F88000AD5E0100005F0100925E010010B5D0E99D
:10F8900000120446094804F09DFCD4E9001208480F
:10F8A00004F098FCD4E90012064804F093FCD4E973
:10F8B00000120548BDE8104004F08CBC185E010041
:10F8C000325F0100005F0100925E010010B5D0E9D7
:10F8D00000120446044804F07DFCD4E900120348F9
:10F8E000BDE8104004F076BC805F01009A5F010023
:10F8F000202802D800B2F7F76FBC00207047000044
:10F900002DE9F043012891B005460C4605DD4E680F
:10F910009949304604F065FD38B92168974804F0EC
:10F9200059FC002011B0BDE8F0839549304604F041
:10F9300058FD002872D1022D02D1039000240CE062
:10F94000A6689049304604F04CFD88B9032D039019
:10F95000F4D0E06804F00EF9044607AA03A9204693
:10F96000F6F74DFD0028DCD007A8F6F76BFDF4E7AD
:10F970008149304604F035FD18B92046FFF746FFAF
:10F98000CFE7042D2FDD8049304604F02AFD58BB17
:10F99000E06804F0EFF80646FFF7AAFF08B9314621
:10F9A00086E0216907A8FDF7E9FA20B92046FFF7AC
:10F9B0002DFF0120B6E7052D13D0606903A9FDF7DF
:10F9C000B8FC03460028F1D003AA314607A8F6F791
:10F9D000A7FC0028A5DA21696C48324604F0FAFB3E
:10F9E0009FE70023F0E7E1D16949304604F0F9FCD4
:10F9F0000028DBD1E06804F0BDF80546FFF778FF8A
:10FA000008B9294654E0216907A8FDF7B7FA00288C
:10FA1000CCD0294607A8F6F7B5FC82E75D49304609
:10FA200004F0DFFC002840F09B80022D02D10390FF
:10FA3000002515E0A6685349304604F0D2FCB8B959
:10FA4000032D0390F4D0E06804F094F804460546D2
:10FA5000FFF74EFF20B921462AE007A8F6F722FE5D
:10FA600007AA03A92846F6F7E1FD0028F5D158E7D3
:10FA70004149304604F0B5FC18B92046FFF7E6FED0
:10FA80004FE7042D1DDD4049304604F0AAFC002854
:10FA900044D1E06804F06EF8802207462F212069E7
:10FAA000FDF7E0F980463846FFF722FF20B93946D6
:10FAB000394804F08FFB7CE7216907A8FDF75EFA5F
:10FAC00018B92046FFF7C2FE73E7052D1ED0606906
:10FAD000DFF8CC9004F04EF8484506469ABF4FF444
:10FAE0007A735E436FF00106062D11D0A06904F011
:10FAF00041F848450FD84FF47A7343430093424688
:10FB0000334607A93846F6F7E9FC0AE74FF0FF3617
:10FB10004FF0FF33F2E76FF00103EFE71C49304687
:10FB200004F05FFC0028CCD1E06804F023F88022C8
:10FB300005462F212069FDF795F906462846FFF76F
:10FB4000D7FE00283FF45DAF216907A8FDF716FA3C
:10FB50000028B6D0324607A92846F6F72FFDE0E682
:10FB60000E49304604F03DFC002840F09D80022DF7
:10FB700018D10390002528E04B6B0100AD5F010018
:10FB8000DA5F0100E05F0100E55F0100066001004F
:10FB90002E60010032600100E95F01003960010060
:10FBA00037894100A6685549304604F01AFCC8B9A7
:10FBB000032D0390DED0E06803F0DCFF0446054629
:10FBC000FFF796FE00283FF446AF07AB03AA29468D
:10FBD0000020F6F707FB00283FF4A3AE07A8F6F7CE
:10FBE0005DFBF2E74649304604F0FBFB18B92046BE
:10FBF000FFF74CFE95E6052D3EDD4249304604F008
:10FC0000F0FB002839D11022002103A804F06AFB80
:10FC1000E06803F0AFFF802206462F212069FDF740
:10FC200021F907463046FFF763FE00283FF4B7AEE0
:10FC3000216903A8FDF7A2F940B93349206904F00E
:10FC4000D0FB18B12046FFF721FEB2E6616907A894
:10FC5000FDF794F90028F5D0062D0BD0A06903F02C
:10FC600089FF80B20090334607AA394603A8F6F709
:10FC70000DFA56E60020F5E7E4D12449304604F0B9
:10FC8000B0FB0028DED12F2120698022FDF7EAF8A1
:10FC90002169054607A8FDF771F90028D2D0294649
:10FCA00007A8F6F769FA3CE61949304604F099FBD3
:10FCB00008BB022D05D0A5681049284604F091FB29
:10FCC00060B90023039307A903A8F6F785F9002874
:10FCD0003FF427AE07A8F6F7A7F9F4E70849284646
:10FCE00004F07FFB18B92046FFF7F0FD19E6204627
:10FCF000FFF7ECFD5DE621680648DAE6E05F01000B
:10FD00004B6B0100E55F01003F6001002E600100C8
:10FD100047600100AD5F010008B50146034804F0EB
:10FD200059FABDE80840024804F0C4BA4B6001002B
:10FD300070600100182810D818283BD8DFE800F0C0
:10FD4000223A1B1E3A202C283A3A3A3A3A3A3A3AA0
:10FD50002E2A3A3A3A3A3A3A3000232822D0293821
:10FD60000C2827D8DFE800F0122026262224262699
:10FD7000262626261000104804F02CBA0F48FBE770
:10FD80000F48F9E70F48F7E70F48F5E70F48F3E7A3
:10FD90000F48F1E70F48EFE70F48EDE70F48EBE7B3
:10FDA0000F48E9E70F48E7E70F48E5E70F48E3E7C3
:10FDB0000F48E1E7704700BFFA6401000A650100DF
:10FDC000176501002D6501003565010047650100DB
:10FDD0004C650100566501005A6501006D65010022
:10FDE0007F65010094650100A1650100B86501000F
:10FDF0000D6D010038B501460A480B4D04F0EAF9D3
:10FE0000002455F83410094804F0E4F9152C04D105
:10FE1000BDE83840064804F04DBA7C2004F0ECF907
:10FE20000134EEE7C3650100C0820100DA6A010017
:10FE3000DA65010007B56946F6F7C0FF6946034871
:10FE400004F0C8F903B05DF804FB00BFDA6A0100F2
:10FE500010B50A490822044604F034FA48B1237860
:10FE6000FF2B08D1607800F00F00831E58425841E4
:10FE700010BD0120FCE70020FAE700BF2681010049
:10FE80007FB506460C46104602A91546FDF751FA05
:10FE900028B9144804F00EFA012004B070BD009097
:10FEA00002AB002221463046F6F79EFF002807DA13
:10FEB0000D4804F08FF92046FFF73CFF0B48E9E7B7
:10FEC0000B4804F087F92046FFF734FF094804F097
:10FED00081F93046FFF7AEFF0748294604F07AF96A
:10FEE0000020DAE7DC6501004F6601003D570100A4
:10FEF00065660100376D0100126E01001FB5012417
:10FF00008DF80F1000940DF10F0300222021F6F759
:10FF10006BFF00280DDA9DF80F10074B074A0848C1
:10FF2000A14208BF1A46114604F054F9204604B015
:10FF300010BD0020FBE700BF096F010073660100E0
:10FF400078660100F0B5064685B018460C4617469F
:10FF50001D46F2F72FFB014668B10A220021284610
:10FF600004F010F9421C039022D11E4804F0A2F9BB
:10FF7000012005B0F0BD1022284604F003F9431C0F
:10FF80000390F2D00125B0F5803FEED2022300931A
:10FF90003A4603AB21463046F6F726FF002809DA39
:10FFA000114804F017F92046FFF7C4FE0F48DDE7BB
:10FFB0000025E8E70E4804F00DF92046FFF7BAFEE9
:10FFC0000C4804F007F93046FFF734FF0A4804F004
:10FFD00001F9039925B1094804F0FCF80020C8E7AD
:10FFE0000748F9E7966601004F6601003D5701009A
:10FFF00065660100376D0100E3660100E8660100F7
:020000021000EC
:10000000FA7A010003463038C2B2092A0BD9A3F1AB
:100010006100C2B2052A06D9413BDAB2052A94BF73
:1000200018464FF0FF3070477FB500251C4601236E
:10003000009316460DF10F032A468DF80F50F6F780
:10004000C7FEA8420EDB9DF80F30012B0AD10748EE
:100050003146013404F0BEF8082C03D9044804F0FA
:10006000B9F82C46204604B070BD00BFDA6A010022
:10007000F16601007FB5064610460D4603F07AFD95
:1000800001248DF80F0000940DF10F030022294682
:100090003046F6F7A9FE00280BDA0F4804F09AF86C
:1000A0002846FFF747FE0D4804F004F9204604B047
:1000B00070BD0B4804F08EF82846FFF73BFE094858
:1000C00004F088F83046FFF7B5FE9DF80F1006489B
:1000D00004F080F80020EAE74F6601003D57010078
:1000E00065660100376D0100FD66010010B501462F
:1000F0000446114804F06EF82146104804F06AF8EE
:1001000021460F4804F066F82046FFF705FE20461A
:10011000FFF770FE21460B4804F05CF821460A48C0
:1001200004F058F82146094804F054F8BDE810409E
:10013000074804F0BFB800BF056701001067010061
:10014000206701003D67010089670100AC6701007D
:10015000D7670100F0B58FB08FB21C2300930C4617
:1001600016466B443A462C210546F6F731FE002828
:1001700004DA194804F09EF80FB0F0BDAEB10023C8
:1001800000933A462C212846F6F72EFE134B144ACC
:10019000144912EA200238BF1A46134B1348022CA6
:1001A00008BF194604F016F8E6E70A9A0492099A7D
:1001B000089B03920B9A0C480A49CDE90132079A31
:1001C00013440093022C08BF0146DDE90C230848C4
:1001D00004F000F8D0E700BF2F6801002568010097
:1001E0001E680100116801001968010069680100BA
:1001F0008E6801002DE9F047AEB00446884802AF92
:1002000003F0E8FF2046FFF715FE202003F0F4FF7F
:1002100008230093022107F1100300222046F6F77D
:10022000D7FD011E11DB01EB4103073323F0070368
:100230006D46ADEB030D02AA07F11000FDF757F86C
:100240000146784803F0C6FFAD4602230022009322
:10025000114607F108032046F6F7BAFD002803DB34
:100260003989714803F0B6FF04230093002207F197
:100270000C0335212046F6F7ABFD002803DBF968B7
:100280006A4803F0A7FF02230093002207F1080346
:1002900029212046F6F79CFD002803DB39896448B4
:1002A00003F098FF02230093002207F108030621C0
:1002B0002046F6F78DFD002803DB39895D4803F001
:1002C00089FF02230093002207F10A0369212046D7
:1002D000F6F77EFD002804DBB7F90A10564803F054
:1002E00079FF0123009300227B1D57212046F6F75A
:1002F0006FFD002806DB7A79504B514853F82210E5
:1003000003F068FF012300930022FB1D20212046FB
:10031000F6F75EFD002809DBF9794A4B4A4A4B485B
:10032000012908BF1A46114603F054FF484803F05C
:1003300051FF08230093002207F1100303212046F8
:10034000F6F746FD051E1ADB05EB4503073323F0E0
:1003500007036E46ADEB030D0DF108083D4803F0B1
:1003600039FF4246294607F11000FCF7C0FF01465D
:10037000394803F02FFF3648B54603F02BFF022320
:100380000093002207F10A0310212046F6F720FD12
:10039000002804DBB7F90A10304803F01BFF0125E1
:1003A0000095BB1D00221A212046F6F711FD0028FA
:1003B00034DBBA792A4B2B4853F8221003F00AFF9A
:1003C0000123009300227B1D18212046F6F700FD33
:1003D000002804DB7979244803F0FCFE013501266E
:1003E00000967B1D002223212046F6F7F1FC002811
:1003F0003EDB0022FA71FB1D009622212046F6F713
:10040000E7FC002806DBFB79B34203D17979174872
:1004100003F0E0FE0E4803F0DDFE2BE00025CFE701
:1004200038690100406901004D6901005C69010003
:100430006F6901007B690100886901008882010001
:1004400093690100096F0100736601009D69010055
:10045000F1660100A869010099690100B66901000F
:10046000A4820100C9690100D5690100E9690100A0
:10047000002DCFD1B94A002314212046FFF7D4FD27
:10048000B74A034615212046FFF7CEFDB54A03467D
:1004900017212046FFF7C8FDB34A03461321204623
:1004A000FFF7C2FDB14A03461B212046FFF7BCFD02
:1004B000AF4A034626212046FFF7B6FDAD4A034664
:1004C00022212046FFF7B0FDAB4A00F109031F21AE
:1004D0002046FFF7A9FDA94A03463F212046FFF722
:1004E000A3FDA74A034638212046FFF79DFDA54AF4
:1004F000034636212046FFF797FDA34A03466521B0
:100500002046FFF791FD02230093054607F10803FB
:10051000002211212046F6F75BFC002804DD398912
:100520009A4803F057FE01350222009207F10803B2
:1005300011212046F6F74CFC002804DD3989944847
:1005400003F048FE01350123009300227B1D0721A3
:100550002046F6F73DFC002804DD79798D4803F04C
:1005600039FE01352B468C4A0E212046FFF75CFDF3
:100570008A4A03460F212046FFF756FD884A034664
:1005800040212046FFF750FD864A00F10903412132
:100590002046FFF749FD02230093054607F10803B3
:1005A000002205212046F6F713FC002804DB3989D8
:1005B0007D4803F00FFE013515B17C4803F00AFEBB
:1005C0000225002207F10803272100952046F6F7AF
:1005D000FFFB774B77490028D8BF1946764803F0D0
:1005E000F9FD724803F0F6FD20230093002207F185
:1005F000180309212046F6F7EBFBB0F1000911DBE7
:1006000000263E8707F13803009532460B2120462D
:10061000F6F7DEFB4FEA191907F1180507F1380A5A
:10062000B1451ED150230093002207F160030C2135
:100630002046F6F7CDFB002874DA604803F03AFE56
:10064000204600220121FFF785FD002202212046DD
:10065000FFF780FD594803F02DFEB037BD46BDE8D9
:10066000F08757481AF8018B03F0B4FD2822294679
:1006700007F16000FCF794FC524807F1600103F0B9
:10068000A9FD2846FFF7E4FBA0B14F4803F0A2FD07
:1006900018F0200F02D04D4803F09CFD18F0070120
:1006A00030D04B4803F096FD404803F093FD0136EF
:1006B0001035B5E72B885BBA23F03F031B041B0CF6
:1006C0004FF6C062934207D02B78FF2B0AD16B788C
:1006D00003F00F03052B01D13E48D7E70E2B0FD0B7
:1006E0003D48D3E73D491022284603F0EBFD0028A2
:1006F000F6D03B491022284603F0E4FD0028EFD055
:100700003848C3E708F01F08B8F1080F04D0B8F163
:10071000100F05D0344800E0344803F05BFDC3E718
:100720003348FAE7060907F160054FF0000846452F
:1007300083D02B78FF2B0AD12946282207F13800D5
:10074000FCF72EFC2B4807F1380103F043FD174856
:1007500003F040FD08F101081035E8E7FC690100ED
:10076000066A0100106A01001A6A0100246A010089
:100770002E6A01003D6A0100446A01004E6A0100D0
:100780005A6A0100666A0100716A0100786A010014
:10079000856A01008F6A0100976A01009D6A010065
:1007A000A76A0100AD6A0100B46A0100F1660100A8
:1007B0002F69010029690100CF6A01003D5701003E
:1007C000DD6A0100EA6A0100F66A01000F6B0100B0
:1007D0001A6B0100FB6A0100076B010046810100F2
:1007E00036810100006B0100306B0100246B0100B9
:1007F0002A6B0100366B01002DE9F04F012889B00A
:10080000804602AF0D4619DC00240CE00020FDF705
:10081000EFF80546FDF7ECF808B18442F9D1284617
:10082000FFF7E8FC2C460020FDF7E2F88442EDD10A
:10083000002420461C37BD46BDE8F08F4C6820469A
:1008400003F0EFFD01462046FDF7DAF8064690B9C1
:100850006C68A249204603F0C4FD20B1A04920469F
:1008600003F0BFFD18B92868FFF740FCE0E79D489A
:1008700003F020FD17E0B8F1020F02D1FFF7BAFC38
:10088000D6E7D5F808909849484603F0AAFD0446F3
:10089000002840F04882B8F1040FD5F8009004DC3D
:1008A0004846FFF739FA0124C3E7D5E903858F48A5
:1008B000414603F096FD20B18D48414603F091FD7D
:1008C00030B92A4602213046FFF7DAFA0446B0E78B
:1008D0008848414603F085FD10B92A460321F2E716
:1008E0008548414603F07DFD28B92A462A21304635
:1008F000FFF7C0FBEAE78148414603F072FD28B1EB
:100900007F48414603F06DFD002842D12846F1F7AB
:1009100051FE014648B10A220021284603F032FC6C
:10092000B86001301CD17748A2E72022284603F0A6
:1009300029FCB8600130F6D0012504230093002281
:1009400007F1080335213046F6F74EFA002809DA98
:100950006D4803F03FFC6D4803F03CFC6C4887E7B2
:100960000025EAE76B4803F035FC684803F032FCE9
:10097000694803F02FFC3046FFF75CFA674803F044
:1009800029FCB9681DB1664803F024FC51E76548AD
:10099000FAE76548414603F024FD20B1634841462B
:1009A00003F01FFD30B900222B4611463046FFF7F9
:1009B000C9FA8BE75E48414603F013FD10B92A4699
:1009C000232194E75B48414603F00BFD20B15A48D0
:1009D000414603F006FD10B92A46072187E757482C
:1009E000414603F0FEFC044600286CD12846C7F8B7
:1009F00004D003F016FD4FEA500909F1070323F074
:100A00000703ADEB030D0E2880460DF1080A13D144
:100A10004B4803F0DFFB0135002115F8010CFFF70F
:100A2000F1FA83462878FFF7EDFABBF1FF3F01D0DA
:100A3000431C1CD1434814E0102801D14248E8E788
:100A4000202801D14148E4E7302801D14048E0E7BF
:100A5000402801D13F48DCE7802801D13E48D8E753
:100A60003E4803F027FC0124D7F804D0E1E64A0809
:100A7000023100EB0B1088450AF8020005F102056F
:100A8000CBD8CDF80090534600222E213046F6F701
:100A9000ABF9002801DA3248E3E7324803F09AFB69
:100AA0003046FFF7C7F91D4803F004FC00251AF88B
:100AB00005102D48013503F08DFBA945F7D81448E2
:100AC00003F0F8FBD0E72948414603F08AFC0028F0
:100AD0004ED12B460222112168E700BF4B6B01006B
:100AE000496B0100506B0100976D01006F6B0100B5
:100AF000746B01007F6B0100896B0100976B010033
:100B0000A16B0100A66B01004F6601003565010075
:100B10003D57010065660100376D0100E366010085
:100B2000E8660100FA7A01002D650100F36B01000F
:100B3000F86B0100056C0100086C0100F46C010009
:100B4000126C0100DD6C01002F6C01004C6C010087
:100B50006A6C0100886C0100A66C0100C46C010085
:100B6000F86C01001C6D0100466D01004B6D010029
:100B7000AB48414603F035FC48B1AA48414603F072
:100B800030FC20B1A848414603F02BFC18B92B4695
:100B9000002206210AE7A548414603F022FC02464E
:100BA00010B92B46292101E7A148414603F019FC61
:100BB000044618BB284602F0DDFF02233881224696
:100BC0000093102107F108033046F6F70DF90028CD
:100BD00004DA984803F0FEFA9748BDE6974803F018
:100BE000F9FA954803F0F6FA954803F0F3FA30461F
:100BF000FFF720F9B7F908109248C5E69248414638
:100C000003F0EFFB10B92A46182170E68F484146E1
:100C100003F0E7FB024610B92B460521C6E68C48D7
:100C2000414603F0DEFB044600287FF439AE8948D4
:100C3000294603F0D6FB002849D08748294603F00F
:100C4000D0FB002843D08548294603F0CAFB002882
:100C500052D08348294603F0C4FB00284CD0814879
:100C6000294603F0BEFB002848D07F48294603F000
:100C7000B8FB002842D07D48294603F0B2FB00288B
:100C80003ED07B48294603F0ACFB002838D0794899
:100C9000294603F0A6FBA8B37748294603F0A1FB39
:100CA00080B37648294603F09CFB68B37448294614
:100CB00003F097FB40B37348294603F092FB28B337
:100CC0007148294603F08DFB00B37048D0E52346F8
:100CD0003B7201230093002207F108031A213046DA
:100CE000F6F782F800286A4D12DA3B7A694855F81F
:100CF000231003F06FFAD6E50123E9E70223E7E7C3
:100D00000323E5E70423E3E70523E1E70623DFE721
:100D1000614803F05FFA3046FFF78CF83B7A5F4892
:100D200055F8231030E65E49484603F05AFB20B9D7
:100D300001213046FFF7E2F8C8E55A49484603F07A
:100D400050FB01460028F4D05749484603F049FBC0
:100D50000446002840F0B880B8F1030FD5F800A091
:100D600002D152485146C4E7B8F1040FD5F80C90AF
:100D700023D04F49484603F034FBA0B9D5F8109072
:100D800001252F2140224846FCF76CF84946B0F176
:100D9000000807F10800D8BF4FF04008FCF7EEF854
:100DA00068B9444864E54449484603F01AFB002802
:100DB000D7D1D5F810900546E3E70546E1E73B7A41
:100DC000FF2B4FF010030BD10093002207F1080313
:100DD0000C213046F6F708F8002814DA374847E5C2
:100DE000012D0CBF302110215FFA88F2009341EAF7
:100DF000022207F1080309213046F5F7F5FF002824
:100E000001DA2F4834E52F485FFA88F2494603F0AB
:100E1000E1F93046FFF70EF80A2003F0EDF908E596
:100E20004F6D0100536D0100576D010047650100D2
:100E30005E6D01004F6601006D6501006566010091
:100E4000376D0100FD660100646D01006C6D0100ED
:100E5000F4640100746D0100786D010031700100CF
:100E60007C6D0100826D0100876D0100614F010002
:100E70008C6D01008F6D0100926D0100956D010078
:100E80009B6D0100A16D0100A96D0100B16D010014
:100E9000A4820100F86D01001A6E0100126E0100BB
:100EA000096F010073660100E55F01003D67010005
:100EB0003B6E01004B6E0100436E0100706E01003D
:100EC0009B6E0100BD6E01006149484603F089FA3E
:100ED000044668BBB8F1030F02D129685D4808E7F2
:100EE000ED6807F108002946FCF748F800283FF4B0
:100EF00058AF3B7AFF2B4FF0100300934FF00002E6
:100F000007F1080307D10D213046F5F76DFF0028E2
:100F100009DA5148ACE40A213046F5F765FF0028AC
:100F200001DA4E48A4E429464D4803F053F970E72E
:100F30004C49484603F055FA00BBB8F1030F19D0ED
:100F4000D5F80C904849484603F04BFA002854D095
:100F50004649484603F045FA002855D044494846DA
:100F600003F03FFA0446002851D04946414803F0B7
:100F700031F95DE400244FF0FF0959E03E4948464D
:100F800003F02FFAD5F8008008B940466CE499F8D0
:100F900000302D2B394B06BF09F101094FF0000A33
:100FA0004FF0010A002553F83500494603EBC50B05
:100FB00003F017FA314B0446C0B9012587F808A0A1
:100FC00002469BF80410009507F108033046F5F738
:100FD0000BFF002801DA2A484AE4397A294B2A4AC9
:100FE0002A48002918BF1A461146CDE40135162DAE
:100FF000D9D14046FEF7FEFE55E44FF0FF09B8F1A7
:10100000040F09D1002413E04FF00109F7E7B8F10C
:10101000040F16D04FF002091D492869052203F07C
:1010200076F919F0010FB0FA80F44FEA541408D0A1
:10103000224601213046FFF78DF819F0020F3FF4E8
:1010400032AC224602213046FFF784F82BE400BF81
:101050002E60010089670100E06E01000C6F010045
:10106000316F0100536F0100596F01005D6F010086
:10107000FC520100606F01004B6B0100C082010057
:10108000996F01003D570100466B0100B56F0100EB
:10109000956D0100F7B504460D46EFF3108772B663
:1010A00002680369A669806887F31088CDE90006A5
:1010B000094803F08FF8EFF3108672B6626863692F
:1010C000E168E06986F31088CDE9001029460348FD
:1010D00003F080F803B0F0BD9B700100C9700100FF
:1010E00010B502F047FD04B22046F6F775F820B9B6
:1010F000064803F0DFF8012010BD2046F7F70EFE8A
:101100000348214603F066F80020F5E7F770010078
:101110001371010030B58FB00D4602F02BFD29464A
:10112000C4B26846FBF72AFF28B90E4803F0C2F89C
:1011300001200FB030BD00231A4669462046F7F75C
:10114000A1FF50B96946282204A8FBF729FF2246CF
:101150000146054803F03EF8EAE7044803F0AAF820
:101160000020E6E74171010070710100A2710100E9
:1011700010B502F0FFFCC4B22046F8F705FF28B90D
:101180000848214603F026F8012010BDF8F7AEFF0D
:10119000214608B90448F5E7044803F01BF800208D
:1011A000F3E700BFC5710100EE7101001572010087
:1011B00030B58BB002F0DEFCC5B22846F8F7E4FE8D
:1011C000044628B90A4803F075F801200BB030BD79
:1011D000403000F03FFF2822211D6846FBF7E0FE6B
:1011E0002A460146034802F0F5FF0020EEE700BF63
:1011F000357201005D72010030B58BB002F0BAFCAF
:10120000C5B22846F8F7C0FE044628B90A4803F0DC
:1012100051F801200BB030BD403000F013FF282200
:10122000211D6846FBF7BCFE2A460146034802F032
:10123000D1FF0020EEE700BF357201009C72010073
:1012400070B58CB002F096FCC6B23046F8F79CFE42
:101250000125044628B9114803F02CF828460CB0A3
:1012600070BD90F82020C37F0192827F009200F130
:1012700040010B4805FA03F3B0F9000040F60112F3
:1012800000F0BBFE2822211D02A8FBF789FE324692
:101290000146044802F09EFF0020E0E7357201009D
:1012A000AC3E0020DD72010070B50D4688B01646D8
:1012B0001C4602F05FFC284602F05CFC0546304606
:1012C00002F058FC002641F207338DF80A0021464F
:1012D00003A8ADF808308DF80B608DF81C50FBF7B3
:1012E0004DFE50B102AB019330460549012301AADE
:1012F000F8F7F2F9034802F0DDFF002008B070BDF6
:10130000E48001001E73010008B50023184604495B
:101310001A46F8F7E1F9034802F0CCFF002008BDB7
:10132000E48001004373010010B50D4802F0C2FFD4
:101330000C490D48FFF7AEFE0B4B0C491C4603F160
:101340002000FFF7A7FE04F140000949FFF7A2FEC5
:1013500004F160000749FFF79DFE002010BD00BFAB
:10136000587301009B730100883C00203B7701000B
:101370009F730100A373010070B5414BB3F90030B6
:1013800090B02BB93F4802F095FF012010B070BD1E
:101390003D4C3E4802F01EFF6378002B5FD13C4875
:1013A0003C4E02F017FF092002F026FF0A2002F04F
:1013B00023FF394802F00EFF00253379002B50D16E
:1013C000334802F007FF0135092002F015FF032D15
:1013D00006F14006F1D10A2002F00EFF0A2002F0C9
:1013E0000BFF6378002B38D0B4F87E300293B4F84A
:1013F0007C300193A36F29481B88009394F87430C4
:10140000B4F92420217802F0E5FE2549282206A817
:10141000FBF7C6FD94F82E30224A13F0020F224B40
:1014200018BF1A46B4F84230014694F82A000493D3
:1014300094F840300393A37F0293E37F01259D40FE
:10144000CDE90025194B1A4A022818BF1346228DF0
:10145000184802F0BFFE64692CB9002096E71648D0
:101460009EE71548ADE7611D282206A8FBF798FD09
:10147000E28A0146114802F0ADFE2468ECE700BFA5
:10148000AC3E0020B7730100C83D0020CC730100C2
:10149000DD730100083D0020E5730100F4730100D5
:1014A000CC3D0020746D01009D770100AB730100FD
:1014B000B073010038740100E17301007C74010015
:1014C00038B50546084602F055FBC4B22046F8F789
:1014D0005BFD28B90A48214602F07CFE012038BD98
:1014E000043045B1F8F734FF064A0748214602F0B8
:1014F00071FE0020F3E7F8F7C7FF044AF5E700BFE5
:10150000C57101009C740100A1740100D153010058
:1015100038B50C4602F02EFBC5B22846F8F734FD6C
:1015200028B90C48294602F055FE012038BD90F834
:101530002E30094923F0020343EA440380F82E3099
:10154000064B0748002C08BF194602F043FE002056
:10155000ECE700BFC57101003D570100CA740100EE
:10156000CD740100012870B505460C4605DD4E68B6
:101570006F49304602F035FF18B9BDE87040FFF7FB
:10158000FBBE032D09D16B49304602F02AFF88B912
:10159000A068BDE87040FFF7A3BD042D0AD16649DD
:1015A000304602F01EFF28B9D4E90201BDE87040C0
:1015B000FFF7B0BD6149304602F013FF38B9032D83
:1015C00040F08480A068BDE87040FFF7D1BD5C4961
:1015D000304602F006FF08BB042D77D1A5685949B3
:1015E000284602F0FEFE20B9E068BDE87040FFF733
:1015F000DFBD5549284602F0F4FE20B9E068BDE899
:101600007040FFF7F9BD5149284602F0EAFE002874
:101610005CD1E068BDE87040FFF712BE4C4930462F
:1016200002F0DFFED0B9032D09D14A49A06802F0CB
:10163000D8FE00284AD1FFF767FE002070BD072DB5
:1016400044D14449A06802F0CCFE00283ED1D4E940
:101650000523D4E90301FFF727FEEEE73E493046B4
:1016600002F0BFFE38B9032D30D1A1680120BDE8DA
:101670007040FFF725BF3949304602F0B2FE18B975
:10168000032D23D1A168F2E73549304602F0A9FEC7
:10169000002843D1022D19D03249A06802F0A1FEE2
:1016A000A0B9052D12D1E5682F49284602F099FE10
:1016B00028B901212069BDE87040FFF729BF2B49F7
:1016C000284602F08EFE01460028F3D0284802F09A
:1016D000F1FD284802F0EEFD274802F0EBFD274817
:1016E00002F0E8FD264802F0E5FD264802F0E2FDA2
:1016F000254802F0DFFD254802F0DCFD244802F019
:10170000D9FD244802F0D6FD234802F0D3FD23483A
:1017100002F0D0FD224802F0CDFD8EE7214930468F
:1017200002F05FFE0028D1D1FFF7FEFD85E700BF84
:10173000E05F0100F5740100FA740100FF7401001C
:1017400002750100956D01000A7501000F75010019
:10175000674F0100157501009C740100D153010011
:10176000976D0100197501009D770100746D0100EE
:101770001D750100357501006F750100A875010028
:10178000E17501001A76010051760100947601009E
:10179000DD7601001A7701003F770100A077010094
:1017A000EB770100536F0100427C044B02F00F0203
:1017B00003EB02130021017499607047E04E002092
:1017C00008B50146054802F005FD054802F072FD26
:1017D000BDE80840034802F06DBD00BF1778010066
:1017E00060780100A97801002DE9F04101288EB050
:1017F00007460D4623DC514802F05CFD504802F0DC
:1018000059FD0025E8B2F9F775F8044678B10146AC
:10181000282204A8FBF7C4FB618A237C0191617C28
:101820000909024600914748294602F0D3FC0135D8
:10183000102DE7D1002420460EB0BDE8F081D1F88C
:1018400004804148414602F0CCFD2E680446002841
:1018500046D1042F03DC3046FFF7B2FF22E0A86830
:10186000D5E9037802F086F90F280546F3D8374802
:1018700002F020FD3846364903AA02F082FD0746F1
:101880000028E8D0324903AA204602F07AFD002859
:10189000E1D002F06FF9431E802B064604D92D4893
:1018A00002F008FD0124C6E7394604A8FBF766FBF1
:1018B000102229490DEB020002F004FD08B9274867
:1018C000EEE7404602F056F901230093F2B283B2EC
:1018D00004A9E8B2F9F72CF80028ACD12048DFE7DA
:1018E0002048414602F07DFD0028B4D1A86802F0EE
:1018F00041F90F280446AED81B4D144805EB0415DA
:1019000002F0D8FCAE689EB9E0B2F8F7F3FF002809
:1019100090D0437C468223F010034374134B144A47
:10192000C5E90230134B2946186801F034FE81E7FF
:101930002146114802F04EFCB4E700BFC878010010
:10194000007901003C790100E55F01005679010052
:101950008F7901009179010046810100BB79010076
:10196000D77901002E600100E04E0020A917010088
:10197000E0930400F8840100F27901002DE9F04FB2
:10198000012889B005460C4607DC0968714802F059
:1019900021FC012009B0BDE8F08F4E686E49304649
:1019A00002F01FFD002840F08D80042D02DC21682C
:1019B0006A48ECE7052D18D0606902F0DBF8062DC7
:1019C000064613D0A06902F0D5F80546D4E902A76F
:1019D00003A9524604A8D4F810B0FCF735F8002843
:1019E00006DA5F4802F066FC28E001265D4DEDE76F
:1019F000384602F0BFF81FFA80F90746B9F1000F28
:101A00005BD15948EEE7836801934A464946FAF7A5
:101A10004BFD064628B9554802F04CFC314620469D
:101A20000AE004AA0021F1F7A9FD044640B9504894
:101A300002F040FC21463046F6F750FE0020A9E7B0
:101A4000039B8BB100231A4619461846F6F7C0FAD5
:101A5000064608B94748DFE7039B42680BB1B3F974
:101A6000FA315380346034464349234640F202221F
:101A70000420F5F775F9064608B94048CCE7019906
:101A80003F48BBB2524602F0A5FBB8F1000FD5D0DB
:101A90003C4B2946186801F0A9FE08F1FF3858466A
:101AA00002F0BFFC0023024659461846F6F770FFC5
:101AB00004460028A7D1344894E706F1FF38002EE9
:101AC000EDD1BBE73149304602F08BFC00283ED116
:101AD000022D02D121682E4859E7A6682D493046CB
:101AE00002F07FFC00BB032D02D121682A484EE79B
:101AF0002A4DB5F9083023B16968294802F06AFB1C
:101B00009CE7E06802F036F883B20BB9254869E734
:101B1000254B84B21B882B81294604206C60F6F784
:101B200043FD22482146E9E72149304602F059FCAD
:101B3000044660B9194DB5F908300BB91D4851E795
:101B400004202946F6F76CFD1B482C814AE71B4808
:101B500048E700BF197A0100674F0100327A01009F
:101B6000E84D010040420F006F7A01003F4E010036
:101B7000644E01008A4E01000000FFFFB14E0100DB
:101B8000D44E0100FC840100134E0100797B01005A
:101B9000977A01000F750100B67A0100300200202B
:101BA000D47A0100FF7A0100683C00201D7B01000F
:101BB0000A750100467B0100647B0100807B010007
:101BC000012810B50B4608DC094802F073FB0948F0
:101BD00002F070FB0124204610BD0749586802F04E
:101BE00000FC04460028EFD1FBF7FAFFF3E700BF43
:101BF000977B01009E7B0100746D010008B5FDF725
:101C000089FA002008BD08B5F0F70CFB002008BDDC
:101C100008B5EFF745FB002008BD000008B50248F5
:101C200002F048FB002008BDB57B01002DE9F04122
:101C300006460F4604462378F519412BA5EB04050B
:101C400012D1824802F036FB282D40F2FD80601C44
:101C5000FBF746FA00231022A5F1290104F129001F
:101C6000BDE8F041FDF7BEB93F2B07D8784802F038
:101C700021FB0023102229462046F1E703F0F80259
:101C8000C02A11D1734802F015FB238872485BBA51
:101C9000C3F30A0102F09EFA638870485BBA99B2F6
:101CA00002F098FA0434C6E7E02A18D16C4802F032
:101CB00001FB2188684849BAC1F30A0102F08AFA97
:101CC0006188664849BA89B202F084FA2179654888
:101CD00002F080FA00231022691F601DC0E703F0A4
:101CE000E003602B40F0B0805F4802F0E3FA237815
:101CF00003F01803102B2ED004D853BB5B4802F01E
:101D0000D9FA01E0182B28D02378580754BF584837
:101D1000584802F0CFFA237803F00303022B1ED0B9
:101D2000032B1ED0012B14BF5348544802F0C2FAB3
:101D3000637859061DD5524802F04CFA637803F0D7
:101D40003003202B11D021D86BB94E4802F0B2FAE3
:101D50001EE04D48D3E74D48D1E74D48CFE74D4809
:101D6000E4E74D48E2E74D48F0E74D48EEE74D48DF
:101D7000ECE74D4802F02EFA637803F03003202B95
:101D8000F3D003D8002BEED14848DFE7302BEED05C
:101D9000627802F00403120731D5EBB1444802F037
:101DA00089FA637803F00303013B022B8CBF41489F
:101DB000414802F07FFA94F90130002B42DAA17811
:101DC0003E4801F00F02090902F004FA0320291A23
:101DD00000231022204443E7394802F06BFA63786D
:101DE00003F00303022B06D0032B06D0012B14BFF4
:101DF00034483548DDE73548DBE73548D9E79BB15E
:101E0000344802F0E7F9637803F00303022B07D0AC
:101E1000032B07D0012B01D02F48CAE71F48C8E782
:101E20001F48C6E71F48C4E72C4802F0D3F963787F
:101E300003F00303022BF3D0032BF3D0012BEDD0DF
:101E40001A48B6E70220C2E7BDE8F081D37B010063
:101E5000EC7B0100067C0100237C0100367C010044
:101E6000437C0100657C0100717C01007F7C0100E6
:101E7000057D0100107D01001F7D01002C7D01000A
:101E8000477D01006D7D0100A57C0100C47C01003F
:101E9000DD7C0100347D01003D7D0100867D010077
:101EA000957D0100A47D0100BC7D0100E37D010062
:101EB000F37D0100277E0100597E01005E7F010055
:101EC000667E01009B7E0100B77E0100D27E01008C
:101ED000ED7E0100077F01005D7E0100327F010081
:101EE000F8B5084E084B00259B1B0C27B3FBF7F4F5
:101EF000AC4200D1F8BD07FB05F3F35803B1984796
:101F00000135F5E7CC860100E4860100F8B50A4DFD
:101F10000A4C0C23641B0746B4FBF3F40E4603FB88
:101F20000454A54201D13046F8BDAB68314638466D
:101F300098470C35F5E700BFCC860100E486010028
:101F40000A4601460148FBF722B900BF3C020020C7
:101F500010B50A460C4601460020FCF7E9F8204679
:101F600010BD0020FCF7D8B8034B044A4FF4E13110
:101F70000020FCF711B800BF3C020020811F0100C7
:101F8000FBF7FAB837B50446806808B9EFF732FEB8
:101F9000627863689340B3EB400F4FEA4001E26818
:101FA0002CBF0B461946A0EB0205A36038BF5808AA
:101FB00000236380FDF74CF9E06042190648B4F94C
:101FC00010300093006804F11C0304F1240101F0B7
:101FD0002FFC03B030BD00BFF884010010B542886B
:101FE00003789A42044600D313B9D4E905309847E0
:101FF0002046BDE81040FFF7C5BFF8B506460C46C1
:1020000015469DF81C109DF8182018460BB9EFF7DF
:10201000F1FD03FA02F76FF000439F42F7D200236D
:1020200021706380606062708100FDF711F9268283
:10203000C4E902002462E5832046BDE8F840FFF7CA
:10204000A1BF0000024B00F12401186801F08ABA18
:10205000F8840100D0E901329A4210B5044601D853
:10206000EFF7C8FDFFF7EEFF63682046C4E90233CF
:10207000BDE81040FFF786BF4388013343807047B7
:1020800082680168531C83604368013B1340C85C4D
:10209000704710B5EFF3108472B6EFF3108172B68B
:1020A000D0E9022381F310889A4204D0FFF7E8FFB9
:1020B00084F3108810BD4FF0FF30F9E72DE9F041AF
:1020C00005460F461446EFF3108872B6164646B121
:1020D000EFF3108172B6D5E9022381F310889A429A
:1020E00004D188F31088A01BBDE8F0812846FFF7D3
:1020F000C7FF013E07F8010BE9E7F8B505460C46B6
:10210000EFF3108772B60E4646B1EFF3108172B648
:10211000D5E9022381F310889A4203D187F310880E
:10212000A01BF8BD2846FFF7ABFF013EECE730B53A
:10213000EFF3108472B6EFF3108572B6D0E9022384
:102140009B1A426885F3108893420BD0C2680568D9
:10215000531CC3604368013B13400020E95484F3DF
:10216000108830BD4FF0FF30F9E7F0B5EFF310877E
:1021700072B6144654B1EFF3108672B6D0E902532A
:102180005B1B456886F31088AB4203D187F3108848
:10219000101BF0BDC66811F801CB0568731CC36045
:1021A0004368013B3340013C05F803C0E2E700000F
:1021B00010B501884288044649BA52BA92B289B22F
:1021C000064802F007F8A188E288054849BA52BAE1
:1021D000BDE8104092B289B201F0FCBF747F0100EB
:1021E000977F0100B1F5167F08B506D0B1F5966F5F
:1021F00001D1EFF755F8002008BDF0F713F8FEE71E
:1022000010B508B9EFF7F6FC0368002BFAD01B688D
:10221000BDE810409B6A184710B508B9EFF7EAFC13
:102220000368002BFAD01B68BDE81040DB69184733
:102230000129F8B5C4680ED1B4F99421531E9BB29C
:102240001F2B96BF254B002053F822000221BDE82A
:10225000F840EFF793BC062924D007292BD0042996
:102260001FD1D4F878010123002584F8983184F82F
:102270009A5104F5CD7208B9EFF7BCFC0168CE683D
:102280002946B047234604F1A00283F8405083F862
:10229000E05014339A42F8D101260027D4F88C512B
:1022A00085B9F8BD94F8983184F89931042684F8FA
:1022B00098610227F2E794F8993184F8983108265A
:1022C0000327EBE7EB681E4205D06B683A465B6874
:1022D0002946204698472D68E2E700BFE80800201D
:1022E0000368012970B50A460446D86823D1237AC9
:1022F000591E4B424B41A17A01EBC301C9B202FA0C
:1023000001F1EFF3108372B6D0F890211143C0F8B9
:10231000901183F31088B0F99421531E9BB21F2BA8
:1023200098BF264BBDE8704094BF53F822000020B0
:102330000421EFF723BCA37A8BB9D0F88C1189B1B3
:10234000082A26D0092A0DD1CB689B060AD54B68EE
:1023500022469D680223A8471CBBEFF74BFCD0F830
:10236000883103B970BD996819B9D96841B91B683A
:10237000F7E78D68AC4201D11969E0E70968F3E736
:102380008D680DB90968F1E7AE68B442F4D02D68E4
:10239000F7E74B689D682246AC460023BDE87040D5
:1023A00060472368002BD8D01B68054A5D6A01236B
:1023B0002046AC461946BDE870406047E80800205A
:1023C000B284010038B504460D464FF4D87200219E
:1023D00001F088FFC4F8785138BD00001FB50293A2
:1023E000069B0193054B00930023EFF7F1FA0028B9
:1023F00001DCEFF7FFFB05B05DF804FB21240100D1
:1024000010B50346D0F884010860B3F89601C3F80C
:102410008411441CA3F8964108814A6010BD000055
:102420002DE9F0474C4BB2B01B68C0F87431002660
:1024300003A9C0F87061C0F87C11044600F5B878B3
:1024400000F01AFB454BD4F878511B88A4F894315E
:102450000123A4F89631424B84F89A61C4F888614C
:102460006B60404BC5E902340DB9EFF7C3FB2B6835
:1024700028461B6898473C4A04F118012046FFF79C
:10248000BFFF3A4A04F10C012046FFF7B9FF384A72
:1024900021462046FFF7B4FF04F5CE77082101A8B6
:1024A000FAF795FF082201A93846F0F79FF83A4657
:1024B00004F124012046FFF7A3FF84F89861D4F8C3
:1024C0008C61F6B92B682B4ADE6801231946284631
:1024D000B0474FF001090720EFF742FB810706469E
:1024E00003D52B6828461B699847720710D4F30759
:1024F000F1D54046EFF7ACFF0028ECD04368984791
:10250000E9E7736831461B68204698473668D8E784
:10251000EFF3108372B60022D4F890A1C4F8902192
:1025200083F310881427BAF1000FE0D09AFAAAF3C7
:10253000B3FA83F3072B09FA03F2CBBF083B07FB7F
:10254000034307FB0343986BC8BFD3F8D8002AEABC
:10255000020AFFF755FEE6E7E00800206C090020BC
:1025600031220100E1220100B77F0100C27F01009A
:10257000DC7F0100B384010010B5D0F8882100F59C
:10258000C4730020441C1AB980B20883196010BDBE
:102590001B6820461A68F5E7D0F88C2100F5C67351
:1025A0000AB9196070471B681A68F9E710B58068A6
:1025B00000B910BD83685C7A8C4202D11B7A9342C9
:1025C000F7D00068F4E7F8B50446D0F87801069E25
:1025D0000D4611461A4608B9EFF70CFB03685F6811
:1025E0003346B84778B1837A14225343027A012ADA
:1025F0000CBFD033303323449E81986015B1AA6854
:102600001A60AB601846F8BD08B503468068827A48
:102610000AB9EFF7EFFA01211974BDE80840FFF796
:10262000FBBD08B503468068827A0AB9EFF7E2FA83
:1026300000211974BDE80840FFF7EEBD10B508B9D8
:10264000EFF7D8FA0368002BFAD01B68BDE81040FA
:102650009B691847F7B5CB6843F001030026CB60B0
:10266000402701230C460E761A4631460097054650
:10267000FFF7A9FF8368A363012233460097314621
:102680002846FFF7A0FF8368636303B0F0BD10B571
:102690000A4608B9EFF7AEFA0368002BFAD01B68B8
:1026A0001C6A0221A4460423BDE81040604710B50F
:1026B0000A4608B9EFF79EFA0368002BFAD01B68A8
:1026C0005C6A0021A4460123BDE81040604710B5B4
:1026D00008B9EFF78FFA0368002BFAD01B68BDE842
:1026E0001040DB6A1847000010B50C46C2B980F8EC
:1026F0009B210A76886BFFF7A1FF606BFFF79EFFB7
:10270000A06B0849FFF7D3FF606B0649FFF7CFFFC7
:10271000606B04F13C014022BDE81040FFF7D7BFD9
:1027200010BD00BFB48401002DE9F3410C460B7CC1
:1027300091F910100029054603DBE28A206B9042D4
:1027400010D803F01F02012A00F0AE80022A00F028
:10275000CA80002A40F0EF800029637C76DA43B11A
:10276000062B11D0D5F87801002840F0DF80EFF774
:1027700041FA95F89B315B00022201A92846ADF889
:10278000043000F0AAF948E0638A1A0A013A052ADF
:10279000E8D801A151F822F0B1270100C1270100BA
:1027A000C9270100652701006527010035280100C0
:1027B000284600F071FB0028D4DB00F0BC802CE040
:1027C000284600F065FAF6E7D5F88461002EC9D0F6
:1027D00013F0FF030BD14FF44173022269462846E0
:1027E000ADF8003000F079F940F20943C4E7032264
:1027F0008DF8052032899A4200F0B6803668002EA6
:10280000F8D1AFE7284600F093F90021284600F000
:102810008FF916F8011F0029F4D194F91030002B1C
:1028200080F28C8001232846237602B0BDE8F04177
:1028300000F09AB9D5F8780100238DF804300368C8
:1028400001AA9E6804210123B0478BE7052B11D014
:10285000092B87D10323D5F8886185F89831002E9C
:10286000DBD0B76857B9D6F80C80B8F1000F0DD19E
:102870003668F4E7638A85F89A31CEE7FB7B1BB1B3
:102880004249B868FFF713FF3F68EBE7D8F80870D4
:1028900017B9D8F80080E8E7FB7B1BB13C49B86862
:1028A000FFF705FF3F68F3E7617CA28A03F060034E
:1028B0000B4302F00F023FF45FAFD5F88831002BD5
:1028C0003FF450AF198B91420BD119694868C66823
:1028D0003EB1D5F87C2104F11003127E2846B047A2
:1028E00069E71B68EBE7A38A142203F00F001B06BD
:1028F000637C02FB00F04CBFD0303030012B284409
:102900000DD0032B04D0002B7FF42CAF037C33E7D6
:10291000638A002B7FF426AFFFF776FE7DE7638A9C
:10292000002B7FF41FAFFFF77CFE76E703685B693F
:1029300098470023237602B0BDE8F081E38A226B3A
:102940009A420AD20323606B2376402204F13C01B1
:1029500002B0BDE8F041FFF7BABE0423A06B2376B6
:10296000002204F17C01F3E702278DF804707068FF
:1029700001F057FD013040008DF804003A4601A9EE
:10298000284600F0AAF87668013E42E7B6840100C6
:10299000B584010073B505460C466BBB0B7E042B5A
:1029A00013D8DFE803F0512B26400300137A012BE4
:1029B00022D190F89A318BB190F89831012B0DD13A
:1029C000D0F8780105F5CD7208B9EFF713F9016871
:1029D000CE680021B047022385F898310023606B50
:1029E0002376402204F13C0102B0BDE87040FFF7BD
:1029F0006EBE137A002BF2D002B070BD167A012E93
:102A0000FAD100F052F828B121462846FFF78CFE93
:102A10002676F1E7606B402204F13C01FFF757FE98
:102A200002232376E8E7137A002BE5D1606B01934C
:102A300001A9FFF72CFE236B019A1344236321465F
:102A40002846FFF771FED7E7167A002ED4D131461B
:102A5000102204F11C0001F045FCE36B2361236CA0
:102A60006361E38A266321462846E36202B0BDE83B
:102A70007040FFF759BE0000034B4B60D0F88C311B
:102A80000B60C0F88C117047B884010010B5D0F805
:102A90007C4109B9EFF7AEF8237E032BFAD1606BC6
:102AA000FFF7F5FD04F13C0010BDD0F87C319A6BC6
:102AB000D8695268196A024491420CD9D96A88428D
:102AC00009D2986A81424FF0000005D9C3E9072076
:102AD00058620120704700207047D0F87C01F8B59B
:102AE000836BC7695D68036A9F423D4403EB020440
:102AF00008D9AB4202D2FE1A964206D904620025DA
:102B00002846F8BDAB42F9D20026AC422CBFED1AE4
:102B1000951B426A046228BFAD1B2A44DB1B42623C
:102B200033447C302A463144184401F06CFCE7E71A
:102B3000D0F87C21D2E90703984210B510D8946BE5
:102B400064680444A3420BD21B1A1344012083F887
:102B50007C10136A01331362536A0133536210BD50
:102B6000013313620020FAE7D0F87C11C869CA6A01
:102B70004B6A121A9A4228BF1A468B6A886B134412
:102B800010B57C3141F8543C08B9EFF733F80368CD
:102B9000002BFAD01B68BDE81040DB6A184770B5FF
:102BA00006460C4600250CB9284670BD626893683D
:102BB000127B1AB1A16830469847034624681D4429
:102BC000F1E770B506460C4600250CB9284670BDE5
:102BD00063681B681BB1A1683046984703462468A8
:102BE0001D44F2E770B506460C4600250CB9284690
:102BF00070BD63685B681BB1A168304698470346A7
:102C000024681D44F2E700002DE9F7434FF0000966
:102C1000DFF8788005460C464E4640F207571CB94F
:102C2000484603B0BDE8F08361682846FFF7C9FF56
:102C3000A268CDF80360117A937A8DF802300129E9
:102C400004BF63F07F038DF80230537AADF8007053
:102C5000013BDBB2032B17D818F803308DF8033093
:102C6000A389ADF804300722A37B8DF806306946AE
:102C70002846FFF732FF61682846FFF7B3FF9DF84B
:102C8000003024689944CAE7EEF7B4FFC884010015
:102C90002DE9F04F8DB07F4A039200230122ADF859
:102CA00010308DF8112080228DF8132032228DF8FB
:102CB0001420D0F888218DF81230044652BBD4F885
:102CC00080118DF810302046FFF769FFD4F8885145
:102CD000093015BB238CADF80E00092203A920464C
:102CE0008DF81230FFF7F9FED4F880112046FFF777
:102CF00079FFD4F8886100F10907A84640F2094934
:102D0000002E42D1BDF80E002F44B84200F0BF8023
:102D1000EEF770FF12680133D0E700F10907696828
:102D20002046FFF73CFFAE680744002046B9D5F8BF
:102D30000C800744B8F1000F0BD12D68B819C8E713
:102D4000716800F107082046FFF729FF3668404404
:102D5000ECE7D8F804102046FFF721FF0936D8F831
:102D600008A006440020BAF1000F03D1D8F8008073
:102D70000644DFE7DAF8041000F107092046FFF700
:102D80000EFFDAF800A04844EDE771682046FFF72F
:102D900018FF338BCDF81A808DF81A30B37ECDF83A
:102DA0001D808DF81D30F37E8DF81E30B268337FA4
:102DB0008DF81F3082460935ADF8189000230ABB04
:102DC0008DF81C30736913B11B898DF820300922EE
:102DD00006A92046FFF781FE71682046FFF702FF33
:102DE000AA448244B1682046FFF70EFF0AEB0005B3
:102DF000D6F80CA001220020BAF1000F05D13668E8
:102E000005447DE712680133D9E7338B8DF826300E
:102E1000B37ECDF828808DF82C808DF82930F37E94
:102E20008DF82A3002F1010B337FDAF808108DF8A3
:102E30002B308DF82720ADF8249000F109035FFABC
:102E40008BFB002201BB8DF82820DAF80C2012B190
:102E500012898DF82C20092209A920460193FFF739
:102E60003CFEDAF804102046FFF7BCFE019BDAF8BE
:102E70000810034420460193FFF7C6FE019BDAF8D1
:102E800000A018445A46B7E709680132DAE70DB0E6
:102E9000BDE8F08F090209007FB50022ADF80820D7
:102EA0008DF80A200F4A019240228DF80B200E4A1D
:102EB00003924FF48072ADF810200289838D8DF853
:102EC0001220828A8DF813208DF8143012220123EB
:102ED00001A98DF81530FFF700FE122007B05DF84C
:102EE00004FB00BF120100020912007D0AB981F83B
:102EF0007C20704707B540F60833ADF800300B8DE5
:102F00008DF8023002238DF80330082240F20223AC
:102F100069460193FFF7E1FD082003B05DF804FB6B
:102F20002B4B2DE9F743C1F884302A4B0962C1E9E4
:102F3000153140F202234B8501F150034B610A2306
:102F40000026A1F84A3001F1100808230E6581F827
:102F50002C6081F84C604E6309640C460093022299
:102F6000012341460546FFF72EFB08B9EEF742FE66
:102F700040F2FF1304F130074FF04009C3810322F0
:102F8000CDF80090012339462846FFF71CFB8673D5
:102F90000028EBD00123C3730322CDF80090334601
:102FA00039462846FFF70FFB0028DFD04FF4807327
:102FB000C38141462846FFF7DFFA39462846FFF726
:102FC000DBFAE36843F00103E36003B0BDE8F0839C
:102FD0003B310100CC84010037B5194B0093044606
:102FE0000D460123694605228DF80430FFF775FD73
:102FF000144B0093694604222046FFF76EFD42F20F
:1030000005412A8DADF800100621B5F848308DF83D
:1030100002108DF803206946052220468DF8043001
:10302000FFF75BFD084AB5F8483000926946052273
:1030300020468DF80430FFF750FD132003B030BD5B
:1030400005240020042402020524010010B508B95B
:10305000EEF7D0FD0368002BFAD01B68BDE81040E6
:10306000DB6A1847F8B5436F93F89831032B044691
:103070000D4626D190F87C30012B22D1EFF310863B
:1030800072B600F16407EFF3108172B6D4E91B2326
:1030900081F310889A420AD03846FEF7FAFFA36FF0
:1030A0005A1C23443F2AA26783F8D000EBD986F349
:1030B0001088A26F04F1D0012846BDE8F840FFF760
:1030C000C5BFF8BD73B51389B3F5407F0C461546EF
:1030D0001AD10AB9EEF78EFD1368002BFAD01B68DF
:1030E0001E6A04230DEB030202212846B047019A11
:1030F00004F190061AB1E36D31462046984740220C
:1031000031462846FFF7A2FF2A8940F201339A424E
:1031100011D10023A367EFF3108172B6D4E91B230A
:1031200081F310889A4206D02946204602B0BDE8B5
:103130007040FFF797BF02B070BD50F8083C803870
:1031400023B9836B1B689968FFF78CBF70472DE923
:10315000F04190F87C300D46144600F164074BB105
:10316000EFF3108472B63846FEF7FFFF84F3108841
:10317000BDE8F081EFF3108672B6EFF3108272B6FD
:10318000016FD0E91A300344A3EB010882F31088E1
:10319000444510D92144C91A3846FEF7AEFF00EB6A
:1031A0000802A31A1D4429463846FEF7DEFF86F3BF
:1031B00010882046DCE72246F5E7436F2BB100F18B
:1031C000800103F5B870EFF723B970477FB50C465F
:1031D0005978212933D0222937D020292CD1DB88D6
:1031E000072B29D1032A1BD1002303A90393FFF73F
:1031F0004DFC039B072B05461ED14379827901685C
:10320000007900902046FEF7EDFF266E5EB92B6830
:10321000C4F88830AB88A4F88C30AB7984F88E3051
:10322000012004B070BD28796B79AA7929680090D3
:103230002046B0470028EADA4FF0FF30F1E70722D6
:1032400004F18801FFF749FCEAE75B8813F001030A
:1032500015D0012384F87C300022032104F13000D2
:10326000FFF7A4F908B9EEF7C5FC8068402204F125
:103270009001FFF7EBFE2046FFF79FFFD0E784F8B1
:103280007C30CDE72DE9F843DDE908960C4605468C
:10329000904600214FF4A87220461F4601F022F804
:1032A00065671EB1734236EA030301D0EEF7A2FC54
:1032B000054B6360C4E91996C4E91787214628467F
:1032C000BDE8F843FFF768B9DC84010038B50C4667
:1032D0008D18AC4200D138BD14F8011B0148F9F734
:1032E0004BFFF6E73C020020F8B505460C460646C3
:1032F0000CB9701BF8BD224631460548FFF727FF81
:1033000007460348FFF759FF3E44E41BF0E700BFC0
:10331000A050002007B580230193054B0093054A78
:1033200005490023FFF7AEFF03B05DF804FB00BFC3
:1033300020500020CD320100A050002000F12401D7
:10334000006A00F00FB910B50446006A4369013302
:1033500014D000F0CAF880B1626B94F83840A2FB38
:103360000023C4F1200003FA00F0A4F12001E240A0
:10337000024323FA01F142EA010010BD83685B6851
:103380009847E8E730B4436C90F840501944C36B59
:10339000C5F12004A1FB0313A5F12002E94003FAC3
:1033A00004F4214323FA02F20A4330BC00F1240161
:1033B000006A00F0F0B800002DE9F04104460F4625
:1033C0001546002148221E4600F08CFF1D4BA360CD
:1033D0001D4B2762C4E90B340DB9EEF70BFC002E30
:1033E000FBD03246294604F13400EFF7A8F92A460B
:1033F000314604F13C00EFF7A2F9B5424FF0FF333C
:1034000019D294F83850616BC5F12000A1FB031369
:1034100003FA00F0A5F12002E94023FA02F2014389
:1034200011434B1C61610AD0A36820461B68BDE8AC
:10343000F04149081847B5FBF6F563616564BDE8DE
:10344000F08100BFEC8401000536010003460068EE
:1034500038B10A6822B9D868431A584258417047AF
:10346000012070470346006848B1416831B90268DD
:103470001A600AB9DA60704701607047002070472F
:10348000416902688368B1F1FF3F07D01B684908B2
:103490001AB15268914228BF1146184712B11B68F1
:1034A0005168FAE79B68184738B505460C46FFF7A0
:1034B000CDFF08B9EEF79EFB28460246006898B19A
:1034C000A042FAD1EB68A34204D1AA4214BF13462A
:1034D0000023EB60236813601BB15A6861680A44DB
:1034E0005A6000232360012038BD38B54369044683
:1034F0000BB9EEF77FFBEFF3108572B683685B685C
:1035000098470246A069E36982423DBF6169013183
:10351000891811461B1A5818C4E9062085F310882B
:1035200038BD4269013201D0FFF7DFBF83685B68B5
:10353000184738B505464468FFF7F3FF2B6833B1E9
:10354000021B00245968914203D3891A59606860AC
:1035500038BD521A5C601B68002BF8D059680029EE
:10356000F9D0EFE7F8B505460E46EFF3108772B6CF
:10357000FFF76CFF044650B12846FFF7DAFF3146EB
:103580002846FFF791FF04462846FFF779FF87F3A7
:1035900010882046F8BD2DE9F04105460E46144638
:1035A000EFF3108872B6FFF7C4FF3146074628468E
:1035B000FFF74CFF10B12846FFF776FF2B8AA34296
:1035C00034BFE21A002272602B4600211C461B68A1
:1035D00083B9501A3360706093B1891A5A680A44EB
:1035E0005A6026602846FFF74BFF88F3108838465C
:1035F000BDE8F081586808448242EAD30146E5E715
:10360000EE60EEE74369013310B5044619D0FFF7C9
:1036100088FF236883B161685B681944081A002831
:103620000FDD6169A368490881421B6828BF014614
:103630002046BDE8104018476169A36849081B6827
:10364000F6E723683BB92046FFF71AFFEFF305833F
:10365000DBB2BBB110BD626859680A4462600022E7
:103660005A602046FFF7FEFE0028ECD0D0E9023079
:1036700098472046FFF7F6FE0028F7D12046FFF7CF
:1036800058FFEEE7034B4FF080525A60BFF36F8F45
:10369000E0E700BF00ED00E010B5114A11484FF01F
:1036A000FF33002100F078F804460F4800F044F89A
:1036B0000E4AA4F56723A3F56F63934203D90C4820
:1036C000214600F087FD074B0A4A1A61BDE8104009
:1036D000054909484FF400434FF47A72FFF76CBE76
:1036E00040420F005002002038520020A086010006
:1036F000E87F010007001600F0510020FAF7AABA8F
:10370000FAF78EBA70B504460D46EFF3108672B61E
:10371000FAF786FA022D2CBF4019023004492246DE
:1037200020F07F40FAF782FA86F3108870BD00BF60
:1037300035370100FFF766BF0A4B10B504468360BA
:103740006FF07F434361FAF757FAFAF78BFA616932
:103750004B1C06D0A36820461B68BDE810404908F2
:10376000184710BD00850100FFF74CBF006A00211B
:10377000FAF762BB006AFAF78BBB828C8A4210B5FB
:1037800038BF0A46EFF3108472B60021006AFAF7D8
:103790008FFB84F3108810BD70B50D4601620E4991
:1037A00081604361114604462846FBF77AFC0B4AC8
:1037B0000646014623462846FAF7F0FA08B1EEF726
:1037C00019FA61694B1C04D0A36849081B6820469C
:1037D0009847304670BD00BF0C8501006937010075
:1037E000EDF77EBFB0F90010EDF798BE30B50B468F
:1037F00087B0EFF3058212F0FF0201D0EEF7FAF97D
:10380000458A0A4C02924FF0FF3101919D4203928A
:1038100002A9049438BF5A1B01AC0594FFF7BBFE04
:1038200001212046EDF726FF07B030BDE13701004A
:1038300070B4044EBDF90C50C1E902631D8070BC28
:10384000FFF7A9BEE537010053B94AB9002908BFFF
:1038500000281CBF4FF0FF314FF0FF3000F088B957
:10386000ADF1080C6DE904CE00F006F8DDF804E0D7
:10387000DDE9022304B070472DE9F047089D0F46AB
:1038800004468C46002B48D18A42164661D9B2FACA
:1038900082F34BB1C3F1200201FA03FC20FA02F2D9
:1038A0009E4042EA0C0C9C404FEA164EB7B2BCFB5D
:1038B000FEF1220C0EFB11CC42EA0C4201FB07F098
:1038C000904209D9B21801F1FF3C80F0EE8090429D
:1038D00040F2EB8002393244121AA4B2B2FBFEF07D
:1038E0000EFB102244EA024400FB07F7A74209D965
:1038F000341900F1FF3280F0DA80A74240F2D7801D
:103900003444023840EA0140E41B00211DB1DC4090
:103910000023C5E90043BDE8F0878B4206D90DB10D
:10392000C5E9000100210846BDE8F087B3FA83F13C
:10393000002948D1BB4202D3824200F20781841A97
:1039400067EB030201209446002DE4D0C5E9004C4A
:10395000E1E7002A00F09280B2FA82F3002B40F0F7
:10396000A8808A1A4FEA164E1FFA86FC0121200C05
:10397000B2FBFEF70EFB172240EA02420CFB07F0F7
:10398000904207D9B21807F1FF3802D2904200F2F4
:10399000E2804746121AA4B2B2FBFEF00EFB1022E0
:1039A00044EA02440CFB00FCA44507D9341900F199
:1039B000FF3202D2A44500F2CB801046A4EB0C04E7
:1039C00040EA0740A2E7C1F120068B4022FA06FC3C
:1039D0004CEA030C07FA01F420FA06F3F7404FEA29
:1039E0001C49234300FA01F81FFA8CFEB7FBF9F0DB
:1039F0001C0C09FB107744EA074400FB0EF7A742B2
:103A000002FA01F20AD91CEB040400F1FF3A80F03B
:103A10009B80A74240F2988002386444E41B9FB226
:103A2000B4FBF9F309FB134447EA044403FB0EFE1D
:103A3000A64509D91CEB040403F1FF3780F082800E
:103A4000A6457FD9023B644443EA0040A4EB0E0440
:103A5000A0FB02E7BC427346B94663D360D05DB1B8
:103A6000B8EB030264EB090404FA06F622FA01F348
:103A70001E43CC40C5E9006400214CE762084808B9
:103A800042EAC1710B0C43EA00438AB242EA0342A4
:103A9000B3FBF6F1E407B4463746B6461F23B0FB46
:103AA000F6F0D21B41EA004161E7614614E7104697
:103AB00028E7C3F1200120FA01F29E4027FA01F124
:103AC0009F403A434FEA164E1FFA86FCB1FBFEF7C1
:103AD0000EFB1710110C41EA004107FB0CF888455A
:103AE00004FA03F43AD9711807F1FF3001D288457E
:103AF0001FD8A1EB0801B1FBFEF808FB0CF70EFB89
:103B0000181192B242EA0142BA422FD2B21808F119
:103B1000FF31C6D2BA42C4D2A8F102013244C0E792
:103B2000F0459CD2BEEB020367EB0C070138B946A7
:103B300095E7A6EB08084144B81EB1FBFEF808FB68
:103B40000CF7DCE73B467FE7504667E70846FBE6B5
:103B50003444023832E7023F32441BE7A1EB08014C
:103B60003846B1FBFEF808FB0CF7C8E7414698E77A
:103B7000704700BF0A22002100F08CBA70B50F4ECA
:103B80000C463168054611B9F9F7A0FF30602146AF
:103B90002846F9F79BFF431C03D14FF0FF34204622
:103BA00070BDC41C24F00304A042F8D0211A28469A
:103BB000F9F78CFF0130F2D1EFE700BF5852002037
:103BC0002DE9F843CD1C25F0030508350C2D38BF31
:103BD0000C25002D064601DBA94204D90C233360D5
:103BE0000020BDE8F883DFF8D48000F027F9D8F88A
:103BF00000301C4644BB29463046FFF7BFFF431C3C
:103C0000044658D1D8F800402746002F43D1002C55
:103C10004BD023683946304604EB0309F9F756FFC9
:103C2000814542D121686D1A29463046FFF7A6FF2B
:103C300001303AD023682B442360D8F800305A680A
:103C400062BBC8F800700FE02268521B20D40B2A18
:103C500017D96119A342256018BF5960636808BF6E
:103C6000C8F8001062514B60304600F0EDF804F1E6
:103C70000B00231D20F00700C21A1CBF1B1AA35003
:103C8000AFE76268A3420CBFC8F800205A60EBE7B8
:103C900023466468AEE73C467F68B6E71A465B6831
:103CA000A342FBD100235360DEE70C233360304690
:103CB00000F0CAF894E70560D6E700BF5C52002028
:103CC000B1F90C202DE9F041160705460C4651D4F8
:103CD0004B68002B02DC0B6C002B49DDE66A002EE2
:103CE00046D0002312F480522F682B6031D0626DD1
:103CF000A389590705D56368D21A636B0BB1236C8E
:103D0000D21A0023E66A216A2846B047421CB4F959
:103D10000C3006D129681D2946D8294ACA40D60741
:103D200042D500226260D9042269226004D5421C77
:103D300001D12B6803B96065616B2F60C1B104F1DB
:103D40004403994202D0284600F074FB00236363C9
:103D50000EE0216A01232846B0470246501CC7D115
:103D60002B68002BC4D01D2B01D0162B1AD12F602D
:103D700000201EE00F69002FFAD093070E6808BFDD
:103D80004B690F6018BF0023A6EB07088B60B8F1E2
:103D9000000FEDDD216AA66A43463A462846B04741
:103DA000002808DCB4F90C3043F04003A3814FF045
:103DB000FF30BDE8F0810744A8EB0008E7E700BF4B
:103DC0000100402038B50B6905460C4613B90025A3
:103DD000284638BD18B1036A0BB900F0C9F8B4F928
:103DE0000C30002BF3D0626ED00704D4990502D4B6
:103DF000A06D00F0F4FA28462146FFF761FF636EDC
:103E0000DA070546E4D4A3899B05E1D4A06D00F050
:103E1000E7FADDE7014620B9044A0549054800F004
:103E2000BBB9054B1868FFF7CDBF00BF7802002073
:103E3000C53D01008802002084020020014800F0F6
:103E4000CEBA00BF9C530020014800F0C9BA00BFA1
:103E50009C530020002310B50446C0E90033C0E99C
:103E60000433836081814366C281836119460822DD
:103E70005C3000F037FA0D4B63620D4BA3620D4BC3
:103E8000E3620D4B23630D4B24629C4206D003F189
:103E90006802944202D0D0339C4205D104F158000C
:103EA000BDE8104000F09ABA10BD00BF6D4A010095
:103EB0008F4A0100C74A0100ED4A0100605200200C
:103EC000024A0349034800F067B900BF78020020A6
:103ED000C53D01008802002041680C4B994210B595
:103EE000044601D0FFF76EFFA168094B994202D04A
:103EF0002046FFF767FFE168064B994204D0204651
:103F0000BDE81040FFF75EBF10BD00BF605200204B
:103F1000C8520020305300200C4B0D4A0D4810B5FC
:103F200004211A600022FFF795FF0A4B01221C466C
:103F3000092103F16800FFF78DFF04F1D000022290
:103F4000BDE810401221FFF785BF00BF9853002045
:103F5000C13E010060520020014800F040BA00BF9D
:103F60009D530020014800F03BBA00BF9D53002044
:103F700010B50446FFF7F0FF236A1BB1BDE81040FF
:103F8000FFF7F0BF044B2362044B1B68002BF5D1F5
:103F9000FFF7C2FFF2E700BFD93E010098530020AF
:103FA000242B2DE9F0478646904601D8012B06D1F7
:103FB00000F0EAF9162303600020BDE8F0873448DA
:103FC0000D462A4615F8014B065D16F00806F8D195
:103FD0002D2C10D12C780126951C33F0100215D110
:103FE000302C0DD12A7802F0DF02582A08D16C78E3
:103FF000023510230AE02B2C04BF2C78951CECE72B
:10400000002BF6D1302C14BF0A23082306F1004CF4
:104010000CF1FF3C0022BCFBF3F9104603FB19CA6C
:10402000A4F13007092F0FD83C46A3421BDD571CD3
:1040300007D0814514D301D1A24511DB00FB034019
:10404000012215F8014BEBE7A4F14107192F01D824
:10405000373CEAE7A4F16107192F04D8573CE4E79D
:104060004FF0FF32EDE7531C08D12223CEF8003089
:104070006046B8F1000FA0D0691E06E006B14042CC
:10408000B8F1000F99D0002AF6D1C8F8001094E7D3
:104090001985010013460A46014602480068FFF7E9
:1040A0007FBF00BF840200202DE9F043344E8646D6
:1040B0000D46284615F8014B375D17F00807F8D173
:1040C0002D2C10D12C780127851C33F0100015D130
:1040D000302C0DD1287800F0DF00582808D16C78FA
:1040E000023510230AE02B2C04BF2C78851CECE74A
:1040F000002BF6D1302C14BF0A2308234FF0FF38D1
:104100000026B8FBF3F803FB08F96FEA090930460B
:10411000A4F1300CBCF1090F10D86446A3421EDD97
:10412000B6F1FF3F07D0804516D301D1A14513DB7F
:1041300000FB0340012615F8014BE9E7A4F1410C0F
:10414000BCF1190F01D8373CE8E7A4F1610CBCF1D0
:10415000190F04D8573CE1E74FF0FF36EBE7731C2B
:1041600006D12223CEF80030304632B9BDE8F083C4
:1041700007B14042002AF9D006B1691E1160F5E787
:104180001985010013460A46014602480068FFF7F8
:104190008BBF00BF840200202DE9F8430746884604
:1041A00014460026D4E90195B9F1010905D5246822
:1041B000002CF7D13046BDE8F883AB89012B07D935
:1041C000B5F90E30013303D029463846C0470643BF
:1041D0006835E9E70FB407B5064904AB086853F83A
:1041E000042B8168019300F099F903B05DF804EBAA
:1041F00004B0704784020020024B014618688268B0
:1042000000F067BD84020020036A70B5846805462B
:104210000E460BB9FFF7ACFE636EDB0705D4A3892E
:10422000980502D4A06D00F0DAF8A389190702D529
:104230002369002B35D12146284600F099FC80B334
:104240004FF0FF35636EDA0705D4A3899B0502D4CE
:10425000A06D00F0C5F8284670BD002B04DAA269F5
:10426000934217DB0A2915D023685A1C2260197063
:10427000A36816F8011F013BA3600029EDD1002BB4
:1042800011DA22460A21284600F034FC0130D7D04A
:104290000A25D7E72246284600F02CFC0130E7D15A
:1042A000CEE7013EE4E723685A1C22600A221A7016
:1042B000EEE70000024B01461868FFF7A5BF00BFFC
:1042C0008402002010B501390244904201D100203F
:1042D00005E0037811F8014FA34201D0181B10BD6F
:1042E0000130F2E702440346934200D1704703F8DD
:1042F000011BF9E7C9B20346184613F8012B12B1A6
:104300008A42F9D17047002918BF0020704710B5C4
:104310006AB10139841810F8012B11F8013F9A4253
:1043200003D1A04201D0002AF5D1D01A10BD104609
:10433000FCE7F0B5044608B9146844B1204614F807
:10434000015B0F4617F8016B1EB965B915600020B7
:1043500005E0B542F6D1002BF0D114600370F0BD3A
:104360001C460CE01DB9274614F8013B0E4616F812
:10437000015BAB42F6D1002BF2D000233B701460FE
:10438000EDE70123FFF7D5BF014B1868704700BF69
:104390008402002070B50D4B0D4D5B1B9C10002658
:1043A000A64209D1F9F78AFB0A4D0B4B5B1B9C1007
:1043B0000026A64205D170BD55F8043B984701364A
:1043C000EEE755F8043B98470136F2E7E486010032
:1043D000E4860100E4860100E4860100704770472E
:1043E000704710F8012B11F8013B012A28BF9A42AF
:1043F000F7D0D01A7047034611F8012B03F8012BB0
:10440000002AF9D170470A44914200F1FF3300D1EC
:10441000704710B511F8014B03F8014F9142F9D1E3
:1044200010BD034613F8012B002AFBD1181A0138DE
:104430007047000038B50546002941D051F8043CCA
:104440000C1F002BB8BFE418FFF7F8FC1D4A1368D7
:1044500033B9636014602846BDE83840FFF7F4BC08
:10446000A34208D9206821188B4201BF19685B68F4
:1044700009182160EDE71A465B680BB1A342FAD92F
:1044800011685018A0420BD1206801445018834293
:104490001160E0D118685B68536008441060DAE787
:1044A00002D90C232B60D6E7206821188B4204BF69
:1044B00019685B68636004BF091821605460CAE72B
:1044C00038BD00BF5C5200209368013B002B10B444
:1044D000936008DA9469A34201DB0A2903D15DF8ED
:1044E000044B00F007BB1368581C10601970084695
:1044F0005DF8044B7047F8B506460F461446D518CC
:10450000AC4201D1002007E014F8011B3A463046C6
:10451000FFF7DAFF431CF3D1F8BD00002DE9F047A7
:104520000D469CB014461F46064618B1036A0BB9E7
:10453000FFF71EFD6B6ED90705D4AB899A0502D42F
:10454000A86DFFF74CFFAB891B0701D52B699BB901
:104550002946304600F00CFB70B16B6EDC0704D5C9
:104560004FF0FF301CB0BDE8F087AB899805F7D459
:10457000A86DFFF735FFF3E70023099320238DF89B
:104580002930039730236A4F8DF82A304FF0010805
:104590002346994613F8012B0AB1252AF9D1B9EB24
:1045A000040A0BD05346224629463046FFF7A3FFA4
:1045B000013000F0A480099A5244099299F8003021
:1045C000002B00F09C8000234FF0FF32CDE9052343
:1045D00009F10109049307938DF853301A934C465F
:1045E000534814F8011B052200F0AAFB049BD0B924
:1045F000D90644BF20228DF853201A0744BF2B222E
:104600008DF8532099F800202A2A13D0079A4C4697
:1046100000204FF00A0C214611F8013B303B092BDA
:1046200049D968B913E0C01B08FA00F01843049098
:10463000A146D4E7039A111D12680391002A01DBF9
:10464000079204E0524243F0020307920493237856
:104650002E2B0AD163782A2B32D1039B1A1D1B689B
:10466000039243EAE37302340593DFF8D490217890
:104670000322484600F064FB38B1049BA0EB09001C
:104680004022824013430134049314F8011B29484B
:104690008DF82810062200F053FB00283ED0264853
:1046A00018BB039B073323F0070308330393099BCD
:1046B000034409936CE70CFB02320C460120AAE785
:1046C00000230134059319464FF00A0C204610F8D8
:1046D000012B303A092A03D9002BC6D00591C4E733
:1046E0000CFB012104460123F0E703AB00932A46AB
:1046F000124B04A93046AFF30080431CD7D16B6E38
:10470000D90705D4AB899A0502D4A86DFFF768FED6
:10471000AB895B063FF524AF099823E703AB009311
:104720002A46064B04A9304600F07AF8E5E700BFB8
:10473000248001002E80010000000000F7440100E9
:104740002A8001002DE9F047164698468A680B69D1
:10475000DDF820909342B8BF1346336091F84320B0
:1047600007460C460AB1013333602368990642BFFD
:10477000336802333360256815F0060506D104F16D
:10478000190AE36832689B1AAB4226DC94F843307E
:104790002268003B18BF012392062BD404F1430288
:1047A00041463846C84701301ED02368226903F0CD
:1047B0000603042B02BFE5683368ED1AA3680CBF3B
:1047C00025EAE57500259342C4BF9B1AED18002623
:1047D0001A34B5421AD1002008E00123524641465E
:1047E0003846C847013003D14FF0FF30BDE8F087AD
:1047F0000135C6E7E1185A1C302081F843002244F5
:1048000094F8451082F843100233C7E7012322468B
:1048100041463846C8470130E6D00136D9E70000A6
:104820002DE9F0430D7E85B0782D90460C9E07460D
:104830000C46994601F1430207D8622D0AD8002D93
:1048400000F0D780582D00F0BC8004F1420684F8B7
:1048500042503BE0A5F16303152BF6D801A151F8B6
:1048600023F000BFBD480100D14801004B480100C2
:104870004B4801004B4801004B480100D148010062
:104880004B4801004B4801004B4801004B480100D8
:10489000D9490100FB4801008B4901004B48010048
:1048A0004B480100FB4901004B480100FB48010057
:1048B0004B4801004B4801009349010033681A1D21
:1048C0001B68326004F1420684F842300123A1E003
:1048D00033682068191D3160060601D51D6803E0A4
:1048E0004506FBD5B3F90050002D03DA2D236D42A8
:1048F00084F843305B480A2311E0216833680806D6
:1049000053F8045B02D4490648BFADB23360237E3E
:1049100054486F2B5CD10823002184F8431066684B
:10492000A660002E05DB21682E4321F004012160E2
:1049300050D01646B5FBF3F103FB115C10F80CC028
:1049400006F801CDAC4663450D46F3D9082B0BD1D3
:104950002368DB0708D5236961689942DEBF3023ED
:1049600006F8013C06F1FF36921B2261CDF800905B
:10497000434603AA21463846FFF7E4FE01304ED1F4
:104980004FF0FF3005B0BDE8F083236843F020030B
:1049900023603548782584F845502368316813F042
:1049A000800F51F8045B03D113F0400F18BFADB274
:1049B0003160D90744BF43F0200323601DB11023A9
:1049C000AAE72848E7E7236823F020032360F6E7F7
:1049D0000A23A1E71646B9E7336825686169181DFF
:1049E00030602E061B6801D5196002E06806FBD511
:1049F0001980002323611646B8E733681A1D326018
:104A00001E6862680021304600F09AF908B1801BE8
:104A1000606063682361002384F84330A6E723695C
:104A2000324641463846C8470130A9D023689B0723
:104A300013D4E068039B9842B8BF1846A2E701234D
:104A4000324641463846C847013099D00135E368BF
:104A500003995B1AAB42F2DCEBE7002504F119067F
:104A6000F5E700BF705701008157010010B50C46F3
:104A7000B1F90E10F9F748F80028ABBF636DA389B0
:104A80001B1823F48053ACBF6365A38110BD2DE9CF
:104A9000F0411F468B89DB0505460C46164605D5B9
:104AA000B1F90E1002230022F9F73BF8A389B4F9FB
:104AB0000E1023F48053A38132463B462846BDE8BE
:104AC000F041F9F725B810B50C46B1F90E10F9F719
:104AD00028F8B4F90C30421C0BBF23F4805343F484
:104AE0008053A381A38118BF606510BDB1F90E107A
:104AF000F9F712B8F8B50E461446054618B1036A20
:104B00000BB9FFF735FAA369A360A3891A0701D58A
:104B1000236943B92146284600F02AF818B14FF01E
:104B2000FF373846F8BD23682269981A6369F6B2E0
:104B30008342374605DC21462846FFF743F9002823
:104B4000EDD1A368013BA36023685A1C22601E704C
:104B50006269431C9A4204D0A389DB07E1D50A2E7F
:104B6000DFD121462846FFF72DF90028D9D0D6E716
:104B700038B5284B054618680C4618B1036A0BB9BE
:104B8000FFF7F6F9B4F90C301A0721D4D80607D488
:104B900009222A6043F04003A3814FF0FF3030E048
:104BA000590712D5616B41B104F14403994202D017
:104BB0002846FFF73FFC002363630022B4F90C3062
:104BC00062602269226023F0240343F00803A3817A
:104BD00022693AB99A0501D5180603D52146284617
:104BE00000F03EF8B4F90C3013F001020AD00022B4
:104BF000A26062695242A261226942B913F0800048
:104C0000C8D138BD990758BF6269A260F4E7002097
:104C1000F7E700BF8402002070B50C46B1F90E1012
:104C2000002996B015461E460ADAA18911F08001C6
:104C300013D14FF48062002031602A6016B070BD3D
:104C40006A46F8F773FF0028EFDB019901F4704121
:104C5000A1F5005359425941EBE700214022EAE710
:104C60008B8973B59E0705460C4607D504F14703AB
:104C7000236023610123636102B070BD01AB6A460A
:104C8000FFF7CAFF009E28463146FEF799FFB4F9A8
:104C90000C3038B99A05EFD423F0030343F0020334
:104CA000A381E3E743F08003A381019B2060C4E973
:104CB0000406002BE0D0B4F90E102846F8F73BFFAD
:104CC0000028D9D0A38923F0030343F00103A38173
:104CD000D2E770B50D461446064618B1036A0BB903
:104CE000FFF746F9636ED80705D4A389990502D466
:104CF000A06DFFF774FBA368013B002BA36005DAEE
:104D0000A269934212DBEBB20A2B0FD023685A1C24
:104D100022601D70EDB2636EDA0705D4A3899B058E
:104D200002D4A06DFFF75CFB284670BD29462246E1
:104D30003046FFF7DFFE0546EDE70000000000000B
:104D400001F0FF01102A2BDB10F0070F08D010F83C
:104D5000013B013A8B422DD010F0070F42B3F6D140
:104D6000F0B441EA012141EA014122F007047FF059
:104D700000070023F0E80256083C85EA010586EAB0
:104D8000010685FA47F5A3FA87F586FA47F6A5FAEC
:104D900087F68EB9EED1F0BC01F0FF0102F00702F8
:104DA00032B110F8013B013A83EA010313B1F8D1A3
:104DB0000020704701387047002D06BF3546033884
:104DC000073815F0010F07D1013015F4807F02BFBD
:104DD000013015F4C03F0130F0BC0138704700BF0E
:104DE000323030313A3A31004572726F723A207582
:104DF0006E61626C6520746F2070617273652064EF
:104E0000657374696E6174696F6E20616464726544
:104E10007373004572726F723A20756E61626C65D1
:104E200020746F20636F7079206461746120746FE7
:104E3000207061636B6574206275666665720045FB
:104E400072726F723A20756E61626C6520746F20A9
:104E5000616C6C6F636174652055445020686561B6
:104E6000646572004572726F723A20756E61626C91
:104E70006520746F20616C6C6F63617465204950AC
:104E8000763620686561646572004572726F723AA9
:104E900020756E61626C6520746F20616C6C6F634D
:104EA000617465206E657469662068656164657209
:104EB000004572726F723A20756E61626C65207483
:104EC0006F206C6F63617465205544502074687264
:104ED00065616400537563636573733A2073656E2F
:104EE00074202575206279746528732920746F20D9
:104EF0005B25735D3A25750A0075736275730073DF
:104F000063686564756C657228293A2073746163FF
:104F10006B206F766572666C6F772064657465636D
:104F20007465642C207069643D2568690A005354D7
:104F300041434B204F564552464C4F570073746FB8
:104F400070706564007A6F6D62696500736C656589
:104F500070696E6700626C206D7574657800626CB4
:104F600020727800626C2073656E6400626C20723F
:104F700065706C7900626C20616E79666C00626CA1
:104F800020616C6C666C00626C206D626F780062F0
:104F90006C20636F6E640070656E64696E670046B6
:104FA00041494C454420415353455254494F4E2E9C
:104FB0000030782578203D3E20006D61696E2829FB
:104FC0003A20546869732069732052494F54212054
:104FD0002856657273696F6E3A20323032352E3042
:104FE000372D646576656C2D3339312D6731363850
:104FF00037392D4845414429006D61696E002A2AE0
:105000002A2052494F54206B65726E656C20706186
:105010006E69633A0A25730A0A002A2A2A206861FF
:105020006C7465642E0A00496E7369646520697347
:10503000722025640A004E4D492048414E444C459B
:1050400052004D454D204D414E4147452048414E6F
:10505000444C455200425553204641554C5420483B
:10506000414E444C45520055534147452046415519
:105070004C542048414E444C45520044454255470B
:10508000204D4F4E2048414E444C45520044554D12
:105090004D592048414E444C4552000A4953522034
:1050A000737461636B206F766572666C6F7765648D
:1050B00000537461636B20706F696E746572206356
:1050C0006F727275707465642C20726573657420DC
:1050D000746F20746F70206F6620737461636B004F
:1050E000616374697665207468726561643A20252D
:1050F00068690A000A436F6E746578742062656699
:105100006F726520686172646661756C743A002024
:10511000202072303A2030782530386C780A2020F0
:105120002072313A2030782530386C780A202020DF
:1051300072323A2030782530386C780A202020727C
:10514000333A2030782530386C780A0020207231CC
:10515000323A2030782530386C780A2020206C7262
:105160003A2030782530386C780A20202070633A55
:105170002030782530386C780A20207073723A20FD
:1051800030782530386C780A0A004653522F464151
:10519000523A0020434653523A2030782530386C3A
:1051A000780A0020484653523A2030782530386C2F
:1051B000780A0020444653523A2030782530386C23
:1051C000780A0020414653523A2030782530386C16
:1051D000780A0020424641523A2030782530386C17
:1051E000780A004D4D4641523A2030782530386CCF
:1051F000780A004D697363004558435F5245543A3D
:105200002030782530386C780A00416374697665FF
:10521000207468726561643A2025686920222573CC
:10522000220A0048617264206661756C74206F63A5
:1052300063757272656420696E20495352206E75E1
:105240006D6265722025640A00417474656D707426
:10525000696E6720746F207265636F6E7374727508
:10526000637420737461746520666F722064656274
:10527000756767696E672E2E2E00496E204744427F
:105280003A0A2020736574202470633D3078256CC1
:10529000780A20206672616D6520300A20206274D1
:1052A0000A000A49535220737461636B206F76655C
:1052B00072666C6F776564206279206174206C651A
:1052C0006173742025642062797465732E0A004826
:1052D000415244204641554C542048414E444C458F
:1052E00052006572726F723A207061636B65742050
:1052F0006275666665722066756C6C0069707636DC
:1053000000534C414143206E6F7420616374697691
:10531000617465643B2077696C6C206E6F742061EA
:1053200075746F2D636F6E6669677572652049507D
:105330007636206164647265737320666F722069CB
:105340006E746572666163652025752E0A202020C3
:105350002055736520434F4E4649475F474E5243A1
:105360005F495056365F4E49425F534C4141433D81
:105370003120746F2061637469766174652E0A0050
:1053800025732076256C75206578706972657320A9
:10539000256C756D696E0A002A0064656661756C1E
:1053A000742573200025732F2575200076696120F0
:1053B00025732000646576202325750A00646576D0
:1053C0002023257520006C6C616464722025732095
:1053D00000726F757465720047430054454E544126
:1053E0005449564500524547495354455245440097
:1053F0004D414E55414C00554E5245414348414266
:105400004C4500494E434F4D504C45544500535474
:10541000414C450044454C41590050524F424500D3
:10542000206578706972657320256C7520736563DB
:1054300000206465707265636174657320256C7506
:105440002073656300676E72635F6E657469663AA8
:105450002063616E277420717565756520706163C6
:105460006B657420666F722073656E64696E672C5D
:105470002064726F7020697400676E72635F6E657E
:105480007469663A2063616E27742071756575656D
:10549000207061636B657420666F722073656E6443
:1054A000696E672C207472792073656E64696E670B
:1054B00000676E72635F6E657469663A20696E6933
:1054C00074202575206661696C65643A2025640A3C
:1054D0000069665F7069643A202575202000727348
:1054E00073693A2025642020006C71693A20257583
:1054F0000A00666C6167733A200042524F41444390
:1055000041535420004D554C5449434153542000BD
:10551000307830007372635F6C32616464723A2079
:1055200025730A007372635F6C32616464723A209F
:10553000286E696C29006473745F6C3261646472F4
:105540003A2025730A006473745F6C32616464727C
:105550003A20286E696C29006E7266383032313517
:1055600034000A2121212120676E72635F6E657409
:105570007265673A20696E697469616C697A652041
:105580006D657373616765207175657565206F66FC
:1055900020746872656164202575207573696E6773
:1055A000206D73675F696E69745F717565756528D5
:1055B0002920212121210A0A007E7E20534E4950B4
:1055C00020253269202D2073697A653A20253375AC
:1055D00020627974652C20747970653A20004E45FC
:1055E00054545950455F4E45544946202825692951
:1055F0000A004E4554545950455F554E4445462087
:10560000282569290A004E4554545950455F53498D
:10561000584C4F5750414E20282569290A004E45C5
:1056200054545950455F4950563620282569290A57
:10563000004E4554545950455F49434D505636200D
:10564000282569290A004E4554545950455F554450
:105650005020282569290A004E4554545950455F69
:10566000554E4B4E4F574E20282569290A007E7E05
:1056700020504B54202020202D2025326920736E8D
:105680006970732C20746F74616C2073697A653A49
:105690002025336920627974650A00504B544455C3
:1056A0004D503A2064617461207265636569766566
:1056B000643A00504B5444554D503A206461746133
:1056C00020746F2073656E643A00504B5444554DFE
:1056D000503A20726563656976656420736F6D6505
:1056E0007468696E6720756E65787065637465644B
:1056F00000706B7464756D700052504C00556E6193
:10570000626C6520746F206175746F2D696E6974A9
:1057100069616C697A652052504C2E204E6F206969
:105720006E746572666163657320666F756E642E54
:1057300000366C6F00FF7F3F1F0F07030100756489
:105740007000202020747970653A20253368752018
:1057500020636F64653A20253368750A0020202095
:10576000636B73756D3A20307825303468780A00A1
:105770003031323334353637383941424344454687
:10578000003031323334353637383961626364651D
:105790006600696C6C6567616C2076657273696F11
:1057A0006E206669656C643A20256868750A007425
:1057B00072616666696320636C6173733A20307846
:1057C00025303278202845434E3A20307825782CF1
:1057D00020445343503A20307825303278290A004B
:1057E000666C6F77206C6162656C3A20307825308A
:1057F000356C780A006C656E6774683A20256875A8
:1058000020206E657874206865616465723A202591
:10581000752020686F70206C696D69743A20257559
:105820000A00736F757263652061646472657373D7
:105830003A2025730A0064657374696E6174696F38
:105840006E20616464726573733A2025730A006C7C
:10585000327574696C3A2063616E277420636F6ED1
:105860007665727420686172647761726520616424
:10587000647265737320746F204555492D3634204A
:10588000666F72206465766963652074797065203F
:1058900025640A006C327574696C3A2063616E2766
:1058A0007420636F6E766572742049494420746F6A
:1058B00020686172647761726520616464726573E7
:1058C0007320666F722064657669636520747970F1
:1058D000652025640A006C327574696C3A20636136
:1058E0006E27742067657420616464726573732029
:1058F0006C656E6774682066726F6D204E44502030
:105900006C696E6B2D6C617965722061646472657F
:105910007373206F7074696F6E20666F7220646598
:105920007669636520747970652025640A005100EA
:105930005F006E616D650009706964207C20252D13
:105940003231737C20252D397351207C207072698F
:10595000207C20737461636B20202820757365643C
:10596000292028206672656529207C206261736584
:10597000206164647220207C2063757272656E748D
:1059800020202020200A000920202D207C2069735F
:10599000725F737461636B20202020202020202000
:1059A0002020207C202D20202020202020202D2081
:1059B0007C2020202D207C20253669202825356953
:1059C00029202825356929207C2025313070207C2C
:1059D00020253130700A000925336869207C202594
:1059E0002D323073207C20252D387320252E3173E5
:1059F000207C20253369207C2025367520282535FC
:105A00006929202825356929207C202531307020FE
:105A10007C2025313070200A007C0053554D000950
:105A200025357320252D3231737C2531337325368E
:105A300073202536692028253569292028253569D0
:105A4000290A002028445550212900257520627913
:105A50007465732066726F6D202573252525753A50
:105A60002069636D705F7365713D25752074746C7A
:105A70003D25750025752062797465732066726F07
:105A80006D2025733A2069636D705F7365713D25E4
:105A9000752074746C3D257500207472756E636199
:105AA0007465642062792025642062797465002021
:105AB000636F72727570746564206174206F6666BE
:105AC0007365742025750020727373693D256864C1
:105AD0002064426D002074696D653D256C752E252E
:105AE00030336C75206D73006572726F723A2025C9
:105AF000640A0063616E2774207265736F6C76654B
:105B00002025730A0070696E672073697A652073B7
:105B1000686F756C6420626520696E2072616E67C3
:105B20006520302D36353532372E002573205B2D1C
:105B300063203C636F756E743E5D205B2D685D2055
:105B40005B2D69203C6D7320696E74657276616CA3
:105B50003E5D205B2D73203C7061636B65747369DF
:105B60007A653E5D0A0020202020205B2D7420688D
:105B70006F706C696D69745D205B2D57203C6D738F
:105B80002074696D656F75743E5D203C686F737439
:105B90003E5B25253C696E746572666163653E5D9A
:105BA0000A002020202020636F756E743A206E75E5
:105BB0006D626572206F662070696E67732028645D
:105BC000656661756C743A203329002020202020FE
:105BD0006D7320696E74657276616C3A20776169C5
:105BE0007420696E74657276616C206D696C6C6985
:105BF0007365636F6E6473206265747765656E208C
:105C000073656E64696E67202864656661756C747F
:105C10003A203130303029220020202020207061AD
:105C2000636B657473697A653A206E756D6265722F
:105C3000206F6620627974657320696E20656368E1
:105C40006F207061796C6F61643B206D7573742097
:105C50006265203E3D203420746F206D6561737550
:105C6000726520726F756E64207472697020746939
:105C70006D65202864656661756C743A203429006E
:105C80002020202020686F706C696D69743A205361
:105C90006574207468652049502074696D652074AE
:105CA0006F206C6966652F686F706C696D69742010
:105CB0002864656661756C743A20696E74657266F5
:105CC00061636520636F6E6669672900202020206C
:105CD000206D732074696D656F75743A2054696D19
:105CE0006520746F207761697420666F722061206F
:105CF000726573706F6E736520696E206D696C6C70
:105D0000697365636F6E6473202864656661756C82
:105D1000743A2031303030292E20546865206F705D
:105D200074696F6E2061666665637473206F6E6C54
:105D3000792074696D656F757420696E2061627376
:105D4000656E6365206F6620616E79207265737081
:105D50006F6E7365732C206F7468657277697365F5
:105D6000207761697420666F722074776F205254B7
:105D70005473000A2D2D2D2025732050494E4720A5
:105D800073746174697374696373202D2D2D0A25F2
:105D90006C75207061636B657473207472616E73CF
:105DA0006D69747465642C20256C75207061636B5B
:105DB0006574732072656365697665642C200025BF
:105DC0006C75206475706C6963617465732C200058
:105DD000256C752525207061636B6574206C6F736D
:105DE000730A00726F756E642D74726970206D692C
:105DF0006E2F6176672F6D6178203D2025752E25E9
:105E00003033752F25752E253033752F25752E25AA
:105E1000303375206D730A0075736167653A20250C
:105E200073202573205B73686F777C6164647C6486
:105E3000656C7C68656C705D0A0020202020202045
:105E400020257320257320616464203C69666163AA
:105E5000653E203C6970763620616464723E205B4A
:105E60003C6C3220616464723E5D0A002020202078
:105E700020202025732025732064656C203C6966F2
:105E80006163653E203C6970763620616464723ED1
:105E90000A00202020202020202573202573207335
:105EA000686F77205B69666163655D0A002020206A
:105EB00020202020257320257320616464203C6904
:105EC000666163653E203C7072656669783E5B2F53
:105ED0003C7072656669785F6C656E3E5D205B3C08
:105EE00076616C696420696E207365633E5D205B3A
:105EF0003C7072656620696E207365633E5D0A00C2
:105F00002020202020202025732025732064656C0C
:105F1000203C69666163653E203C70726566697805
:105F20003E5B2F3C7072656669785F6C656E3E5DA6
:105F30000A002020202020202025732025732061A6
:105F40006464203C69666163653E203C70726566EE
:105F500069783E5B2F3C7072656669785F6C656E30
:105F60003E5D203C6E6578745F686F703E205B3CE0
:105F70006C74696D6520696E207365633E5D0A000F
:105F800075736167653A202573202573205B7368FC
:105F90006F777C68656C705D0A00202020202020CF
:105FA0002025732025732073686F770A007573614D
:105FB00067653A202573207B6E656967687C70721F
:105FC000656669787C726F7574657C6162727C68E5
:105FD000656C707D202E2E2E0A006E656967680044
:105FE00073686F770061646400496E7465726661FE
:105FF000636520257520646F6573206E6F7420655E
:10600000786973740A00556E61626C6520746F2044
:106010006164642025732525257520746F206E65C5
:10602000696768626F722063616368650A0064650E
:106030006C0070726566697800726F7574650064D3
:10604000656661756C740061627200757361676585
:106050003A202573203C69665F69643E207365744D
:10606000203C6B65793E203C76616C75653E0A008C
:1060700020202020202053657473206120686172E5
:106080006477617265207370656369666963207601
:10609000616C75650A2020202020203C6B65793ECC
:1060A000206D6179206265206F6E65206F662074B7
:1060B000686520666F6C6C6F77696E670A202020B8
:1060C000202020202A20226164647222202D207347
:1060D000657473202873686F727429206164647218
:1060E0006573730A202020202020202A202261644A
:1060F00064725F6C6F6E6722202D2073657473204D
:106100006C6F6E6720616464726573730A2020206F
:10611000202020202A2022616464725F73686F72DD
:106120007422202D20616C69617320666F722022B9
:1061300061646472220A202020202020202A20224C
:106140006363615F7468726573686F6C6422202D8D
:1061500020736574204544207468726573686F6CA1
:106160006420647572696E672043434120696E2024
:1061700064426D0A202020202020202A20226672DE
:10618000657122202D207365747320746865202248
:106190006368616E6E656C222063656E7465722043
:1061A0006672657175656E63790A20202020202053
:1061B000202A20226368616E6E656C22202D207378
:1061C00065747320746865206672657175656E63A9
:1061D00079206368616E6E656C0A20202020202083
:1061E000202A20226368616E22202D20616C696163
:1061F0007320666F7220226368616E6E656C220A7E
:10620000202020202020202A2022636865636B73D1
:10621000756D22202D2073657420636865636B7330
:10622000756D6D696E67206F6E2D6F66660A202032
:1062300020202020202A202263736D615F72657404
:106240007269657322202D20736574206D61782E2C
:10625000206E756D626572206F66206368616E6E78
:10626000656C2061636365737320617474656D7020
:1062700074730A202020202020202A2022656E63AB
:106280007279707422202D207365742074686520E3
:10629000656E6372797074696F6E206F6E2D6F66B4
:1062A000660A202020202020202A2022686F705F8C
:1062B0006C696D697422202D2073657420686F707D
:1062C000206C696D69740A202020202020202A205B
:1062D00022686C22202D20616C69617320666F72C8
:1062E0002022686F705F6C696D6974220A2020201B
:1062F000202020202A20226B657922202D20736502
:10630000742074686520656E6372797074696F6E4D
:10631000206B657920696E206865786164656369C2
:106320006D616C20666F726D61740A2020202020E0
:1063300020202A20226D747522202D204950763687
:10634000206D6178696D756D207472616E736D6911
:106350007373696F6E20756E69740A202020202087
:1063600020202A20226E696422202D2073657473F8
:1063700020746865206E6574776F726B2069646540
:106380006E74696669657220286F72207468652072
:1063900050414E204944290A202020202020202A34
:1063A00020227061676522202D2073657420746837
:1063B00065206368616E6E656C207061676520287A
:1063C00049454545203830322E31352E34290A20B2
:1063D0002020202020202A202270616E22202D20C3
:1063E000616C69617320666F7220226E6964220A93
:1063F000202020202020202A202270616E5F6964E6
:1064000022202D20616C69617320666F7220226EDC
:106410006964220A202020202020202A202270685F
:10642000795F6275737922202D20736574206275FF
:106430007379206D6F6465206F6E2D6F66660A201C
:106440002020202020202A2022706F7765722220B1
:106450002D20545820706F77657220696E20644239
:106460006D0A202020202020202A202272657472AC
:10647000616E7322202D206D61782E206E756D6205
:106480006572206F662072657472616E736D6973D8
:1064900073696F6E730A202020202020202A20227A
:1064A0007372635F6C656E22202D20736574732098
:1064B00074686520736F75726365206164647265CA
:1064C0007373206C656E67746820696E20627974DE
:1064D000650A202020202020202A20227374617445
:1064E0006522202D207365742074686520646576AC
:1064F000696365207374617465002873686F7274D2
:10650000292061646472657373006C6F6E6720612B
:1065100064647265737300736F7572636520616480
:106520006472657373206C656E677468006368617C
:106530006E6E656C006672657175656E6379205B61
:10654000696E20487A5D007061676500686F702031
:106550006C696D6974004D5455006E6574776F7287
:106560006B206964656E74696669657200545820B1
:10657000706F776572205B696E2064426D5D006D9F
:1065800061782E2072657472616E736D69737369C0
:106590006F6E730043534D41207265747269657369
:1065A00000434341207468726573686F6C64205BBC
:1065B000696E2064426D5D00656E63727970746906
:1065C0006F6E0075736167653A202573203C6966BC
:1065D0005F69643E205B2D5D7B007D006572726F9C
:1065E000723A20756E61626C6520746F2070617202
:1065F000736520616464726573732E0A4D757374DC
:10660000206265206F6620666F726D6174205B305A
:106610002D39612D66412D465D7B327D283A5B30F8
:106620002D39612D66412D465D7B327D292A0A2850
:106630006865782070616972732064656C696D6942
:1066400074656420627920636F6C6F6E73290065D6
:1066500072726F723A20756E61626C6520746F2081
:106660007365742000737563636573733A20736593
:10667000742000646F776E006572726F723A2075D5
:106680006E61626C6520746F20736574206C696E36
:106690006B2025730A006572726F723A20756E6105
:1066A000626C6520746F2070617273652076616C16
:1066B00075652E0A4D757374206265206120313630
:1066C0002D62697420756E7369676E656420696EEA
:1066D00074656765722028646563206F7220686541
:1066E00078290020746F200030782530346C780AC7
:1066F000000A202020202020202020200020746F4D
:106700002025690A0075736167653A2025730A00C0
:1067100075736167653A2025732068656C700A009F
:1067200075736167653A202573203C69665F69640B
:106730003E205B75707C646F776E5D0A00757361D7
:1067400067653A202573203C69665F69643E206175
:106750006464205B616E79636173747C6D756C74C5
:1067600069636173747C756E69636173745D203CE9
:10677000697076365F616464723E5B2F7072656625
:1067800069785F6C656E5D0A0075736167653A20B4
:106790002573203C69665F69643E2064656C203C1B
:1067A000697076365F616464723E0A007573616772
:1067B000653A202573203C69665F69643E207374E6
:1067C000617473205B6C327C697076365D205B721D
:1067D000657365745D0A00202020202020207265EA
:1067E0007365742063616E206265206F6E6C792022
:1067F0007573656420696620746865206D6F6475C3
:106800006C65206973207370656369666965642EC1
:10681000004C61796572203200495076360066611D
:10682000696C656400737563636565646564002005
:106830002020202020202020202050726F746F63A1
:106840006F6C206F722064657669636520646F6584
:10685000736E27742070726F76696465207374613B
:10686000746973746963732E005265736574207361
:1068700074617469737469637320666F72206D6FDD
:1068800064756C652025733A202573210A00202049
:1068900020202020202020205374617469737469A3
:1068A000637320666F722025730A20202020202029
:1068B0002020202020205258207061636B65747363
:1068C000202575202062797465732025750A2020A3
:1068D0002020202020202020202054582070616378
:1068E0006B65747320257520284D756C7469636120
:1068F00073743A20257529202062797465732025E8
:10690000750A2020202020202020202020205458DC
:106910002073756363656564656420257520657201
:10692000726F72732025750A00776972656400774B
:106930006972656C65737300496661636520200048
:10694000204857616464723A202573200020436810
:10695000616E6E656C3A2025687520002046726570
:106960007175656E63793A20256C75487A20002030
:10697000506167653A202568752000204E49443AE9
:10698000203078256878200020525353493A20253A
:10699000642000205048593A2025732000204C697B
:1069A0006E6B3A20257320004C6F6E67204857614C
:1069B0006464723A20002054582D506F7765723A03
:1069C0002025686964426D20002053746174653A23
:1069D0002025732000206D61782E2052657472612D
:1069E0006E732E3A20257520002043534D412052CE
:1069F0006574726965733A202575200050524F4DB9
:106A00004953432020004155544F41434B2020001F
:106A100041434B5F5245512020005052454C4F415D
:106A2000442020005241574D4F44452020004D4105
:106A3000435F4E4F5F534C45455020200043534D1C
:106A4000412020004155544F4343412020004951EB
:106A50005F494E5645525420200052585F53494ECC
:106A6000474C452020004348414E5F484F5020206E
:106A7000004F5441412020004C322D5044553A25BE
:106A800068752020004D54553A256875202000482F
:106A90004C3A257520200052545220200052545266
:106AA0005F414456202000364C4F2020004950487A
:106AB00043202000536F75726365206164647265C2
:106AC0007373206C656E6774683A20256875004C96
:106AD000696E6B20747970653A20257300696E6564
:106AE000743620616464723A200025732020736339
:106AF0006F70653A20006C696E6B00736974650095
:106B0000676C6F62616C00756E6B6E6F776E0020E4
:106B10005B616E79636173745D002020544E545B39
:106B200025755D00202044505200202056414C0025
:106B30002020554E4B00696E6574362067726F7564
:106B4000703A20257300756E002D2D68656C7000FD
:106B50006572726F723A20696E76616C6964206941
:106B60006E7465726661636520676976656E006143
:106B700064647200616464725F73686F7274006150
:106B80006464725F6C6F6E67006363615F746872E8
:106B90006573686F6C64006672657175656E6379A4
:106BA0000066726571006572726F723A20756E616F
:106BB000626C6520746F2070617273652076616C01
:106BC00075652E0A4D75737420626520612033321D
:106BD0002D62697420756E7369676E656420696ED5
:106BE00074656765722028646563206F722068652C
:106BF0007829006368616E0063736D615F7265740C
:106C00007269657300686C00686F705F6C696D69AC
:106C100074000A4E6F746963653A20736574746911
:106C20006E6720353620626974206B65792E000A04
:106C30004E6F746963653A2073657474696E67207A
:106C4000363420626974206B65792E000A4E6F74A9
:106C50006963653A2073657474696E6720313238F0
:106C600020626974206B65792E000A4E6F74696327
:106C7000653A2073657474696E6720313932206219
:106C80006974206B65792E000A4E6F746963653AEA
:106C90002073657474696E672032353620626974BA
:106CA000206B65792E000A4E6F746963653A207314
:106CB000657474696E672035313220626974206BA7
:106CC00065792E006572726F723A20696E76616C1A
:106CD0006964206B65792073697A652E006572722C
:106CE0006F723A20756E61626C6520746F207061FE
:106CF000727365206B6579006572726F723A2075E8
:106D00006E61626C6520746F2073657420656E63BC
:106D100072797074696F6E206B6579007375636347
:106D20006573733A2073657420656E63727970744D
:106D3000696F6E206B6579206F6E20696E74657265
:106D400066616365200025303278006D7475006ED1
:106D500069640070616E0070616E5F696400706FDD
:106D60007765720072657472616E73007372635F2F
:106D70006C656E006F6666004F464600534C454595
:106D8000500069646C650049444C450052580074D9
:106D90007800545800726573657400524553455429
:106DA000007374616E646279005354414E444259D9
:106DB0000075736167653A206966636F6E6669671F
:106DC000203C69665F69643E20736574207374615A
:106DD0007465205B6F66667C736C6565707C696446
:106DE0006C657C72787C74787C72657365747C7376
:106DF00074616E6462795D006572726F723A2075BB
:106E00006E61626C6520746F2073657420737461A9
:106E1000746520746F2025730A007375636365734E
:106E2000733A20736574207374617465206F6620F3
:106E3000696E746572666163652000616E79636175
:106E4000737400756E6963617374006572726F723A
:106E50003A20756E61626C6520746F207061727388
:106E600065204950763620616464726573732E0024
:106E70006572726F723A20756E61626C6520746F14
:106E8000206A6F696E2049507636206D756C746982
:106E9000636173742067726F7570006572726F72D0
:106EA0003A20756E61626C6520746F2061646420A5
:106EB000495076362061646472657373007375633C
:106EC000636573733A2061646465642025732F25BC
:106ED0006420746F20696E7465726661636520005A
:106EE0006572726F723A20756E61626C6520746FA4
:106EF000206C656176652049507636206D756C741E
:106F000069636173742067726F7570006572726F68
:106F1000723A20756E61626C6520746F2072656DC7
:106F20006F766520495076362061646472657373AC
:106F300000737563636573733A2072656D6F766570
:106F40006420257320746F20696E746572666163B6
:106F5000652000737461747300616C6C006C3200A6
:106F60004D6F64756C6520257320646F65736E27A3
:106F700074206578697374206F7220646F65732064
:106F80006E6F742070726F766964652073746174BB
:106F90006973746963732E0A006572726F723A20A6
:106FA000756E61626C6520746F20736574206F70FC
:106FB00074696F6E00737563636573733A2025732C
:106FC000736574206F7074696F6E0A004449534191
:106FD000424C4544004250534B0041534B004D52EC
:106FE0002D4F2D5150534B004D522D4F46444D00C7
:106FF0004D522D46534B0061636B5F7265710067A4
:1070000074730070616E5F636F6F7264006175749A
:107010006F61636B006175746F6363610063736DAF
:107020006100656E6372797074006D61635F6E6F8D
:107030005F736C65657000667764006970686300F3
:107040007072656C6F61640070726F6D697363005C
:107050007068795F6275737900726177007274721B
:107060005F6164760069715F696E76657274007243
:10707000785F73696E676C65006368616E5F686FE7
:107080007000636865636B73756D006F7461610098
:107090006C696E6B5F636865636B002537732023D3
:1070A0007061636B6574733A202531306C75202FE5
:1070B00020252D31306C7520202531306C75202F26
:1070C00020252D31306C750A0025377320202023B0
:1070D00062797465733A202531306C75202F202534
:1070E0002D31306C7520202531306C75202F2025F6
:1070F0002D31306C750A00756E6B6E6F776E20697E
:107100006E74657266616365207370656369666934
:107110006564007375636365737366756C6C792061
:10712000696E697469616C697A65642052504C209B
:107130006F6E20696E746572666163652025640AEE
:10714000006572726F723A203C646F6461675F69B8
:10715000643E206D75737420626520612076616CD9
:1071600069642049507636206164647265737300E7
:107170006572726F723A20636F756C64206E6F7403
:107180002061646420444F4441472028257329200E
:10719000746F20696E7374616E636520282564299D
:1071A0000A007375636365737366756C6C7920612F
:1071B000646465642061206E65772052504C2044E1
:1071C0004F444147006572726F723A20636F756C6D
:1071D00064206E6F742066696E642074686520692F
:1071E0006E7374616E636520282564290A006572D8
:1071F000726F723A20636F756C64206E6F742072C8
:10720000656D6F766520696E7374616E63652028A5
:107210002564290A00737563636573733A20726588
:107220006D6F76656420696E7374616E6365202886
:107230002564290A006572726F723A20636F756C5B
:1072400064206E6F742066696E6420746865203CEB
:10725000696E7374616E63655F69643E0073756324
:10726000636573733A207265736574207472696321
:107270006B6C652074696D6572206F6620444F44A5
:10728000414720282573292066726F6D20696E732F
:1072900074616E636520282564290A007375636331
:1072A0006573733A2073746F7070656420747269CB
:1072B000636B6C652074696D6572206F6620444F46
:1072C00044414720282573292066726F6D20696E1E
:1072D0007374616E636520282564290A00737563E1
:1072E000636573733A207374617274656420747299
:1072F00069636B6C652074696D6572206F662044EC
:107300004F44414720282573292066726F6D2069FC
:107310006E7374616E636520282564290A00737595
:1073200063636573733A2073656E6420612044491A
:1073300053207769746820534F4C206F7074696FC5
:107340006E0A00737563636573733A2073656E64C8
:107350002061204449530A0053746174697374694D
:1073600063732020202020202020287563617374FF
:1073700029205258202F205458202020202020201F
:1073800020202020202020202020205258202F2084
:10739000545820286D63617374290044494F004498
:1073A000414F0044414F2D41434B004C6561660005
:1073B000526F757465720052504C206E6F74206964
:1073C0006E697469616C697A69656400696E737469
:1073D000616E6365207461626C653A09005B205DD3
:1073E000005B585D00706172656E74207461626C40
:1073F000653A0900696E7374616E6365205B25648C
:10740000207C2049666163653A20256869207C20DC
:107410006D6F703A202564207C206F63703A2025C0
:1074200064207C206D6872693A202564207C206D80
:1074300072692025645D0A0009646F646167205BDE
:107440002573207C20523A202564207C204F503A1E
:10745000202573207C2050494F3A202573207C2022
:10746000545228493D5B25642C25645D2C206B3DDE
:1074700025642C20633D2564295D0A00090970619B
:1074800072656E74205B616464723A202573207C9F
:107490002072616E6B3A2025645D0A006C6561663E
:1074A00000737563636573733A206F7065726174FE
:1074B0006520696E20696E7374616E63652028258E
:1074C00064292061732025730A0064650073756365
:1074D000636573733A2025736163746976617465BB
:1074E000642050494F207472616E736D69737369C3
:1074F0006F6E730A00696E697400726F6F74007248
:107500006D00747269636B6C650073746F700073E7
:1075100074617274006469730070696F002A206876
:10752000656C7009090909092D2073686F7720754A
:1075300073616765002A20696E6974203C69665F23
:1075400069643E090909092D20696E697469616CD5
:10755000697A652052504C206F6E207468652067F0
:107560006976656E20696E74657266616365002A6E
:10757000206C656166203C696E7374616E63655F43
:1075800069643E0909092D206F7065726174652078
:107590006173206C65616620696E2074686520697E
:1075A0006E7374616E6365002A20747269636B6C1C
:1075B00065207265736574203C696E7374616E63D7
:1075C000655F69643E09092D2072657365742074D6
:1075D000686520747269636B6C652074696D65728F
:1075E000002A20747269636B6C6520737461727415
:1075F000203C696E7374616E63655F69643E09095E
:107600002D207374617274207468652074726963CC
:107610006B6C652074696D6572002A2074726963F1
:107620006B6C652073746F70203C696E7374616E4F
:1076300063655F69643E09092D2073746F7020745F
:10764000686520747269636B6C652074696D65721E
:10765000002A20726D203C696E7374616E63655FF1
:1076600069643E0909092D2064656C6574652074A0
:10767000686520676976656E20696E7374616E63F4
:107680006520616E642072656C6174656420646F4E
:10769000646167002A20726F6F74203C696E737496
:1076A0005F69643E203C646F6461675F69643E09A2
:1076B000092D20616464206120646F646167207417
:1076C0006F2061206E6577206F7220657869737412
:1076D000696E6720696E7374616E6365002A20723B
:1076E0006F75746572203C696E7374616E63655F5B
:1076F00069643E0909092D206F7065726174652007
:10770000617320726F7574657220696E207468658C
:1077100020696E7374616E6365002A2073656E6400
:1077200020646973090909092D2073656E6420615D
:10773000206D756C74696361737420444953002A29
:107740002073656E6420646973203C5649445F660B
:107750006C6167733E203C76657273696F6E3E2084
:107760003C696E7374616E63655F69643E203C645E
:107770006F6461675F69643E202D2073656E6420CD
:1077800061206D756C746963617374204449532082
:107790007769746820534F4C206F7074696F6E0066
:1077A0002A207365742070696F203C6F6E2F6F669E
:1077B000663E203C696E7374616E63655F69643E0A
:1077C000092D202864652D296163746976617465CB
:1077D0002050494F207472616E736D697373696FC5
:1077E0006E7320696E2044494F73002A2073686FBE
:1077F0007709090909092D2073686F7720696E736D
:1078000074616E636520616E6420646F64616720DB
:107810007461626C65730075736167653A202573E6
:10782000205B7B616464203C302D31353E203C7010
:1078300072656669783E2F3C7072656669785F6C28
:10784000656E3E203C6C74696D6520696E206D69C3
:107850006E3E7C64656C203C6374783E7D5D0A00FE
:10786000202020202020206064656C602077696CD7
:107870006C206F6E6C7920696E76616C69646174DE
:10788000652074686520636F6E7465787420666F18
:107890007220636F6D7072657373696F6E2E20490D
:1078A000742063616E20626500202020202020204B
:1078B000726561737369676E656420616674657271
:1078C0002035206D696E2E006369647C7072656678
:1078D0006978202020202020202020202020202007
:1078E0002020202020202020202020202020202098
:1078F000202020202020207C437C6C74696D650052
:107900002D2D2D2D2D2D2D2D2D2D2D2D2D2D2D2DA7
:107910002D2D2D2D2D2D2D2D2D2D2D2D2D2D2D2D97
:107920002D2D2D2D2D2D2D2D2D2D2D2D2D2D2D2D87
:107930002D2D2D2D2D2D2D2D2D2D2D00202532756C
:107940007C253339732F252D33757C25787C25359F
:10795000756D696E0A005741524E494E473A206391
:107960006F6E746578742064697373656D696E6198
:1079700074696F6E206279206E6F6E2D364C4252A4
:10798000206E6F7420737570706F72746564002F51
:10799000004552524F523A207072656669785F6CAA
:1079A000656E203C2031207C7C2070726566697891
:1079B0005F6C656E203E20313238004552524F5286
:1079C0003A20707265666978206D6179206E6F74F7
:1079D000206265203A3A004552524F523A20636184
:1079E0006E206E6F742061646420636F6E746578BE
:1079F0007400436F6E7465787420257520616C7215
:107A000065616479206D61726B656420666F7220B8
:107A100072656D6F76616C0A0075736167653A20F7
:107A20002573205B73656E647C7365727665725D29
:107A30000A0075736167653A2025732073656E646B
:107A4000203C616464723E203C706F72743E203C46
:107A5000646174613E205B3C6E756D3E205B3C64EE
:107A6000656C617920696E2075733E5D5D0A004525
:107A700072726F723A20756E61626C6520746F204D
:107A800070617273652064657374696E6174696F87
:107A90006E20706F72740075736167653A2025738C
:107AA00020736572766572205B73746172747C7387
:107AB000746F705D0A0075736167652025732073AC
:107AC0006572766572207374617274203C706F7297
:107AD000743E0A004572726F723A20736572766561
:107AE0007220616C72656164792072756E6E696E68
:107AF00067206F6E20706F727420256C750A0045C8
:107B000072726F723A20696E76616C696420706F70
:107B10007274207370656369666965640053756388
:107B2000636573733A20737461727465642055449D
:107B30005020736572766572206F6E20706F72745C
:107B4000202568750A004572726F723A207365725B
:107B500076657220776173206E6F742072756E6E19
:107B6000696E6700537563636573733A2073746F4E
:107B7000707065642055445020736572766572009C
:107B80006572726F723A20696E76616C6964206307
:107B90006F6D6D616E640055736167653A000970C1
:107BA0006D206F66663A2063616C6C20706D5F6F4C
:107BB0006666282900323032352E30372D646576DE
:107BC000656C2D3339312D6731363837392D4845BD
:107BD000414400556E636F6D707265737365642008
:107BE00049507636207061636B6574004E6F742067
:107BF00061204C6F5750414E20284E414C50292057
:107C00006672616D6500467261676D656E74617460
:107C1000696F6E20486561646572202866697273B9
:107C2000742900646174616772616D2073697A659B
:107C30003A2025750A007461673A2030782530347F
:107C4000780A00467261676D656E746174696F6E63
:107C5000204865616465722028737562736571756B
:107C6000656E7429006F66667365743A2025750A1F
:107C7000004950484320646973706174636800541C
:107C8000463A2045434E202B2044534350202B207E
:107C9000466C6F77204C6162656C202834206279D5
:107CA000746573290054463A2045434E202B2046E4
:107CB0006C6F77204C6162656C2028332062797488
:107CC0006573290054463A2045434E202B204453E7
:107CD0004350202831206279746573290054463A54
:107CE000207472616666696320636C6173732061DE
:107CF0006E6420666C6F77206C6162656C20656CC9
:107D000069646564004E483A20696E6C696E65006E
:107D10004E483A204C4F5750414E5F4E4843004822
:107D20004C494D3A20696E6C696E6500484C494D6E
:107D30003A203100484C494D3A20363400484C49ED
:107D40004D3A2032353500537461746566756C2088
:107D5000736F757263652061646472657373206309
:107D60006F6D7072657373696F6E3A2000756E7314
:107D700070656369666965642061646472657373C4
:107D800020283A3A29003634206269747320696EDB
:107D90006C696E65003136206269747320696E6C9F
:107DA000696E6500656C696465642028757365207B
:107DB0004C3220616464726573732900537461747A
:107DC000656C65737320736F75726365206164649D
:107DD0007265737320636F6D7072657373696F6E14
:107DE0003A2000313238206269747320696E6C6900
:107DF0006E6500537461746566756C206465737498
:107E0000696E6174696F6E206D756C7469636173FE
:107E100074206164647265737320636F6D70726542
:107E20007373696F6E3A0020202020343820626915
:107E30007473206361727269656420696E6C696E27
:107E4000652028556E69636173742D50726566698B
:107E5000782D62617365642900202020207265738B
:107E600065727665640053746174656C6573732024
:107E700064657374696E6174696F6E206D756C747E
:107E80006963617374206164647265737320636FE6
:107E90006D7072657373696F6E3A00202020203117
:107EA000323820626974732063617272696564207C
:107EB000696E6C696E65002020202034382062696C
:107EC0007473206361727269656420696E6C696E97
:107ED00065002020202033322062697473206361A2
:107EE000727269656420696E6C696E65002020207D
:107EF000203820626974732063617272696564203E
:107F0000696E6C696E6500537461746566756C208A
:107F100064657374696E6174696F6E206164647204
:107F200065737320636F6D7072657373696F6E3AFA
:107F3000200053746174656C657373206465737499
:107F4000696E6174696F6E20616464726573732019
:107F5000636F6D7072657373696F6E3A200053437F
:107F6000493A20307825782C204443493A2030780B
:107F700025780A002020207372632D706F72743A86
:107F8000202535687520206473742D706F72743AE3
:107F900020253568750A002020206C656E6774689E
:107FA0003A202568752020636B73756D3A20307810
:107FB00025303468780A0055534220636F6E666935
:107FC0006700736565656473747564696F2D78699E
:107FD000616F2D6E726635323834300052494F541D
:107FE0002D6F732E6F7267005A54494D45525F557D
:107FF0005345432066726F6D20256C7520487A20AA
:10800000636C6F636B20776974686F757420667238
:10801000657175656E637920636F6E7665727369DD
:108020006F6E0A00232D302B2000686C4C006566B3
:1080300067454647005B54585F504F5745525D2097
:1080400073697A653D283136552920636F756E74E2
:108050003D283130305529003D4F0100454F01008A
:108060004C4F0100554F01005E4F0100644F01006D
:108070006C4F0100754F01007E4F0100874F0100DA
:108080008F4F01005C7B0100974F0100303132338C
:10809000343536373839414243444546293A110090
:1080A000D8530100DB530100E5530100F0530100F8
:1080B0003A790100F7530100035401000E54010006
:1080C000145401001A540100F9530100C97C000046
:1080D00001810000D581000039730000197B000088
:1080E00000000000FF02000000000000000000008F
:1080F0000000001AFFFFFF02000000000000000067
:10810000000000000002FF0200000000000000006C
:10811000000000000001FF0200000000000000005D
:108120000001FF000000FE800000000000000000D1
:10813000000000000000000000000000000000003F
:10814000000000000001000000000000000000002E
:108150000000000000000100D5D70000DFD60000BD
:1081600043D60000EDD7000027D70000E3D600007B
:1081700059D80000A1D6000073D60000FFFF000010
:10818000FF000000FFFFFF00FFFFFFFF0090004027
:108190000303090000A0004003030A0000A00140FF
:1081A00005031A0000B0014005031B00C1E60000F2
:1081B00005E2000029E50000FFE40000EFE2000016
:1081C000BBE20000C5E2000089E4000047E50000D2
:1081D0008DE40000B5E5000055E30000000001005B
:1081E000E843000089EC0000CDE800004DEB000002
:1081F0002DEB0000BDEC0000C9E80000CDEB000055
:1082000039EA000095E80000D9E80000BDE9000067
:108210000000000099E9000061E9000009E90000A0
:1082200045E9000050696E67207669612049434D39
:108230005076360070696E6700436F6E66696775C9
:108240007265206E65696768626F7220696E666F1D
:10825000726D6174696F6E2062617365006E696230
:1082600000436F6E666967757265206E6574776F1F
:10827000726B20696E74657266616365730069660E
:10828000636F6E6669670000CC6F0100D56F0100F7
:10829000DA6F0100E16F0100DE6F0100E86F01009D
:1082A000F06F0100786D01007C6D0100876D0100A9
:1082B0008C6D0100926D01009B6D0100A96D0100A4
:1082C0003157010040000000F76F01001700000067
:1082D000FF6F0100720000000370010070000000D9
:1082E0000D70010015000000157001001F00000056
:1082F0001D70010022000000227001002D0000000E
:108300002A70010026000000377001000E000000F6
:108310003B700100410000004070010013000000AC
:10832000487001001400000050700100450000007A
:10833000597001001B0000005D7001000F0000007B
:10834000657001003F0000006F7001003800000000
:1083500079700100360000008270010044000000C6
:108360008B70010065000000907001006800000043
:1083700072706C20636F6E66696775726174696F85
:108380006E20746F6F6C20282772706C2068656C8B
:10839000702720666F72206D6F726520696E666F40
:1083A000726D6174696F6E290072706C00364C6F6B
:1083B0005750414E20636F6E7465787420636F6E02
:1083C00066696775726174696F6E20746F6F6C0097
:1083D000366374780073656E642064617461206F25
:1083E0007665722055445020616E64206C69737408
:1083F000656E206F6E2055445020706F727473004C
:1084000075647000696E7465726163742077697455
:1084100068206C61796572656420504D20737562C7
:1084200073797374656D00706D005072696E74734A
:1084300020696E666F726D6174696F6E2061626F24
:1084400075742072756E6E696E67207468726561EE
:1084500064732E007073005072696E7473206375BC
:108460007272656E742052494F545F56455253499B
:108470004F4E0076657273696F6E005265626F6F62
:108480007420746F20626F6F746C6F61646572002A
:10849000626F6F746C6F61646572005265626F6FBA
:1084A0007420746865206E6F6465007265626F6F1A
:1084B000740000010101010055260100E9260100B8
:1084C000952901000000000000030201F52E0100C3
:1084D000D92F01001B00000000000000212F010027
:1084E000ED2E0100C5300100CD31010085330100C2
:1084F000473301003D330100F051002050020020BD
:108500000537010001370100FD3601007B3701000E
:10851000753701006D370100002020202020202029
:108520002020282828282820202020202020202023
:108530002020202020202020208810101010101033
:10854000101010101010101010040404040404047F
:108550000404041010101010101041414141414119
:1085600001010101010101010101010101010101FB
:10857000010101011010101010104242424242420B
:1085800002020202020202020202020202020202CB
:108590000202020210101010200000000000000073
:1085A00000000000000000000000000000000000CB
:1085B00000000000000000000000000000000000BB
:1085C00000000000000000000000000000000000AB
:1085D000000000000000000000000000000000009B
:1085E000000000000000000000000000000000008B
:1085F000000000000000000000000000000000007B
:10860000000000000000000000000000000000006A
:10861000000000000000000000000000993601008A
:1086200039F2000049880000DD8C000099A50000A7
:1086300045350000D5C40000395200005D1200002D
:10864000CD830000F19000003482010024820100FB
:1086500005F500005D8201003982010001F900008A
:108660007E82010061820100F9070100A9830100F7
:108670007083010065150100D0830100AD83010006
:10868000E917010000840100D58301007D19010074
:108690002784010004840100C11B010054840100EF
:1086A0002A840100FD1B010073840100578401002E
:1086B0001D1C0100908401007B840100111C01003D
:1086C000AB8401009B840100071C0100691F0100AD
:1086D000631F0100511F01000000000000000000A6
:0486E000E93201007A
:0886E40094B1FF7F01000000CA
:1086EC000000000041A500006FA5000085A500005A
:1086FC003FA500000000000000000000000000008A
:10870C000000260200000000A0530020060000001C
:10871C00000000000000FFFF00000000E04F002000
:10872C00400000000000000000000000FFFFFFFF01
:10873C00000000000000000000000000000000002D
:10874C00000000000000000000000000000000001D
:10875C00000000000A000000000000000300000000
:10876C0060520020880200200000000060520020AF
:10877C00C852002030530020000000000000000010
:10878C0000000000000000000000000000000000DD
:10879C0000000000000000000000000000000000CD
:1087AC0000000000000000000000000000000000BD
:0887BC00000000002C21000068
:0400000300001FC119
:00000001FF
